# v0.4.14 baseline sweep, N=5000, per-molecule extract.
# The full run is 261 MB (20 MB individual_reports + 42 MB structures) and gitignored.
# This is the REUSABLE CORE: it re-derives the bucket table, the key_equal sub-split,
# and the runtime percentiles without the raw run. elapsed_s is the NESTED field.
molecule	status	tier_passed	bucket_honest	subclass_honest	bucket_scored	subclass_scored	elapsed_s	len_oin_in	len_oin_out_indep
ABAZIO_comp_0	success	UFF_1	byte_exact	-	byte_exact	-	2.52	85	85
ABEVEL_comp_0	success	UFF_1	byte_exact	-	byte_exact	-	2.79	81	81
ABIFEZ_comp_0	success	UFF_1	byte_exact	-	byte_exact	-	2.22	80	80
ABIQUY_comp_0	success	UFF_1	byte_exact	-	byte_exact	-	2.47	82	82
ABOPOY_comp_0	success	UFF_1	byte_exact	-	byte_exact	-	3.67	94	94
ABOWAQ_comp_0	success	UFF_1	byte_exact	-	byte_exact	-	8.80	146	146
ABOZEW_comp_0	success	UFF_1	key_equal	rdkit_canonical	byte_exact	-	3.30	106	76
ABUYAX_comp_0	success	UFF_1	byte_exact	-	byte_exact	-	2.50	77	77
ACAXIO_comp_0	success	UFF_1	byte_exact	-	byte_exact	-	5.08	108	108
ACEPUT_comp_0	success	UFF_1	byte_exact	-	byte_exact	-	1.83	76	76
ACINIM_comp_0	success	UFF_1	byte_exact	-	byte_exact	-	1.50	62	62
ACOWUM_comp_0	success	UFF_1	byte_exact	-	byte_exact	-	2.81	102	102
ACOXEX_comp_0	success	UFF_1	byte_exact	-	byte_exact	-	2.46	96	96
ACUWUT_comp_0	success	UFF_1	byte_exact	-	byte_exact	-	5.36	128	128
ACUYUU_comp_0	success	UFF_1	byte_exact	-	byte_exact	-	3.01	72	72
ADABIT_comp_0	success	UFF_1	byte_exact	-	byte_exact	-	13.80	84	84
ADACEQ_comp_0	success	UFF_1	byte_exact	-	byte_exact	-	6.53	83	83
ADANEB_comp_0	success	UFF_1	facmer_divergent	-	byte_exact	-	25.78	92	83
ADEKUS_comp_4	success	UFF_1	byte_exact	-	byte_exact	-	1.16	40	40
ADEVIQ_comp_0	success	UFF_1	byte_exact	-	byte_exact	-	3.04	84	84
ADEZOY_comp_0	success	UFF_1	structural	-	byte_exact	-	164.50	164	139
ADIRIP_comp_1	success	UFF_1	byte_exact	-	byte_exact	-	3.20	89	89
ADOWOG_comp_0	success	UFF_1	byte_exact	-	byte_exact	-	3.11	110	110
ADUMER_comp_0	success	UFF_1	byte_exact	-	byte_exact	-	4.61	137	137
ADUNEU_comp_0	success	UFF_1	byte_exact	-	byte_exact	-	2.46	63	63
ADUPAS_comp_0	success	UFF_1	byte_exact	-	byte_exact	-	3.58	102	102
AFADOC_comp_0	success	UFF_1	key_equal	slot_renumber	key_equal	slot_renumber	38.68	129	129
AFAMIF_comp_0	success	UFF_1	byte_exact	-	byte_exact	-	5.93	80	80
AFIHEC_comp_0	success	UFF_1	byte_exact	-	byte_exact	-	1.66	89	89
AFIJII_comp_0	success	UFF_1	byte_exact	-	byte_exact	-	3.01	71	71
AFIROW_comp_0	success	UFF_1	hard_fail	-	byte_exact	-	19.53	122	0
AFOJEN_comp_0	success	UFF_1	byte_exact	-	byte_exact	-	1.48	66	66
AFUZAE_comp_0	success	UFF_1	byte_exact	-	byte_exact	-	6.08	108	108
AGAVIQ_comp_0	success	UFF_1	key_equal	slot_renumber	key_equal	slot_renumber	4.11	81	81
AGELIJ_comp_0	success	UFF_1	byte_exact	-	byte_exact	-	4.00	120	120
AGELOP_comp_0	success	UFF_1	byte_exact	-	byte_exact	-	2.27	93	93
AGIKUW_comp_0	success	UFF_1	byte_exact	-	byte_exact	-	30.58	161	161
AGISER_comp_0	success	UFF_1	byte_exact	-	byte_exact	-	3.47	94	94
AGOBUU_comp_0	success	UFF_1	byte_exact	-	byte_exact	-	2.80	99	99
AGOCEF_comp_0	success	UFF_1	byte_exact	-	byte_exact	-	5.32	96	96
AGUBOT_comp_0	success	UFF_1	byte_exact	-	byte_exact	-	8.40	91	91
AGULIX_comp_0	success	UFF_1	byte_exact	-	byte_exact	-	2.13	74	74
AHAQUX_comp_0	success	UFF_1	byte_exact	-	byte_exact	-	10.47	100	100
AHAZOZ_comp_0	success	UFF_1	byte_exact	-	byte_exact	-	11.13	92	92
AHEBEV_comp_0	success	UFF_1	structural	-	byte_exact	-	25.41	106	97
AHETIS_comp_0	success	UFF_1	byte_exact	-	byte_exact	-	2.69	69	69
AHEVAM_comp_0	success	UFF_1	byte_exact	-	byte_exact	-	2.29	80	80
AHEVIU_comp_0	success	UFF_1	byte_exact	-	byte_exact	-	2.59	71	71
AHIGED_comp_0	success	UFF_1	byte_exact	-	byte_exact	-	7.79	94	94
AHOGOU_comp_0	success	UFF_1	byte_exact	-	byte_exact	-	1.81	76	76
AHUKIZ_comp_0	success	UFF_1	structural	-	byte_exact	-	88.31	107	91
AJAZIV_comp_0	success	UFF_1	byte_exact	-	byte_exact	-	2.57	83	83
AJIDIH_comp_0	success	UFF_1	byte_exact	-	byte_exact	-	1.90	94	94
AJIDUU_comp_0	success	UFF_1	byte_exact	-	byte_exact	-	8.12	134	134
AJIFAA_comp_0	success	UFF_1	byte_exact	-	byte_exact	-	3.28	52	52
AJIJUY_comp_0	success	UFF_1	byte_exact	-	byte_exact	-	18.24	119	119
AJIXUO_comp_0	success	UFF_1	byte_exact	-	byte_exact	-	2.82	90	90
AJODEI_comp_0	success	UFF_1	byte_exact	-	byte_exact	-	3.38	102	102
AJOKIV_comp_0	success	UFF_1	structural	-	byte_exact	-	43.07	136	96
AJUTUW_comp_0	success	UFF_1	byte_exact	-	byte_exact	-	6.00	109	109
AKEGUU_comp_0	success	UFF_1	byte_exact	-	byte_exact	-	2.90	118	118
AKOXII_comp_0	success	UFF_1	byte_exact	-	byte_exact	-	22.60	109	109
AKOZIK_comp_0	success	UFF_1	byte_exact	-	byte_exact	-	9.35	102	102
AKUKOG_comp_0	success	UFF_1	byte_exact	-	byte_exact	-	5.52	126	126
AKUMAV_comp_0	failed	-	hard_fail	-	hard_fail	-	324.18	131	120
AKUZIR_comp_0	success	UFF_1	byte_exact	-	byte_exact	-	3.98	124	124
ALAJON_comp_0	success	UFF_1	byte_exact	-	byte_exact	-	2.07	67	67
ALAMIL_comp_0	success	UFF_1	byte_exact	-	byte_exact	-	1.69	79	79
ALAVOY_comp_0	success	UFF_1	byte_exact	-	byte_exact	-	3.00	87	87
ALAXEQ_comp_0	success	UFF_1	byte_exact	-	byte_exact	-	4.58	104	104
ALAXES_comp_0	success	UFF_1	byte_exact	-	byte_exact	-	2.56	89	89
ALEHOQ_comp_0	success	UFF_1	byte_exact	-	byte_exact	-	4.49	122	122
ALEMOT_comp_0	failed	-	hard_fail	-	hard_fail	-	51.00	98	98
ALITEU_comp_0	failed	-	hard_fail	-	hard_fail	-	300.12	283	0
ALITUM_comp_0	success	UFF_1	byte_exact	-	byte_exact	-	8.69	89	89
ALIWOJ_comp_0	success	UFF_1	byte_exact	-	byte_exact	-	2.02	78	78
AMAROX_comp_0	success	UFF_1	byte_exact	-	byte_exact	-	2.92	72	72
AMAXOB_comp_0	success	UFF_1	byte_exact	-	byte_exact	-	7.34	84	84
AMEDAY_comp_0	success	UFF_1	byte_exact	-	byte_exact	-	8.62	222	222
AMETUI_comp_0	success	UFF_1	byte_exact	-	byte_exact	-	5.30	70	70
AMEWIY_comp_0	success	UFF_1	byte_exact	-	byte_exact	-	27.42	111	111
AMUKEZ_comp_0	failed	-	hard_fail	-	hard_fail	-	361.48	125	106
AMUYOY_comp_0	success	UFF_1	byte_exact	-	byte_exact	-	2.09	86	86
APAGOO_comp_0	success	UFF_1	structural	-	byte_exact	-	35.47	75	68
APOFIW_comp_1	success	UFF_1	byte_exact	-	byte_exact	-	2.89	94	94
APOFOC_comp_0	success	UFF_1	byte_exact	-	byte_exact	-	5.32	110	110
APOTOO_comp_0	success	UFF_1	structural	-	byte_exact	-	21.72	96	74
APOVOS_comp_1	success	UFF_1	byte_exact	-	byte_exact	-	9.98	91	91
APUTOW_comp_0	success	UFF_1	byte_exact	-	byte_exact	-	1.90	67	67
APUXOA_comp_0	success	UFF_1	byte_exact	-	byte_exact	-	2.63	89	89
APUYIV_comp_0	success	UFF_1	byte_exact	-	byte_exact	-	2.56	82	82
AQAVIZ_comp_0	success	UFF_1	byte_exact	-	byte_exact	-	2.46	84	84
AQENAN_comp_0	success	UFF_1	byte_exact	-	byte_exact	-	13.94	95	95
AQENIV_comp_0	success	UFF_1	byte_exact	-	byte_exact	-	19.40	93	93
AQESUL_comp_0	success	UFF_1	byte_exact	-	byte_exact	-	3.83	108	108
AQICUZ_comp_0	success	UFF_1	key_equal	rdkit_canonical	byte_exact	-	16.07	109	100
AQIFOX_comp_0	success	UFF_1	byte_exact	-	byte_exact	-	1.95	70	70
AQUMII_comp_0	success	UFF_1	byte_exact	-	byte_exact	-	2.25	108	108
ARAFUW_comp_0	success	UFF_1	byte_exact	-	byte_exact	-	2.39	92	92
AREKUE_comp_0	success	UFF_1	byte_exact	-	byte_exact	-	2.08	78	78
ARIYUV_comp_0	success	UFF_1	byte_exact	-	byte_exact	-	9.57	83	83
AROGIZ_comp_0	success	UFF_1	byte_exact	-	byte_exact	-	2.22	86	86
AROGUL_comp_0	success	UFF_1	byte_exact	-	byte_exact	-	1.72	88	88
AROKUP_comp_0	success	UFF_1	byte_exact	-	byte_exact	-	5.23	124	124
AROTAE_comp_0	success	UFF_1	byte_exact	-	byte_exact	-	16.16	160	160
ARUGAW_comp_0	success	UFF_1	byte_exact	-	byte_exact	-	4.31	110	110
ARUGIE_comp_0	success	UFF_1	byte_exact	-	byte_exact	-	4.44	110	110
ARUROV_comp_0	success	UFF_1	byte_exact	-	byte_exact	-	4.85	120	120
ASEGUB_comp_0	success	UFF_1	byte_exact	-	byte_exact	-	1.89	63	63
ASOTAF_comp_0	success	UFF_1	byte_exact	-	byte_exact	-	4.04	76	76
ASULOR_comp_0	success	UFF_1	byte_exact	-	byte_exact	-	5.04	85	85
ASUTIR_comp_0	success	UFF_1	byte_exact	-	byte_exact	-	2.12	108	108
ATAGUZ_comp_0	failed	-	hard_fail	-	hard_fail	-	1.19	108	0
ATAGUZ_comp_2	failed	-	hard_fail	-	hard_fail	-	1.01	108	0
ATASUL_comp_0	success	UFF_1	byte_exact	-	byte_exact	-	1.98	65	65
ATEFEL_comp_0	success	UFF_1	byte_exact	-	byte_exact	-	1.81	68	68
ATIDAI_comp_0	success	UFF_1	byte_exact	-	byte_exact	-	2.26	80	80
ATOSAD_comp_0	success	UFF_1	byte_exact	-	byte_exact	-	2.23	85	85
AVAMIU_comp_0	success	UFF_1	byte_exact	-	byte_exact	-	8.39	84	84
AVAMOA_comp_0	success	UFF_1	byte_exact	-	byte_exact	-	12.24	85	85
AVAVEY_comp_0	success	UFF_1	byte_exact	-	byte_exact	-	6.22	159	159
AVIJIZ_comp_1	success	UFF_1	byte_exact	-	byte_exact	-	1.91	67	67
AVILAU_comp_0	success	UFF_1	byte_exact	-	byte_exact	-	3.79	103	103
AVOZIW_comp_0	success	UFF_1	byte_exact	-	byte_exact	-	2.57	84	84
AWOGAW_comp_0	success	UFF_1	byte_exact	-	byte_exact	-	5.49	106	106
AWORUZ_comp_0	failed	-	byte_exact	-	structural	-	431.90	87	87
AXEJAP_comp_0	success	UFF_1	byte_exact	-	byte_exact	-	14.37	101	101
AXESAY_comp_0	success	UFF_1	key_equal	slot_renumber	key_equal	slot_renumber	4.32	117	117
AXITIK_comp_0	success	UFF_1	byte_exact	-	byte_exact	-	4.15	98	98
AXOBUK_comp_0	success	UFF_1	byte_exact	-	byte_exact	-	2.99	54	54
AXOGOL_comp_0	success	UFF_1	byte_exact	-	byte_exact	-	1.73	56	56
AYIKEY_comp_0	success	UFF_1	byte_exact	-	byte_exact	-	1.66	60	60
AYIXOW_comp_0	success	UFF_1	byte_exact	-	byte_exact	-	2.20	75	75
AYOBAS_comp_0	success	UFF_1	byte_exact	-	byte_exact	-	2.83	106	106
AYOBIA_comp_0	success	UFF_1	byte_exact	-	byte_exact	-	4.91	110	110
AYOSOY_comp_0	success	UFF_1	key_equal	slot_renumber	key_equal	slot_renumber	17.82	140	140
AYOVUH_comp_0	success	UFF_1	key_equal	slot_renumber	key_equal	slot_renumber	17.73	108	108
AYOYES_comp_0	success	UFF_1	byte_exact	-	byte_exact	-	2.33	89	89
AZAPEY_comp_0	success	UFF_1	byte_exact	-	byte_exact	-	3.97	138	138
AZAPUO_comp_0	success	UFF_1	byte_exact	-	byte_exact	-	2.37	79	79
AZIFEW_comp_0	success	UFF_1	byte_exact	-	byte_exact	-	1.55	57	57
AZIKID_comp_0	success	UFF_1	byte_exact	-	byte_exact	-	7.88	100	100
AZIQUW_comp_0	success	UFF_1	byte_exact	-	byte_exact	-	2.67	100	100
AZOCOI_comp_0	success	UFF_1	byte_exact	-	byte_exact	-	17.99	125	125
AZOGIF_comp_0	success	UFF_1	byte_exact	-	byte_exact	-	1.89	81	81
AZUQAN_comp_0	success	UFF_1	byte_exact	-	byte_exact	-	1.86	121	121
BABPIG_comp_0	success	UFF_1	byte_exact	-	byte_exact	-	3.28	102	102
BABQUR_comp_0	success	UFF_1	byte_exact	-	byte_exact	-	2.21	84	84
BADPOO_comp_0	success	UFF_1	structural	-	byte_exact	-	27.61	97	84
BADPUU_comp_0	success	UFF_1	structural	-	byte_exact	-	26.82	95	82
BAFMED_comp_0	success	UFF_1	byte_exact	-	byte_exact	-	1.27	40	40
BAGYAM_comp_0	success	UFF_1	byte_exact	-	byte_exact	-	1.81	75	75
BAHFUO_comp_0	success	UFF_1	byte_exact	-	byte_exact	-	1.81	75	75
BAHGAV_comp_0	success	UFF_1	byte_exact	-	byte_exact	-	1.59	69	69
BAHGOJ_comp_0	success	UFF_1	byte_exact	-	byte_exact	-	2.02	73	73
BAJBAS_comp_0	success	UFF_1	structural	-	byte_exact	-	126.51	137	121
BAJMIK_comp_0	success	UFF_1	byte_exact	-	byte_exact	-	2.87	73	73
BAJZER_comp_0	success	UFF_1	byte_exact	-	byte_exact	-	17.56	117	117
BAKGOM_comp_0	success	UFF_1	byte_exact	-	byte_exact	-	2.07	93	93
BAKZEU_comp_0	success	UFF_1	byte_exact	-	byte_exact	-	1.86	75	75
BALTOY_comp_0	success	UFF_1	key_equal	rdkit_canonical	byte_exact	-	16.79	97	94
BAQFIJ_comp_0	failed	-	hard_fail	-	hard_fail	-	262.90	86	0
BARRES_comp_0	success	UFF_1	key_equal	rdkit_canonical	byte_exact	-	1.90	89	71
BARVAU_comp_1	success	UFF_1	byte_exact	-	byte_exact	-	2.44	97	97
BARVUO_comp_0	success	UFF_1	byte_exact	-	byte_exact	-	5.30	126	126
BATDOS_comp_0	success	UFF_1	byte_exact	-	byte_exact	-	17.10	112	112
BATQAP_comp_1	success	UFF_1	byte_exact	-	byte_exact	-	5.88	160	160
BATTIB_comp_0	success	UFF_1	byte_exact	-	byte_exact	-	1.66	62	62
BAVJUF_comp_0	success	UFF_1	byte_exact	-	byte_exact	-	3.04	126	126
BAVKAM_comp_1	success	UFF_1	byte_exact	-	byte_exact	-	3.34	127	127
BAWKER_comp_0	success	UFF_1	byte_exact	-	byte_exact	-	2.12	84	84
BAWMIX_comp_0	success	UFF_1	byte_exact	-	byte_exact	-	2.87	121	121
BAWRIC_comp_0	success	UFF_1	byte_exact	-	byte_exact	-	5.13	194	194
BAWSID_comp_0	success	UFF_1	byte_exact	-	byte_exact	-	2.66	96	96
BAXMEU_comp_0	success	UFF_1	byte_exact	-	byte_exact	-	1.70	92	92
BAXWUS_comp_0	failed	-	hard_fail	-	hard_fail	-	19.55	85	76
BAYCAI_comp_0	success	UFF_1	byte_exact	-	byte_exact	-	2.14	98	98
BAYKOD_comp_0	success	UFF_1	byte_exact	-	byte_exact	-	4.11	98	98
BAYVAZ_comp_0	success	UFF_1	byte_exact	-	byte_exact	-	4.31	127	127
BAZMEX_comp_0	success	UFF_1	byte_exact	-	byte_exact	-	2.57	85	85
BAZYEG_comp_0	success	UFF_1	byte_exact	-	byte_exact	-	2.28	79	79
BAZZEG_comp_0	success	UFF_1	key_equal	rdkit_canonical	byte_exact	-	2.05	75	69
BEBJAW_comp_0	success	UFF_1	byte_exact	-	byte_exact	-	3.93	107	107
BEBZAL_comp_0	success	UFF_1	byte_exact	-	byte_exact	-	4.25	86	86
BEDLII_comp_0	success	UFF_1	structural	-	byte_exact	-	160.82	193	206
BEDLUT_comp_0	success	UFF_1	byte_exact	-	byte_exact	-	7.78	88	88
BEFNIJ_comp_0	success	UFF_1	byte_exact	-	byte_exact	-	2.61	108	108
BEGXOC_comp_0	success	UFF_1	byte_exact	-	byte_exact	-	3.11	112	112
BEKHIK_comp_0	success	UFF_1	structural	-	byte_exact	-	28.52	98	95
BEKLUA_comp_0	failed	-	hard_fail	-	hard_fail	-	0.99	174	0
BEKTES_comp_0	success	UFF_1	byte_exact	-	byte_exact	-	1.69	57	57
BELWEX_comp_0	success	UFF_1	byte_exact	-	byte_exact	-	2.20	80	80
BELYUP_comp_0	success	UFF_1	key_equal	slot_renumber	key_equal	slot_renumber	3.01	81	81
BENVOG_comp_0	failed	-	encode_fail	-	encode_fail	-	300.47	0	0
BENVOH_comp_1	success	UFF_1	byte_exact	-	byte_exact	-	9.95	111	111
BEPJOW_comp_0	success	UFF_1	byte_exact	-	byte_exact	-	22.36	130	130
BEPSUN_comp_0	success	UFF_1	structural	-	byte_exact	-	17.72	84	68
BEQQUM_comp_0	success	UFF_1	byte_exact	-	byte_exact	-	10.00	107	107
BERHEO_comp_0	success	UFF_1	byte_exact	-	byte_exact	-	3.18	104	104
BERZAC_comp_0	success	UFF_1	structural	-	byte_exact	-	30.36	94	67
BESHAJ_comp_0	success	UFF_1	byte_exact	-	byte_exact	-	1.70	74	74
BESHEN_comp_0	success	UFF_1	byte_exact	-	byte_exact	-	1.47	64	64
BESTOJ_comp_0	success	UFF_1	byte_exact	-	byte_exact	-	2.32	83	83
BESYEG_comp_0	success	UFF_1	byte_exact	-	byte_exact	-	2.54	77	77
BETKUI_comp_0	success	UFF_1	byte_exact	-	byte_exact	-	1.80	97	97
BETLOE_comp_0	success	UFF_1	byte_exact	-	byte_exact	-	3.85	135	135
BEVDEN_comp_0	success	UFF_1	byte_exact	-	byte_exact	-	1.43	54	54
BEVNOH_comp_0	success	UFF_1	byte_exact	-	byte_exact	-	1.55	47	47
BEWPIE_comp_0	success	UFF_1	byte_exact	-	byte_exact	-	9.29	92	92
BEWRIG_comp_0	success	UFF_1	byte_exact	-	byte_exact	-	7.91	97	97
BEWSUT_comp_0	failed	-	hard_fail	-	hard_fail	-	346.29	122	92
BEZCAN_comp_0	success	UFF_1	byte_exact	-	byte_exact	-	1.94	68	68
BEZGAR_comp_0	success	UFF_1	byte_exact	-	byte_exact	-	2.87	114	114
BEZMUP_comp_1	success	UFF_1	key_equal	rdkit_canonical	byte_exact	-	11.10	135	108
BIBDAS_comp_1	success	UFF_1	byte_exact	-	byte_exact	-	13.18	102	102
BIBKUU_comp_0	success	UFF_1	byte_exact	-	byte_exact	-	2.50	91	91
BIBPIM_comp_0	success	UFF_1	byte_exact	-	byte_exact	-	2.73	75	75
BIBYOD_comp_0	success	UFF_1	byte_exact	-	byte_exact	-	1.90	49	49
BICWER_comp_0	success	UFF_1	byte_exact	-	byte_exact	-	2.71	84	84
BICZUK_comp_0	success	UFF_1	byte_exact	-	byte_exact	-	4.65	100	100
BIDBAT_comp_0	success	UFF_1	key_equal	rdkit_canonical	byte_exact	-	6.01	99	84
BIDBEX_comp_0	success	UFF_1	byte_exact	-	byte_exact	-	1.83	95	95
BIDQOV_comp_0	success	UFF_1	byte_exact	-	byte_exact	-	6.04	135	135
BIDXOD_comp_0	success	UFF_1	byte_exact	-	byte_exact	-	2.29	100	100
BIFDAX_comp_0	success	UFF_1	byte_exact	-	byte_exact	-	2.88	101	101
BIJHUY_comp_0	success	UFF_1	byte_exact	-	byte_exact	-	3.61	96	96
BIJJAG_comp_0	success	UFF_1	byte_exact	-	byte_exact	-	2.54	77	77
BIJJUA_comp_0	success	UFF_1	byte_exact	-	byte_exact	-	2.92	83	83
BIKLAK_comp_0	success	UFF_1	byte_exact	-	byte_exact	-	2.39	82	82
BIKROD_comp_0	success	UFF_1	byte_exact	-	byte_exact	-	6.21	99	99
BIKRUL_comp_0	success	UFF_1	structural	-	byte_exact	-	44.73	108	77
BIKWUO_comp_0	success	UFF_1	byte_exact	-	byte_exact	-	6.47	157	157
BIMDOQ_comp_0	success	UFF_1	byte_exact	-	byte_exact	-	1.46	47	47
BIMHAH_comp_0	success	UFF_1	byte_exact	-	byte_exact	-	1.65	61	61
BINCOT_comp_0	success	UFF_1	byte_exact	-	byte_exact	-	2.27	76	76
BINHAK_comp_0	success	UFF_1	byte_exact	-	byte_exact	-	2.79	78	78
BINMAO_comp_0	success	UFF_1	byte_exact	-	byte_exact	-	3.83	103	103
BISLUN_comp_0	success	UFF_1	byte_exact	-	byte_exact	-	2.24	106	106
BISWIM_comp_0	success	UFF_1	byte_exact	-	byte_exact	-	2.38	101	101
BITREE_comp_0	success	UFF_1	byte_exact	-	byte_exact	-	31.27	107	107
BIVYEL_comp_0	success	UFF_1	byte_exact	-	byte_exact	-	8.16	95	95
BIWDER_comp_0	success	UFF_1	byte_exact	-	byte_exact	-	2.48	95	95
BIWPOP_comp_0	success	UFF_1	byte_exact	-	byte_exact	-	1.65	62	62
BIXCAN_comp_0	success	UFF_1	structural	-	byte_exact	-	11.79	64	48
BIXROS_comp_0	success	UFF_1	byte_exact	-	byte_exact	-	3.03	60	60
BIXRUY_comp_0	success	UFF_1	byte_exact	-	byte_exact	-	1.73	66	66
BIXTOU_comp_0	success	UFF_1	key_equal	slot_renumber	key_equal	slot_renumber	3.29	84	84
BIYCET_comp_0	success	UFF_1	byte_exact	-	byte_exact	-	3.67	99	99
BIYCIX_comp_0	success	UFF_1	byte_exact	-	byte_exact	-	3.97	104	104
BIYJAX_comp_0	success	UFF_1	byte_exact	-	byte_exact	-	2.64	83	83
BIZJIF_comp_0	success	UFF_1	byte_exact	-	byte_exact	-	1.78	58	58
BIZYIV_comp_0	success	UFF_1	byte_exact	-	byte_exact	-	1.60	68	68
BOCGEH_comp_0	success	UFF_1	structural	-	byte_exact	-	19.68	107	67
BOCHIM_comp_0	success	UFF_1	structural	-	byte_exact	-	10.75	85	50
BOCKOU_comp_0	success	UFF_1	byte_exact	-	byte_exact	-	1.74	60	60
BOCPEP_comp_0	success	UFF_1	byte_exact	-	byte_exact	-	2.66	70	70
BOCPOZ_comp_0	success	UFF_1	byte_exact	-	byte_exact	-	3.27	81	81
BOCQUI_comp_0	success	UFF_1	byte_exact	-	byte_exact	-	3.24	73	73
BOCYEA_comp_1	success	UFF_1	byte_exact	-	byte_exact	-	2.09	101	101
BODBAY_comp_0	success	UFF_1	byte_exact	-	byte_exact	-	17.64	97	97
BODBAY_comp_1	success	UFF_1	byte_exact	-	byte_exact	-	16.36	97	97
BODBIG_comp_0	success	UFF_1	byte_exact	-	byte_exact	-	10.95	79	79
BODBOM_comp_0	success	UFF_1	facmer_divergent	-	byte_exact	-	21.43	79	73
BODCAZ_comp_0	success	UFF_1	byte_exact	-	byte_exact	-	3.23	95	95
BODPAM_comp_0	success	UFF_1	structural	-	byte_exact	-	10.93	108	112
BODPEQ_comp_0	success	UFF_1	byte_exact	-	byte_exact	-	3.04	106	106
BODTUL_comp_0	success	UFF_1	byte_exact	-	byte_exact	-	1.77	79	79
BOFLIT_comp_1	success	UFF_1	key_equal	slot_renumber	key_equal	slot_renumber	2.35	75	75
BOFNOC_comp_0	success	UFF_1	byte_exact	-	byte_exact	-	1.52	57	57
BOHHOY_comp_0	success	UFF_1	byte_exact	-	byte_exact	-	3.44	112	112
BOHLIV_comp_0	success	UFF_1	byte_exact	-	byte_exact	-	8.26	118	118
BOJJOA_comp_1	success	UFF_1	byte_exact	-	byte_exact	-	1.89	67	67
BOJKAN_comp_0	success	UFF_1	key_equal	slot_renumber	key_equal	slot_renumber	9.50	88	88
BOJPOI_comp_0	success	UFF_1	byte_exact	-	byte_exact	-	2.93	83	83
BOKREZ_comp_0	success	UFF_1	byte_exact	-	byte_exact	-	5.77	86	86
BOKYAC_comp_0	success	UFF_1	byte_exact	-	byte_exact	-	1.94	96	96
BOLDOW_comp_0	failed	-	hard_fail	-	hard_fail	-	318.19	105	113
BOLGIU_comp_0	success	UFF_1	byte_exact	-	byte_exact	-	2.53	76	76
BOLMUM_comp_0	success	UFF_1	byte_exact	-	byte_exact	-	1.06	31	31
BOLNAT_comp_0	success	UFF_1	byte_exact	-	byte_exact	-	2.10	69	69
BOLSAY_comp_0	success	UFF_1	byte_exact	-	byte_exact	-	5.82	126	126
BOLTIG_comp_0	success	UFF_1	byte_exact	-	byte_exact	-	3.00	88	88
BOMNOJ_comp_0	success	UFF_1	byte_exact	-	byte_exact	-	67.37	178	178
BOMTAB_comp_0	success	UFF_1	structural	-	byte_exact	-	63.41	110	80
BONTEE_comp_0	success	UFF_1	byte_exact	-	byte_exact	-	4.24	118	118
BOPZOX_comp_0	success	UFF_1	structural	-	byte_exact	-	58.55	105	105
BOQKEY_comp_0	success	UFF_1	byte_exact	-	byte_exact	-	5.00	99	99
BOSRAE_comp_0	success	UFF_1	key_equal	slot_renumber	key_equal	slot_renumber	27.73	122	122
BOSYUF_comp_0	success	UFF_1	key_equal	slot_renumber	key_equal	slot_renumber	8.10	102	102
BOTBIW_comp_0	success	UFF_1	byte_exact	-	byte_exact	-	4.91	66	66
BOTBUI_comp_0	success	UFF_1	byte_exact	-	byte_exact	-	3.75	63	63
BOTHAV_comp_4	success	UFF_1	byte_exact	-	byte_exact	-	3.09	89	89
BOVCEX_comp_0	success	UFF_1	byte_exact	-	byte_exact	-	3.08	72	72
BOVCOG_comp_0	success	UFF_1	byte_exact	-	byte_exact	-	2.75	100	100
BOVCOH_comp_0	success	UFF_1	byte_exact	-	byte_exact	-	9.34	195	195
BOVCUM_comp_0	success	UFF_1	structural	-	byte_exact	-	8.01	81	82
BOVGID_comp_0	success	UFF_1	byte_exact	-	byte_exact	-	4.73	70	70
BOVTAI_comp_0	success	UFF_1	byte_exact	-	byte_exact	-	1.67	50	50
BOXPAG_comp_0	success	UFF_1	byte_exact	-	byte_exact	-	7.04	100	100
BOXXAO_comp_0	success	UFF_1	byte_exact	-	byte_exact	-	6.56	88	88
BOXYET_comp_0	success	UFF_1	byte_exact	-	byte_exact	-	1.31	47	47
BOXYUJ_comp_0	success	UFF_1	byte_exact	-	byte_exact	-	2.05	51	51
BOYKEH_comp_0	success	UFF_1	byte_exact	-	byte_exact	-	6.08	92	92
BOYROX_comp_0	success	UFF_1	byte_exact	-	byte_exact	-	4.91	100	100
BOYXUK_comp_0	success	UFF_1	byte_exact	-	byte_exact	-	3.82	150	150
BUCDEJ_comp_0	success	UFF_1	byte_exact	-	byte_exact	-	2.84	87	87
BUCGOX_comp_0	success	UFF_1	byte_exact	-	byte_exact	-	1.67	66	66
BUCRUO_comp_0	success	UFF_1	byte_exact	-	byte_exact	-	6.15	90	90
BUCSID_comp_0	success	UFF_1	byte_exact	-	byte_exact	-	22.38	103	103
BUDDOU_comp_0	success	UFF_1	byte_exact	-	key_equal	rdkit_canonical	1.41	52	52
BUFNUN_comp_0	success	UFF_1	byte_exact	-	byte_exact	-	6.48	119	119
BUFTON_comp_0	success	UFF_1	byte_exact	-	byte_exact	-	1.71	59	59
BUJFIW_comp_0	success	UFF_1	byte_exact	-	byte_exact	-	8.07	94	94
BUJLUP_comp_0	success	UFF_1	byte_exact	-	byte_exact	-	2.58	83	83
BUJMEZ_comp_0	success	UFF_1	byte_exact	-	byte_exact	-	6.50	119	119
BUJNAX_comp_0	success	UFF_1	byte_exact	-	byte_exact	-	2.48	83	83
BUJNEB_comp_0	success	UFF_1	byte_exact	-	byte_exact	-	2.47	83	83
BUKCUG_comp_0	failed	-	hard_fail	-	hard_fail	-	253.32	110	0
BUKXIQ_comp_0	success	UFF_1	byte_exact	-	byte_exact	-	13.59	124	124
BULJEY_comp_0	success	UFF_1	byte_exact	-	byte_exact	-	2.44	94	94
BULJUO_comp_0	success	UFF_1	byte_exact	-	byte_exact	-	2.31	94	94
BUNJUR_comp_0	success	UFF_1	byte_exact	-	byte_exact	-	2.60	116	116
BUNNEF_comp_0	success	UFF_1	byte_exact	-	byte_exact	-	1.62	60	60
BUPBIY_comp_0	success	UFF_1	byte_exact	-	byte_exact	-	3.21	112	112
BUSVOC_comp_0	success	UFF_1	byte_exact	-	byte_exact	-	2.99	91	91
BUVBIE_comp_0	success	UFF_1	byte_exact	-	byte_exact	-	1.77	41	41
BUVBOK_comp_0	success	UFF_1	byte_exact	-	byte_exact	-	2.17	39	39
BUVDAY_comp_0	success	UFF_1	byte_exact	-	byte_exact	-	2.27	58	58
BUWHAD_comp_1	failed	-	hard_fail	-	hard_fail	-	11.28	58	61
BUWPUF_comp_0	success	UFF_1	byte_exact	-	byte_exact	-	3.16	102	102
BUWSUI_comp_0	failed	-	structural	-	structural	-	194.83	77	77
BUWVUM_comp_0	success	UFF_1	byte_exact	-	byte_exact	-	1.28	58	58
BUYWEY_comp_0	success	UFF_1	byte_exact	-	byte_exact	-	3.54	111	111
BUZYOL_comp_0	success	UFF_1	byte_exact	-	byte_exact	-	7.31	106	106
CABSEG_comp_0	success	UFF_1	byte_exact	-	byte_exact	-	2.46	70	70
CABSEG_comp_1	success	UFF_1	byte_exact	-	byte_exact	-	2.35	70	70
CACZUB_comp_0	success	UFF_1	byte_exact	-	byte_exact	-	2.47	90	90
CAFQEF_comp_0	success	UFF_1	byte_exact	-	byte_exact	-	10.52	104	104
CAGDUM_comp_0	success	UFF_1	byte_exact	-	byte_exact	-	2.29	67	67
CAGSIO_comp_0	success	UFF_1	key_equal	slot_renumber	key_equal	slot_renumber	4.52	96	96
CAHQAF_comp_0	success	UFF_1	byte_exact	-	byte_exact	-	15.40	113	113
CAHQEJ_comp_0	success	UFF_1	structural	-	byte_exact	-	55.06	119	94
CAHQOT_comp_0	success	UFF_1	structural	-	byte_exact	-	148.13	116	109
CAJROV_comp_0	success	UFF_1	byte_exact	-	byte_exact	-	2.13	115	115
CAJZOD_comp_0	failed	-	hard_fail	-	hard_fail	-	200.70	169	0
CAKBEW_comp_0	failed	-	hard_fail	-	hard_fail	-	153.54	157	0
CAKGAZ_comp_0	success	UFF_1	byte_exact	-	byte_exact	-	1.84	78	78
CAKYOF_comp_0	success	UFF_1	byte_exact	-	byte_exact	-	2.46	92	92
CAMDUQ_comp_0	success	UFF_1	structural	-	key_equal	slot_renumber	52.03	95	99
CAMJIL_comp_0	success	UFF_1	byte_exact	-	byte_exact	-	3.30	91	91
CAMLAF_comp_0	success	UFF_1	byte_exact	-	byte_exact	-	13.96	98	98
CAPZID_comp_0	success	UFF_1	key_equal	slot_renumber	key_equal	slot_renumber	4.33	103	103
CAQNUE_comp_0	success	UFF_1	key_equal	slot_renumber	key_equal	slot_renumber	3.31	67	67
CAQSOE_comp_0	success	UFF_1	byte_exact	-	byte_exact	-	5.71	81	81
CAQTIZ_comp_0	success	UFF_1	byte_exact	-	byte_exact	-	3.32	114	114
CAQXEY_comp_0	success	UFF_1	byte_exact	-	byte_exact	-	3.21	102	102
CARCAB_comp_0	success	UFF_1	byte_exact	-	byte_exact	-	2.23	63	63
CARCEF_comp_0	success	UFF_1	byte_exact	-	byte_exact	-	2.11	63	63
CASCIK_comp_0	success	UFF_1	byte_exact	-	byte_exact	-	5.18	99	99
CASFUA_comp_0	success	UFF_1	byte_exact	-	byte_exact	-	1.82	66	66
CASTEX_comp_0	success	UFF_1	byte_exact	-	byte_exact	-	6.58	82	82
CATKOA_comp_0	success	UFF_1	byte_exact	-	byte_exact	-	2.18	83	83
CATSIC_comp_0	success	UFF_1	byte_exact	-	byte_exact	-	2.94	87	87
CAVBAD_comp_0	success	UFF_1	byte_exact	-	byte_exact	-	4.18	105	105
CAVBEH_comp_0	success	UFF_1	byte_exact	-	byte_exact	-	1.71	85	85
CAXKUK_comp_0	success	UFF_1	byte_exact	-	byte_exact	-	4.39	124	124
CAXSEA_comp_0	success	UFF_1	byte_exact	-	byte_exact	-	3.66	86	86
CAXSUQ_comp_0	success	UFF_1	byte_exact	-	byte_exact	-	2.26	83	83
CAXZUX_comp_0	success	UFF_1	byte_exact	-	byte_exact	-	4.90	108	108
CAZHAP_comp_0	success	UFF_1	structural	-	byte_exact	-	20.68	100	97
CAZXIM_comp_0	success	UFF_1	structural	-	byte_exact	-	26.72	118	110
CEBYAK_comp_0	success	UFF_1	key_equal	slot_renumber	key_equal	slot_renumber	1.87	71	71
CECPAC_comp_0	success	UFF_1	byte_exact	-	byte_exact	-	2.16	84	84
CEDNUX_comp_0	success	UFF_1	byte_exact	-	byte_exact	-	3.97	79	79
CEDXAN_comp_0	success	UFF_1	byte_exact	-	byte_exact	-	2.50	102	102
CEDXER_comp_0	success	UFF_1	structural	-	byte_exact	-	20.03	101	70
CEFBAS_comp_0	success	UFF_1	byte_exact	-	byte_exact	-	62.10	80	80
CEFHAY_comp_0	success	UFF_1	structural	-	byte_exact	-	58.29	80	84
CEFJUT_comp_0	success	UFF_1	byte_exact	-	byte_exact	-	8.04	98	98
CEFZAR_comp_0	success	UFF_1	byte_exact	-	byte_exact	-	7.47	147	147
CEFZUL_comp_0	success	UFF_1	byte_exact	-	byte_exact	-	1.70	68	68
CEGBAU_comp_0	failed	-	hard_fail	-	hard_fail	-	1.02	71	0
CEGPOW_comp_0	success	UFF_1	byte_exact	-	byte_exact	-	3.69	99	99
CEHGOM_comp_0	success	UFF_1	byte_exact	-	byte_exact	-	2.31	105	105
CEJLEJ_comp_0	success	UFF_1	byte_exact	-	byte_exact	-	19.97	114	114
CEKCEC_comp_0	success	UFF_1	byte_exact	-	byte_exact	-	2.20	65	65
CELJEK_comp_0	success	UFF_1	byte_exact	-	byte_exact	-	2.20	77	77
CELLEN_comp_1	success	UFF_1	byte_exact	-	byte_exact	-	4.63	95	95
CEMJOU_comp_0	success	UFF_1	byte_exact	-	byte_exact	-	2.09	99	99
CEMSUL_comp_0	success	UFF_1	byte_exact	-	byte_exact	-	4.22	88	88
CEMTIZ_comp_0	failed	-	hard_fail	-	hard_fail	-	300.47	314	0
CEMYOL_comp_0	success	UFF_1	byte_exact	-	byte_exact	-	2.21	74	74
CEPBEG_comp_0	success	UFF_1	byte_exact	-	byte_exact	-	2.28	81	81
CEPCAD_comp_0	success	UFF_1	byte_exact	-	byte_exact	-	2.12	85	85
CEQWAY_comp_0	failed	-	hard_fail	-	hard_fail	-	151.15	246	0
CEQWUS_comp_0	failed	-	hard_fail	-	hard_fail	-	87.36	207	0
CEQZUV_comp_0	success	UFF_1	byte_exact	-	byte_exact	-	2.86	104	104
CERCOS_comp_0	success	UFF_1	byte_exact	-	byte_exact	-	1.93	85	85
CERFUD_comp_0	success	UFF_1	byte_exact	-	byte_exact	-	2.03	65	65
CERPAS_comp_0	success	UFF_1	byte_exact	-	byte_exact	-	3.10	71	71
CERPUM_comp_0	success	UFF_1	byte_exact	-	byte_exact	-	1.78	72	72
CERQAT_comp_0	success	UFF_1	byte_exact	-	byte_exact	-	2.79	71	71
CERSAV_comp_0	success	UFF_1	byte_exact	-	byte_exact	-	4.85	75	75
CERTOK_comp_0	success	UFF_1	byte_exact	-	byte_exact	-	4.47	124	124
CESFIR_comp_0	success	UFF_1	structural	-	byte_exact	-	37.12	120	106
CESGAI_comp_0	success	UFF_1	byte_exact	-	byte_exact	-	1.50	48	48
CETFAJ_comp_0	failed	-	hard_fail	-	hard_fail	-	383.55	138	139
CETLUJ_comp_0	success	UFF_1	key_equal	slot_renumber	key_equal	slot_renumber	3.21	76	76
CETPOI_comp_0	success	UFF_1	byte_exact	-	byte_exact	-	11.86	140	140
CETYAC_comp_0	failed	-	hard_fail	-	hard_fail	-	12.67	109	0
CEVLEW_comp_0	success	UFF_1	byte_exact	-	byte_exact	-	3.81	96	96
CEVMOI_comp_0	success	UFF_1	byte_exact	-	byte_exact	-	1.74	57	57
CEVPAW_comp_0	success	UFF_1	byte_exact	-	byte_exact	-	6.59	116	116
CEVPEA_comp_0	success	UFF_1	byte_exact	-	byte_exact	-	19.17	152	152
CEWBAK_comp_0	success	UFF_1	byte_exact	-	byte_exact	-	1.99	83	83
CEWTIK_comp_0	success	UFF_1	byte_exact	-	byte_exact	-	1.92	63	63
CEXBIS_comp_0	success	UFF_1	byte_exact	-	byte_exact	-	23.07	130	130
CEYKOH_comp_0	success	UFF_1	byte_exact	-	byte_exact	-	3.11	126	126
CEYPOM_comp_0	success	UFF_1	byte_exact	-	byte_exact	-	2.93	104	104
CEYROP_comp_0	success	UFF_1	byte_exact	-	byte_exact	-	1.76	74	74
CEZLOK_comp_0	success	UFF_1	key_equal	rdkit_canonical	byte_exact	-	5.64	113	107
CEZZIT_comp_0	success	UFF_1	byte_exact	-	byte_exact	-	3.60	107	107
CIFPEO_comp_0	success	UFF_1	byte_exact	-	byte_exact	-	18.54	126	126
CIFPOY_comp_0	success	UFF_1	byte_exact	-	byte_exact	-	9.36	118	118
CIFZEZ_comp_0	success	UFF_1	byte_exact	-	byte_exact	-	6.38	137	137
CIGKOV_comp_0	success	UFF_1	byte_exact	-	byte_exact	-	2.97	133	133
CIGLAI_comp_0	success	UFF_1	byte_exact	-	byte_exact	-	20.73	106	106
CIGNIS_comp_0	success	UFF_1	byte_exact	-	byte_exact	-	2.17	100	100
CIJKUD_comp_0	success	UFF_1	byte_exact	-	byte_exact	-	2.52	102	102
CILTOJ_comp_0	success	UFF_1	byte_exact	-	byte_exact	-	5.17	148	148
CILYAA_comp_0	success	UFF_1	byte_exact	-	byte_exact	-	2.28	84	84
CIMCIL_comp_0	success	UFF_1	structural	-	byte_exact	-	15.91	96	53
CIMFUA_comp_0	success	UFF_1	byte_exact	-	byte_exact	-	1.91	75	75
CIMMOB_comp_0	success	UFF_1	byte_exact	-	byte_exact	-	1.75	65	65
CIMNAO_comp_0	success	UFF_1	byte_exact	-	byte_exact	-	1.77	69	69
CIMZAZ_comp_0	success	UFF_1	key_equal	rdkit_canonical	byte_exact	-	58.97	180	168
CINMOE_comp_0	success	UFF_1	byte_exact	-	byte_exact	-	2.25	92	92
CINMUK_comp_0	success	UFF_1	byte_exact	-	byte_exact	-	2.14	78	78
CINWUT_comp_0	success	UFF_1	byte_exact	-	byte_exact	-	129.52	160	160
CINXAA_comp_0	success	UFF_1	byte_exact	-	byte_exact	-	178.42	156	156
CIPGIT_comp_0	success	UFF_1	byte_exact	-	byte_exact	-	143.24	147	147
CIPLUL_comp_0	success	UFF_1	byte_exact	-	byte_exact	-	4.87	98	98
CIQJAQ_comp_0	success	UFF_1	byte_exact	-	byte_exact	-	3.48	56	56
CIQJER_comp_0	success	UFF_1	byte_exact	-	byte_exact	-	3.58	92	92
CIQVAB_comp_0	success	UFF_1	byte_exact	-	byte_exact	-	1.93	84	84
CIRDOX_comp_0	success	UFF_1	byte_exact	-	byte_exact	-	8.21	87	87
CIRHET_comp_0	success	UFF_1	byte_exact	-	byte_exact	-	1.56	59	59
CIRHIX_comp_0	success	UFF_1	byte_exact	-	byte_exact	-	1.62	61	61
CISBOW_comp_0	success	UFF_1	byte_exact	-	byte_exact	-	7.17	98	98
CISCUE_comp_0	success	UFF_1	byte_exact	-	byte_exact	-	92.63	77	77
CISDOZ_comp_0	success	UFF_1	byte_exact	-	byte_exact	-	9.41	104	104
CISDUF_comp_0	success	UFF_1	byte_exact	-	byte_exact	-	89.74	116	116
CITDEQ_comp_0	success	UFF_1	byte_exact	-	byte_exact	-	3.16	110	110
CITFUI_comp_0	success	UFF_1	byte_exact	-	byte_exact	-	5.91	77	77
CITGAO_comp_0	success	UFF_1	byte_exact	-	byte_exact	-	3.41	85	85
CIVJEZ_comp_0	success	UFF_1	byte_exact	-	byte_exact	-	1.88	43	43
CIVLID_comp_0	success	UFF_1	byte_exact	-	byte_exact	-	2.55	80	80
CIVNUR_comp_0	success	UFF_1	byte_exact	-	byte_exact	-	2.36	84	84
CIVPAZ_comp_0	success	UFF_1	byte_exact	-	byte_exact	-	5.53	101	101
CIVVUB_comp_0	success	UFF_1	byte_exact	-	byte_exact	-	2.25	70	70
CIXPEG_comp_0	success	UFF_1	structural	-	byte_exact	-	7.51	64	64
CIYLAZ_comp_1	success	UFF_1	byte_exact	-	byte_exact	-	2.28	90	90
CIZFAT_comp_0	success	UFF_1	byte_exact	-	byte_exact	-	4.58	80	80
CLPZPD_comp_0	success	UFF_1	byte_exact	-	byte_exact	-	2.61	88	88
COBBAY_comp_0	success	UFF_1	byte_exact	-	byte_exact	-	1.94	116	116
COBBAY_comp_1	success	UFF_1	byte_exact	-	byte_exact	-	2.07	116	116
COBSES_comp_0	success	UFF_1	byte_exact	-	byte_exact	-	9.34	124	124
COBWEW_comp_0	success	UFF_1	byte_exact	-	byte_exact	-	5.02	102	102
COCNOA_comp_0	success	UFF_1	byte_exact	-	byte_exact	-	8.87	80	80
COFBAB_comp_0	success	UFF_1	structural	-	byte_exact	-	109.05	116	109
COFCEG_comp_0	success	UFF_1	byte_exact	-	byte_exact	-	3.52	110	110
COFCIL_comp_0	success	UFF_1	key_equal	slot_renumber	key_equal	slot_renumber	4.80	82	82
COFDOR_comp_0	success	UFF_1	byte_exact	-	byte_exact	-	2.85	74	74
COFMUH_comp_0	failed	-	hard_fail	-	hard_fail	-	300.46	199	0
COGCIL_comp_0	success	UFF_1	byte_exact	-	byte_exact	-	1.90	84	84
COGKEQ_comp_0	failed	-	hard_fail	-	hard_fail	-	316.06	109	108
COHBEJ_comp_0	success	UFF_1	byte_exact	-	byte_exact	-	2.31	78	78
COHGEO_comp_0	success	UFF_1	byte_exact	-	byte_exact	-	7.80	133	133
COHJEQ_comp_0	success	UFF_1	byte_exact	-	byte_exact	-	2.09	60	60
COHJIT_comp_0	success	UFF_1	byte_exact	-	byte_exact	-	2.30	75	75
COHKAN_comp_0	success	UFF_1	byte_exact	-	byte_exact	-	1.57	57	57
COJBAF_comp_0	success	UFF_1	byte_exact	-	byte_exact	-	4.15	88	88
COJJAP_comp_0	failed	-	hard_fail	-	hard_fail	-	465.30	104	111
COJJIX_comp_0	success	UFF_1	byte_exact	-	byte_exact	-	42.38	87	87
COJJOD_comp_0	failed	-	hard_fail	-	hard_fail	-	350.68	108	103
COKGER_comp_0	success	UFF_1	byte_exact	-	byte_exact	-	1.71	90	90
COMXUY_comp_0	success	UFF_1	structural	-	byte_exact	-	48.98	166	99
COPQEE_comp_0	success	UFF_1	byte_exact	-	byte_exact	-	1.66	72	72
COPZAL_comp_0	success	UFF_1	byte_exact	-	byte_exact	-	2.05	72	72
COQKUQ_comp_0	success	UFF_1	byte_exact	-	byte_exact	-	2.48	67	67
COQMAY_comp_0	success	UFF_1	byte_exact	-	byte_exact	-	10.06	115	115
COQSAF_comp_0	success	UFF_1	byte_exact	-	byte_exact	-	1.68	73	73
COQWOW_comp_0	success	UFF_1	byte_exact	-	byte_exact	-	1.35	60	60
COQXEN_comp_0	success	UFF_1	byte_exact	-	byte_exact	-	1.78	74	74
CORPEH_comp_0	success	UFF_1	byte_exact	-	byte_exact	-	1.85	57	57
CORPIL_comp_0	success	UFF_1	byte_exact	-	byte_exact	-	2.21	65	65
CORTIP_comp_0	success	UFF_1	byte_exact	-	byte_exact	-	1.70	66	66
CORYUF_comp_0	success	UFF_1	byte_exact	-	byte_exact	-	2.26	92	92
COSSOU_comp_0	success	UFF_1	byte_exact	-	byte_exact	-	12.26	98	98
COTTAJ_comp_0	success	UFF_1	key_equal	rdkit_canonical	byte_exact	-	2.41	93	78
COTTIR_comp_0	success	UFF_1	byte_exact	-	byte_exact	-	1.61	89	89
COXFAY_comp_0	success	UFF_1	byte_exact	-	byte_exact	-	2.39	116	116
COXGUT_comp_0	success	UFF_1	byte_exact	-	byte_exact	-	1.74	65	65
COXVER_comp_0	success	UFF_1	byte_exact	-	byte_exact	-	2.51	73	73
COXVOB_comp_0	success	UFF_1	byte_exact	-	byte_exact	-	2.75	79	79
COZBEZ_comp_0	success	UFF_1	byte_exact	-	byte_exact	-	8.17	116	116
CUBKOZ_comp_0	success	UFF_1	byte_exact	-	byte_exact	-	6.79	90	90
CUCCIO_comp_0	failed	-	hard_fail	-	hard_fail	-	300.28	142	0
CUCMOE_comp_0	success	UFF_1	byte_exact	-	byte_exact	-	2.75	88	88
CUCNAR_comp_0	success	UFF_1	byte_exact	-	byte_exact	-	4.68	88	88
CUHPIF_comp_0	success	UFF_1	byte_exact	-	byte_exact	-	4.55	115	115
CUJHAS_comp_0	success	UFF_1	byte_exact	-	byte_exact	-	2.62	59	59
CUJHIA_comp_0	success	UFF_1	byte_exact	-	byte_exact	-	1.98	67	67
CUJJOH_comp_0	success	UFF_1	byte_exact	-	byte_exact	-	3.31	118	118
CUJYOX_comp_0	success	UFF_1	byte_exact	-	byte_exact	-	3.02	116	116
CUKPUV_comp_0	success	UFF_1	byte_exact	-	byte_exact	-	4.90	79	79
CUMCAQ_comp_0	success	UFF_1	byte_exact	-	byte_exact	-	11.63	98	98
CUMCEU_comp_0	success	UFF_1	byte_exact	-	byte_exact	-	3.45	100	100
CUMCOE_comp_0	success	UFF_1	byte_exact	-	byte_exact	-	3.87	66	66
CUMPOR_comp_0	success	UFF_1	byte_exact	-	byte_exact	-	2.73	84	84
CUNVUE_comp_0	success	UFF_1	byte_exact	-	byte_exact	-	2.94	82	82
CUNWUF_comp_0	success	UFF_1	byte_exact	-	byte_exact	-	1.94	71	71
CUNXAM_comp_0	success	UFF_1	byte_exact	-	byte_exact	-	2.06	72	72
CUPZOD_comp_0	success	UFF_1	byte_exact	-	byte_exact	-	2.18	69	69
CUQQAH_comp_0	success	UFF_1	byte_exact	-	byte_exact	-	2.63	83	83
CUSGEE_comp_0	success	UFF_1	byte_exact	-	byte_exact	-	2.96	92	92
CUTDAW_comp_0	success	UFF_1	byte_exact	-	byte_exact	-	1.82	85	85
CUTLUA_comp_0	success	UFF_1	byte_exact	-	byte_exact	-	2.67	78	78
CUWHIM_comp_0	success	UFF_1	structural	-	byte_exact	-	18.05	75	55
CUYZED_comp_0	success	UFF_1	byte_exact	-	byte_exact	-	50.16	93	93
DABHUK_comp_0	success	UFF_1	byte_exact	-	byte_exact	-	2.55	78	78
DACTAE_comp_0	success	UFF_1	byte_exact	-	byte_exact	-	3.51	109	109
DACTEI_comp_0	success	UFF_1	byte_exact	-	byte_exact	-	4.56	85	85
DACVEI_comp_0	success	UFF_1	byte_exact	-	byte_exact	-	2.68	103	103
DADNEC_comp_0	success	UFF_1	byte_exact	-	byte_exact	-	1.90	70	70
DADNOM_comp_0	success	UFF_1	byte_exact	-	byte_exact	-	1.74	72	72
DADNUS_comp_0	success	UFF_1	byte_exact	-	byte_exact	-	1.66	76	76
DAFPAD_comp_0	success	UFF_1	byte_exact	-	byte_exact	-	1.98	68	68
DAGHUP_comp_0	success	UFF_1	byte_exact	-	byte_exact	-	2.33	82	82
DAGNAD_comp_0	failed	-	hard_fail	-	hard_fail	-	300.42	104	0
DAGNIL_comp_0	success	UFF_1	structural	-	byte_exact	-	229.26	98	105
DAHNEH_comp_0	success	UFF_1	byte_exact	-	byte_exact	-	5.67	100	100
DAHRUC_comp_0	success	UFF_1	byte_exact	-	byte_exact	-	1.53	54	54
DAHTEN_comp_0	success	UFF_1	byte_exact	-	byte_exact	-	3.06	122	122
DAJREN_comp_0	failed	-	hard_fail	-	hard_fail	-	300.30	116	0
DAKROY_comp_0	success	UFF_1	byte_exact	-	byte_exact	-	2.33	72	72
DALDOL_comp_0	success	UFF_1	byte_exact	-	byte_exact	-	2.06	65	65
DALHEG_comp_0	success	UFF_1	key_equal	slot_renumber	key_equal	slot_renumber	5.16	105	105
DALHIK_comp_0	success	UFF_1	structural	-	key_equal	slot_renumber	37.41	113	106
DALLOU_comp_0	success	UFF_1	byte_exact	-	byte_exact	-	2.43	84	84
DAMBEA_comp_0	success	UFF_1	byte_exact	-	byte_exact	-	3.99	87	87
DAMKAF_comp_0	success	UFF_1	byte_exact	-	byte_exact	-	1.88	64	64
DAMKEJ_comp_0	success	UFF_1	byte_exact	-	byte_exact	-	2.42	74	74
DAMKOT_comp_0	success	UFF_1	byte_exact	-	byte_exact	-	2.34	74	74
DAMLIO_comp_0	success	UFF_1	byte_exact	-	byte_exact	-	1.55	63	63
DAMLOU_comp_0	success	UFF_1	byte_exact	-	byte_exact	-	1.79	69	69
DAMLUA_comp_0	success	UFF_1	byte_exact	-	byte_exact	-	2.11	58	58
DAMVAQ_comp_0	failed	-	hard_fail	-	hard_fail	-	300.39	128	0
DAMWOG_comp_0	success	UFF_1	byte_exact	-	byte_exact	-	13.64	124	124
DAPCIH_comp_0	success	UFF_1	structural	-	byte_exact	-	9.15	82	86
DAPJUC_comp_0	success	UFF_1	byte_exact	-	byte_exact	-	9.66	108	108
DAPZOL_comp_1	success	UFF_1	byte_exact	-	byte_exact	-	3.21	78	78
DAQCIK_comp_0	success	UFF_1	byte_exact	-	byte_exact	-	5.41	78	78
DAQDAB_comp_0	failed	-	hard_fail	-	hard_fail	-	588.25	112	100
DAQDIJ_comp_0	failed	-	hard_fail	-	hard_fail	-	300.17	127	0
DAQLOY_comp_0	failed	-	structural	-	structural	-	645.98	77	77
DAQWEA_comp_0	success	UFF_1	byte_exact	-	byte_exact	-	45.55	141	141
DAQZIG_comp_0	success	UFF_1	byte_exact	-	byte_exact	-	2.36	89	89
DAQZOM_comp_0	success	UFF_1	byte_exact	-	byte_exact	-	3.63	118	118
DARXOL_comp_0	success	UFF_1	byte_exact	-	byte_exact	-	17.31	108	108
DASLUG_comp_0	success	UFF_1	byte_exact	-	byte_exact	-	4.39	115	115
DATMIV_comp_0	success	UFF_1	byte_exact	-	byte_exact	-	1.88	84	84
DAVZEG_comp_0	success	UFF_1	byte_exact	-	byte_exact	-	2.40	68	68
DAWBOT_comp_0	success	UFF_1	byte_exact	-	byte_exact	-	53.52	140	140
DAWHUF_comp_0	success	UFF_1	byte_exact	-	byte_exact	-	2.00	77	77
DAWJAN_comp_0	success	UFF_1	byte_exact	-	byte_exact	-	2.87	78	78
DAWJIV_comp_0	success	UFF_1	byte_exact	-	byte_exact	-	4.11	111	111
DAWKAO_comp_0	success	UFF_1	byte_exact	-	byte_exact	-	1.90	80	80
DAWLAP_comp_0	success	UFF_1	byte_exact	-	byte_exact	-	2.87	79	79
DAWWEE_comp_0	success	UFF_1	byte_exact	-	byte_exact	-	5.90	87	87
DAXDOX_comp_0	success	UFF_1	byte_exact	-	byte_exact	-	5.96	86	86
DAXJUI_comp_0	success	UFF_1	byte_exact	-	byte_exact	-	3.44	119	119
DAXZUZ_comp_0	success	UFF_1	key_equal	slot_renumber	byte_exact	-	2.59	75	75
DAYCUE_comp_0	failed	-	hard_fail	-	hard_fail	-	125.09	99	0
DAYDOW_comp_0	success	UFF_1	byte_exact	-	byte_exact	-	15.11	83	83
DAZRAY_comp_0	success	UFF_1	byte_exact	-	byte_exact	-	1.71	66	66
DECWOA_comp_0	success	UFF_1	byte_exact	-	byte_exact	-	4.14	97	97
DEDBUK_comp_0	success	UFF_1	byte_exact	-	byte_exact	-	4.29	105	105
DEDHAY_comp_0	success	UFF_1	byte_exact	-	byte_exact	-	2.11	62	62
DEFBUN_comp_0	success	UFF_1	key_equal	slot_renumber	key_equal	slot_renumber	7.27	83	83
DEFFUS_comp_0	success	UFF_1	byte_exact	-	byte_exact	-	2.78	103	103
DEFJOP_comp_0	success	UFF_1	byte_exact	-	byte_exact	-	3.44	76	76
DEFPOW_comp_0	success	UFF_1	byte_exact	-	byte_exact	-	81.98	136	136
DEFXOE_comp_0	success	UFF_1	byte_exact	-	byte_exact	-	4.94	82	82
DEFXUK_comp_0	success	UFF_1	byte_exact	-	byte_exact	-	4.72	83	83
DEGSUD_comp_0	success	UFF_1	structural	-	byte_exact	-	28.19	121	117
DEJHEF_comp_0	failed	-	hard_fail	-	hard_fail	-	0.98	67	0
DEKTAR_comp_0	success	UFF_1	byte_exact	-	byte_exact	-	6.62	78	78
DEMSOG_comp_0	success	UFF_1	structural	-	byte_exact	-	122.94	184	185
DENNAM_comp_0	success	UFF_1	byte_exact	-	byte_exact	-	3.51	89	89
DENNEQ_comp_0	success	UFF_1	byte_exact	-	byte_exact	-	15.02	95	95
DENRIY_comp_0	success	UFF_1	byte_exact	-	byte_exact	-	4.29	64	64
DENZUU_comp_0	success	UFF_1	byte_exact	-	byte_exact	-	4.13	84	84
DEPKUF_comp_0	success	UFF_1	byte_exact	-	byte_exact	-	2.20	77	77
DEQGUB_comp_0	success	UFF_1	structural	-	key_equal	slot_renumber	93.66	75	53
DEQHEM_comp_0	success	UFF_1	byte_exact	-	byte_exact	-	22.71	88	88
DERKOD_comp_0	success	UFF_1	byte_exact	-	byte_exact	-	2.82	100	100
DERMET_comp_0	success	UFF_1	structural	-	byte_exact	-	57.48	114	81
DERMIX_comp_0	success	UFF_1	structural	-	byte_exact	-	61.57	113	79
DESKUK_comp_0	success	UFF_1	byte_exact	-	byte_exact	-	4.43	77	77
DETSED_comp_0	success	UFF_1	byte_exact	-	byte_exact	-	1.98	81	81
DEVFUG_comp_0	success	UFF_1	key_equal	slot_renumber	key_equal	slot_renumber	5.80	115	115
DEWWEI_comp_0	success	UFF_1	byte_exact	-	byte_exact	-	2.59	92	92
DEXDEQ_comp_0	success	UFF_1	byte_exact	-	byte_exact	-	1.70	74	74
DEYHUM_comp_0	success	UFF_1	byte_exact	-	byte_exact	-	2.61	77	77
DEYMEC_comp_0	success	UFF_1	byte_exact	-	byte_exact	-	2.23	71	71
DEYTEJ_comp_0	success	UFF_1	byte_exact	-	byte_exact	-	3.37	102	102
DEZDOE_comp_0	success	UFF_1	byte_exact	-	byte_exact	-	2.57	95	95
DEZPUV_comp_0	success	UFF_1	byte_exact	-	byte_exact	-	13.01	100	100
DIBHAA_comp_0	success	UFF_1	byte_exact	-	byte_exact	-	2.16	55	55
DICMIO_comp_0	success	UFF_1	byte_exact	-	byte_exact	-	3.92	116	116
DICROZ_comp_0	success	UFF_1	byte_exact	-	byte_exact	-	3.51	72	72
DIDDIF_comp_0	success	UFF_1	byte_exact	-	byte_exact	-	1.72	78	78
DIDJAC_comp_0	success	UFF_1	byte_exact	-	byte_exact	-	2.40	67	67
DIDMAG_comp_0	success	UFF_1	byte_exact	-	byte_exact	-	1.67	65	65
DIDROZ_comp_0	success	UFF_1	structural	-	byte_exact	-	85.91	85	95
DIDTAO_comp_0	success	UFF_1	byte_exact	-	byte_exact	-	4.86	79	79
DIDTIW_comp_0	success	UFF_1	byte_exact	-	byte_exact	-	4.23	78	78
DIDTOC_comp_0	success	UFF_1	key_equal	slot_renumber	key_equal	slot_renumber	4.30	86	86
DIFPAM_comp_0	failed	-	hard_fail	-	hard_fail	-	317.37	110	109
DIFTES_comp_0	success	UFF_1	byte_exact	-	byte_exact	-	2.89	89	89
DIGCII_comp_0	success	UFF_1	byte_exact	-	byte_exact	-	7.58	80	80
DIGCON_comp_0	success	UFF_1	byte_exact	-	byte_exact	-	1.57	64	64
DIGLEN_comp_0	success	UFF_1	byte_exact	-	byte_exact	-	1.70	66	66
DIGVEW_comp_0	success	UFF_1	byte_exact	-	byte_exact	-	3.65	103	103
DIHDEF_comp_0	success	UFF_1	byte_exact	-	byte_exact	-	3.92	68	68
DIHNEO_comp_0	success	UFF_1	byte_exact	-	byte_exact	-	3.15	108	108
DIHZAX_comp_0	success	UFF_1	byte_exact	-	byte_exact	-	2.78	86	86
DIJDAD_comp_0	success	UFF_1	byte_exact	-	byte_exact	-	12.53	83	83
DIKXUR_comp_0	success	UFF_1	byte_exact	-	byte_exact	-	8.81	120	120
DILYOM_comp_0	success	UFF_1	structural	-	byte_exact	-	42.25	102	95
DILZOQ_comp_2	success	UFF_1	structural	-	byte_exact	-	63.15	161	121
DIMCUX_comp_0	success	UFF_1	byte_exact	-	byte_exact	-	9.57	68	68
DIPLOG_comp_0	success	UFF_1	byte_exact	-	byte_exact	-	1.62	57	57
DIPPAW_comp_0	success	UFF_1	byte_exact	-	byte_exact	-	158.78	99	99
DIPZAD_comp_0	success	UFF_1	byte_exact	-	byte_exact	-	1.66	66	66
DIQVEE_comp_0	success	UFF_1	key_equal	slot_renumber	key_equal	slot_renumber	3.12	73	73
DIRFIW_comp_0	failed	-	hard_fail	-	hard_fail	-	335.11	125	121
DISHET_comp_0	success	UFF_1	byte_exact	-	byte_exact	-	4.73	90	90
DITREG_comp_0	success	UFF_1	byte_exact	-	byte_exact	-	2.96	91	91
DITSAB_comp_0	success	UFF_1	byte_exact	-	byte_exact	-	2.32	90	90
DIVXAI_comp_0	success	UFF_1	byte_exact	-	byte_exact	-	1.32	63	63
DIVXUC_comp_0	success	UFF_1	byte_exact	-	byte_exact	-	1.93	79	79
DIVYAJ_comp_0	success	UFF_1	key_equal	rdkit_canonical	byte_exact	-	3.90	75	63
DIVZOY_comp_0	success	UFF_1	structural	-	byte_exact	-	8.65	89	88
DIWBAN_comp_0	success	UFF_1	byte_exact	-	byte_exact	-	26.86	135	135
DIWZEQ_comp_0	success	UFF_1	byte_exact	-	byte_exact	-	1.72	64	64
DIXJEC_comp_0	success	UFF_1	byte_exact	-	byte_exact	-	1.64	75	75
DIYWAM_comp_0	success	UFF_1	structural	-	byte_exact	-	68.86	107	88
DIZCEV_comp_0	success	UFF_1	byte_exact	-	byte_exact	-	6.02	91	91
DIZPEK_comp_0	success	UFF_1	byte_exact	-	byte_exact	-	7.22	120	120
DOBQAN_comp_1	success	UFF_1	byte_exact	-	byte_exact	-	3.96	97	97
DOCNIU_comp_0	success	UFF_1	byte_exact	-	byte_exact	-	5.29	86	86
DOCPAO_comp_0	failed	-	hard_fail	-	hard_fail	-	58.05	89	89
DOCPES_comp_0	success	UFF_1	byte_exact	-	byte_exact	-	2.97	101	101
DOCZAY_comp_0	success	UFF_1	byte_exact	-	byte_exact	-	2.25	56	56
DODBII_comp_0	success	UFF_1	byte_exact	-	byte_exact	-	1.61	61	61
DODVOI_comp_0	success	UFF_1	byte_exact	-	byte_exact	-	2.37	75	75
DOFCAE_comp_0	failed	-	hard_fail	-	hard_fail	-	39.54	75	0
DOFCAE_comp_2	failed	-	hard_fail	-	hard_fail	-	38.91	75	0
DOFLIV_comp_0	success	UFF_1	byte_exact	-	byte_exact	-	2.25	64	64
DOFVEB_comp_0	success	UFF_1	byte_exact	-	byte_exact	-	4.14	116	116
DOFWIG_comp_0	success	UFF_1	key_equal	slot_renumber	key_equal	slot_renumber	5.33	90	90
DOFWOM_comp_0	success	UFF_1	byte_exact	-	byte_exact	-	5.53	85	85
DOGLIW_comp_0	success	UFF_1	byte_exact	-	byte_exact	-	6.28	158	158
DOGMOD_comp_0	success	UFF_1	structural	-	byte_exact	-	13.80	79	79
DOGPAS_comp_0	success	UFF_1	byte_exact	-	byte_exact	-	3.10	78	78
DOGQEX_comp_0	success	UFF_1	structural	-	byte_exact	-	170.86	113	114
DOJNAR_comp_0	success	UFF_1	byte_exact	-	byte_exact	-	1.75	57	57
DOKROM_comp_0	success	UFF_1	structural	-	byte_exact	-	100.69	141	144
DOLWEG_comp_0	success	UFF_1	structural	-	key_equal	slot_renumber	15.65	97	122
DOMDEP_comp_0	success	UFF_1	byte_exact	-	byte_exact	-	1.30	48	48
DOMDUG_comp_0	success	UFF_1	byte_exact	-	byte_exact	-	2.87	87	87
DOMFER_comp_0	success	UFF_1	byte_exact	-	byte_exact	-	3.02	103	103
DOMQUU_comp_1	success	UFF_1	byte_exact	-	byte_exact	-	15.26	135	135
DOMSUU_comp_0	success	UFF_1	byte_exact	-	byte_exact	-	2.67	91	91
DOMZEL_comp_0	success	UFF_1	key_equal	slot_renumber	key_equal	slot_renumber	8.57	104	104
DOQJIC_comp_0	success	UFF_1	byte_exact	-	byte_exact	-	2.91	116	116
DOQTIN_comp_0	success	UFF_1	byte_exact	-	byte_exact	-	2.81	81	81
DORQOQ_comp_0	success	UFF_1	byte_exact	-	byte_exact	-	3.74	190	190
DORTIQ_comp_0	success	UFF_1	key_equal	slot_renumber	key_equal	slot_renumber	3.34	82	82
DOSGAV_comp_0	success	UFF_1	byte_exact	-	byte_exact	-	2.38	91	91
DOTBEW_comp_0	success	UFF_1	byte_exact	-	byte_exact	-	25.18	123	123
DOTBIA_comp_0	success	UFF_1	structural	-	byte_exact	-	141.94	163	162
DOTWEQ_comp_0	success	UFF_1	byte_exact	-	byte_exact	-	5.16	67	67
DOTWOA_comp_0	success	UFF_1	byte_exact	-	byte_exact	-	2.39	89	89
DOWXIW_comp_0	success	UFF_1	byte_exact	-	byte_exact	-	1.76	62	62
DOYREQ_comp_0	success	UFF_1	byte_exact	-	byte_exact	-	2.00	81	81
DOYRUE_comp_0	success	UFF_1	key_equal	rdkit_canonical	byte_exact	-	6.21	101	86
DOYTIV_comp_0	success	UFF_1	byte_exact	-	byte_exact	-	4.05	94	94
DOZHAC_comp_0	success	UFF_1	byte_exact	-	byte_exact	-	3.41	82	82
DOZTIX_comp_0	success	UFF_1	byte_exact	-	byte_exact	-	2.90	118	118
DUBVEC_comp_0	success	UFF_1	byte_exact	-	byte_exact	-	1.80	76	76
DUFTED_comp_0	success	UFF_1	byte_exact	-	byte_exact	-	2.88	114	114
DUGSEF_comp_0	success	UFF_1	byte_exact	-	byte_exact	-	2.06	63	63
DUJLAX_comp_0	success	UFF_1	byte_exact	-	byte_exact	-	1.80	74	74
DUKMED_comp_0	success	UFF_1	byte_exact	-	byte_exact	-	2.28	82	82
DUKSEI_comp_0	success	UFF_1	byte_exact	-	byte_exact	-	2.45	74	74
DUMDEW_comp_0	success	UFF_1	byte_exact	-	byte_exact	-	3.34	126	126
DUNHEB_comp_0	success	UFF_1	structural	-	byte_exact	-	29.18	91	103
DUPTEO_comp_0	success	UFF_1	byte_exact	-	byte_exact	-	1.55	53	53
DUQGUS_comp_0	success	UFF_1	byte_exact	-	byte_exact	-	4.93	110	110
DURSOZ_comp_0	success	UFF_1	byte_exact	-	byte_exact	-	2.92	103	103
DUXPOC_comp_0	success	UFF_1	byte_exact	-	byte_exact	-	3.06	115	115
DUYRAS_comp_0	success	UFF_1	byte_exact	-	byte_exact	-	3.23	108	108
DUYREW_comp_0	success	UFF_1	byte_exact	-	byte_exact	-	1.88	68	68
DUYZAA_comp_0	success	UFF_1	byte_exact	-	byte_exact	-	3.25	122	122
DUZCUY_comp_0	success	UFF_1	byte_exact	-	byte_exact	-	1.47	48	48
DUZDAF_comp_0	success	UFF_1	byte_exact	-	byte_exact	-	1.48	52	52
DUZHUD_comp_0	success	UFF_1	byte_exact	-	byte_exact	-	4.53	143	143
DUZLAN_comp_0	success	UFF_1	key_equal	slot_renumber	key_equal	slot_renumber	5.16	82	82
EBAFUL_comp_0	failed	-	hard_fail	-	hard_fail	-	1.02	91	0
EBAGAS_comp_0	failed	-	hard_fail	-	hard_fail	-	1.09	114	0
EBAMEA_comp_0	success	UFF_1	structural	-	key_equal	slot_renumber	282.34	108	115
EBAMIE_comp_0	success	UFF_1	byte_exact	-	byte_exact	-	55.87	89	89
EBAXEN_comp_0	success	UFF_1	byte_exact	-	byte_exact	-	2.18	59	59
EBAZOW_comp_0	success	UFF_1	byte_exact	-	byte_exact	-	2.06	74	74
EBESIQ_comp_0	success	UFF_1	byte_exact	-	byte_exact	-	3.72	101	101
EBOGEK_comp_1	success	UFF_1	byte_exact	-	byte_exact	-	1.64	79	79
EBOHAE_comp_0	success	UFF_1	byte_exact	-	byte_exact	-	1.98	82	82
EBOLOY_comp_0	success	UFF_1	byte_exact	-	byte_exact	-	5.82	106	106
EBUBAH_comp_0	failed	-	hard_fail	-	hard_fail	-	506.94	204	192
EBUFOX_comp_0	success	UFF_1	byte_exact	-	byte_exact	-	157.95	90	90
EBUFUD_comp_0	success	UFF_1	byte_exact	-	byte_exact	-	4.42	80	80
EBUGEO_comp_0	success	UFF_1	key_equal	rdkit_canonical	byte_exact	-	28.80	92	83
EBUMOG_comp_0	success	UFF_1	key_equal	rdkit_canonical	byte_exact	-	6.01	96	93
ECEFAV_comp_0	success	UFF_1	byte_exact	-	byte_exact	-	8.62	81	81
ECEXIU_comp_0	success	UFF_1	byte_exact	-	byte_exact	-	2.21	88	88
ECEXOA_comp_0	success	UFF_1	byte_exact	-	byte_exact	-	1.69	64	64
ECEYUI_comp_0	success	UFF_1	key_equal	slot_renumber	key_equal	slot_renumber	11.06	94	94
ECIBOI_comp_0	success	UFF_1	byte_exact	-	byte_exact	-	7.30	55	55
ECIGAZ_comp_0	failed	-	hard_fail	-	hard_fail	-	300.39	96	0
ECIPUE_comp_0	success	UFF_1	byte_exact	-	byte_exact	-	2.47	100	100
ECOGAG_comp_0	success	UFF_1	byte_exact	-	byte_exact	-	3.92	130	130
ECOZAY_comp_0	success	UFF_1	byte_exact	-	byte_exact	-	12.77	119	119
EDACEU_comp_0	success	UFF_1	byte_exact	-	byte_exact	-	1.73	66	66
EDAMUR_comp_0	success	UFF_1	byte_exact	-	byte_exact	-	1.84	68	68
EDANAB_comp_0	success	UFF_1	byte_exact	-	byte_exact	-	6.46	83	83
EDANEF_comp_0	success	UFF_1	structural	-	byte_exact	-	15.57	77	61
EDEKOP_comp_0	success	UFF_1	byte_exact	-	byte_exact	-	11.05	109	109
EDEKUV_comp_0	success	UFF_1	byte_exact	-	byte_exact	-	3.99	85	85
EDEMEH_comp_0	success	UFF_1	byte_exact	-	byte_exact	-	4.68	128	128
EDEZOC_comp_0	success	UFF_1	byte_exact	-	byte_exact	-	5.67	103	103
EDISUI_comp_0	success	UFF_1	byte_exact	-	byte_exact	-	10.95	113	113
EDIZIB_comp_0	success	UFF_1	byte_exact	-	byte_exact	-	2.20	72	72
EDOGEM_comp_0	success	UFF_1	byte_exact	-	byte_exact	-	31.57	114	114
EDONOC_comp_0	success	UFF_1	byte_exact	-	byte_exact	-	2.57	64	64
EDOQIZ_comp_0	success	UFF_1	byte_exact	-	byte_exact	-	2.49	61	61
EDUBAI_comp_0	success	UFF_1	byte_exact	-	byte_exact	-	7.19	98	98
EFELEJ_comp_1	success	UFF_1	byte_exact	-	byte_exact	-	1.99	50	50
EFELOR_comp_0	success	UFF_1	structural	-	key_equal	slot_renumber	40.26	111	101
EFEVAO_comp_0	success	UFF_1	byte_exact	-	byte_exact	-	2.90	98	98
EFICOO_comp_0	success	UFF_1	byte_exact	-	byte_exact	-	7.00	96	96
EFIFAD_comp_0	success	UFF_1	byte_exact	-	byte_exact	-	3.50	104	104
EFIHUW_comp_0	success	UFF_1	byte_exact	-	byte_exact	-	2.50	77	77
EFILIQ_comp_0	success	UFF_1	byte_exact	-	byte_exact	-	2.27	82	82
EFOHOZ_comp_0	success	UFF_1	byte_exact	-	byte_exact	-	2.81	71	71
EFUPUS_comp_0	success	UFF_1	byte_exact	-	byte_exact	-	29.66	138	138
EFUXUY_comp_0	success	UFF_1	byte_exact	-	byte_exact	-	3.59	95	95
EFUYIN_comp_0	success	UFF_1	byte_exact	-	byte_exact	-	4.65	106	106
EGANEG_comp_0	success	UFF_1	byte_exact	-	byte_exact	-	4.62	122	122
EGAPOS_comp_0	success	UFF_1	byte_exact	-	byte_exact	-	5.18	139	139
EGEHIJ_comp_0	success	UFF_1	byte_exact	-	byte_exact	-	2.75	99	99
EGEJUX_comp_0	success	UFF_1	byte_exact	-	byte_exact	-	1.98	81	81
EGEMUA_comp_0	success	UFF_1	byte_exact	-	byte_exact	-	11.92	238	238
EGIGUY_comp_0	success	UFF_1	byte_exact	-	byte_exact	-	2.62	94	94
EGILIS_comp_0	success	UFF_1	key_equal	rdkit_canonical	key_equal	slot_renumber	11.81	106	97
EGIXOH_comp_0	success	UFF_1	byte_exact	-	byte_exact	-	12.73	71	71
EGODAI_comp_0	success	UFF_1	byte_exact	-	byte_exact	-	3.04	97	97
EGUFIV_comp_0	success	UFF_1	byte_exact	-	byte_exact	-	1.87	68	68
EGUNEA_comp_0	success	UFF_1	byte_exact	-	byte_exact	-	2.08	90	90
EHAQAG_comp_0	success	UFF_1	byte_exact	-	byte_exact	-	4.05	93	93
EHAQIO_comp_0	success	UFF_1	byte_exact	-	byte_exact	-	3.79	92	92
EHEPOY_comp_0	success	UFF_1	byte_exact	-	byte_exact	-	2.62	90	90
EHEZEW_comp_0	success	UFF_1	byte_exact	-	byte_exact	-	1.72	62	62
EHORID_comp_0	success	UFF_1	byte_exact	-	byte_exact	-	45.83	124	124
EHOTEA_comp_0	success	UFF_1	byte_exact	-	byte_exact	-	2.11	104	104
EHOWOP_comp_0	success	UFF_1	byte_exact	-	byte_exact	-	1.44	62	62
EHUDES_comp_0	success	UFF_1	byte_exact	-	byte_exact	-	1.75	64	64
EHURUV_comp_0	success	UFF_1	byte_exact	-	byte_exact	-	4.22	64	64
EJAMAE_comp_0	success	UFF_1	byte_exact	-	byte_exact	-	2.51	76	76
EJAMOS_comp_0	success	UFF_1	byte_exact	-	byte_exact	-	1.52	62	62
EJAQIQ_comp_0	success	UFF_1	byte_exact	-	byte_exact	-	6.35	131	131
EJEKAH_comp_0	success	UFF_1	byte_exact	-	byte_exact	-	20.12	115	115
EJITUN_comp_0	success	UFF_1	byte_exact	-	byte_exact	-	4.94	65	65
EJOWIK_comp_0	success	UFF_1	key_equal	slot_renumber	byte_exact	-	2.14	97	97
EJUCUH_comp_0	success	UFF_1	byte_exact	-	byte_exact	-	2.23	79	79
EJUDIX_comp_0	success	UFF_1	byte_exact	-	byte_exact	-	6.81	135	135
EJUFAR_comp_0	success	UFF_1	byte_exact	-	byte_exact	-	1.37	49	49
EJUFEV_comp_0	success	UFF_1	byte_exact	-	byte_exact	-	1.64	55	55
EJUKOK_comp_0	success	UFF_1	structural	-	byte_exact	-	27.80	112	81
EJUWEM_comp_0	success	UFF_1	byte_exact	-	byte_exact	-	2.77	86	86
EKAHON_comp_0	success	UFF_1	byte_exact	-	byte_exact	-	1.95	59	59
EKEBEC_comp_0	success	UFF_1	byte_exact	-	byte_exact	-	9.25	118	118
EKETUJ_comp_0	success	UFF_1	structural	-	key_equal	rdkit_canonical	91.70	119	126
EKEXAV_comp_0	success	UFF_1	byte_exact	-	byte_exact	-	2.56	95	95
EKIDAE_comp_0	success	UFF_1	byte_exact	-	byte_exact	-	7.53	97	97
EKIWEB_comp_1	success	UFF_1	key_equal	slot_renumber	key_equal	slot_renumber	8.96	92	92
EKOHIW_comp_0	success	UFF_1	structural	-	byte_exact	-	33.98	97	81
EKOQIF_comp_0	success	UFF_1	byte_exact	-	byte_exact	-	1.87	79	79
EKUQEI_comp_0	success	UFF_1	byte_exact	-	byte_exact	-	8.17	85	85
EKURIM_comp_0	success	UFF_1	byte_exact	-	byte_exact	-	4.88	115	115
EKUROS_comp_0	success	UFF_1	byte_exact	-	byte_exact	-	15.44	123	123
ELAPUD_comp_0	success	UFF_1	byte_exact	-	byte_exact	-	3.67	96	96
ELEKOV_comp_0	success	UFF_1	byte_exact	-	byte_exact	-	2.54	75	75
ELELAI_comp_0	success	UFF_1	byte_exact	-	byte_exact	-	2.74	83	83
ELELEM_comp_0	success	UFF_1	byte_exact	-	byte_exact	-	2.12	74	74
ELIYAB_comp_0	success	UFF_1	byte_exact	-	byte_exact	-	4.73	64	64
ELODUG_comp_0	success	UFF_1	byte_exact	-	byte_exact	-	3.96	106	106
ELOWAD_comp_0	success	UFF_1	byte_exact	-	byte_exact	-	3.84	117	117
EMAFON_comp_0	success	UFF_1	byte_exact	-	byte_exact	-	6.17	96	96
EMEGIM_comp_0	success	UFF_1	byte_exact	-	byte_exact	-	11.43	94	94
EMEKIQ_comp_0	success	UFF_1	byte_exact	-	byte_exact	-	9.22	133	133
EMOYEM_comp_0	success	UFF_1	byte_exact	-	byte_exact	-	1.74	53	53
EMUGAU_comp_0	success	UFF_1	structural	-	byte_exact	-	21.01	85	82
EMUQAG_comp_0	success	UFF_1	byte_exact	-	byte_exact	-	1.64	61	61
ENABEA_comp_0	success	UFF_1	key_equal	slot_renumber	byte_exact	-	2.16	75	75
ENALUB_comp_0	success	UFF_1	byte_exact	-	byte_exact	-	1.48	54	54
ENAWIA_comp_0	success	UFF_1	byte_exact	-	byte_exact	-	1.79	76	76
ENAXOG_comp_0	success	UFF_1	byte_exact	-	byte_exact	-	1.55	96	96
ENIBAG_comp_0	success	UFF_1	byte_exact	-	byte_exact	-	2.31	81	81
ENIBEK_comp_0	success	UFF_1	byte_exact	-	byte_exact	-	2.31	85	85
ENOMIE_comp_0	success	UFF_1	byte_exact	-	byte_exact	-	1.97	79	79
ENUGAX_comp_0	success	UFF_1	structural	-	byte_exact	-	54.89	114	126
EPADUW_comp_0	success	UFF_1	byte_exact	-	byte_exact	-	1.72	54	54
EPEJUG_comp_0	success	UFF_1	key_equal	slot_renumber	key_equal	slot_renumber	7.46	89	89
EPIBOW_comp_0	success	UFF_1	key_equal	slot_renumber	key_equal	slot_renumber	2.15	83	83
EPIMIB_comp_0	success	UFF_1	key_equal	slot_renumber	key_equal	slot_renumber	17.74	130	130
EPOLIF_comp_0	success	UFF_1	byte_exact	-	byte_exact	-	6.60	86	86
EPOLOL_comp_0	success	UFF_1	byte_exact	-	byte_exact	-	8.31	82	82
EPOZUF_comp_0	success	UFF_1	byte_exact	-	byte_exact	-	10.32	90	90
EPULIM_comp_0	success	UFF_1	byte_exact	-	byte_exact	-	1.84	79	79
EPULOS_comp_0	success	UFF_1	byte_exact	-	byte_exact	-	2.75	109	109
EPULUY_comp_0	success	UFF_1	byte_exact	-	byte_exact	-	4.55	117	117
EQAGEK_comp_0	success	UFF_1	structural	-	byte_exact	-	22.75	105	74
EQAGIO_comp_0	success	UFF_1	byte_exact	-	byte_exact	-	2.19	52	52
EQEKAO_comp_0	success	UFF_1	byte_exact	-	byte_exact	-	4.61	127	127
EQEROI_comp_0	failed	-	hard_fail	-	hard_fail	-	300.26	137	0
EQIWIK_comp_0	success	UFF_1	byte_exact	-	byte_exact	-	2.56	70	70
EQIXAF_comp_0	success	UFF_1	byte_exact	-	byte_exact	-	2.87	120	120
EQIXEJ_comp_0	success	UFF_1	byte_exact	-	byte_exact	-	2.58	120	120
EQODAQ_comp_0	success	UFF_1	byte_exact	-	byte_exact	-	6.66	126	126
EQOKOL_comp_0	success	UFF_1	key_equal	rdkit_canonical	byte_exact	-	4.30	85	79
EQOWOY_comp_0	success	UFF_1	byte_exact	-	byte_exact	-	4.40	104	104
EQOYEO_comp_0	success	UFF_1	structural	-	byte_exact	-	4.91	54	58
EQOZAM_comp_0	success	UFF_1	byte_exact	-	byte_exact	-	4.99	110	110
EQUVIX_comp_0	success	UFF_1	byte_exact	-	byte_exact	-	2.30	94	94
ERAQOE_comp_0	success	UFF_1	byte_exact	-	byte_exact	-	1.29	49	49
ERATIA_comp_0	success	UFF_1	structural	-	byte_exact	-	89.75	116	120
EREGAK_comp_1	success	UFF_1	byte_exact	-	byte_exact	-	3.54	118	118
ERIBOX_comp_0	success	UFF_1	byte_exact	-	byte_exact	-	5.91	74	74
ERIQON_comp_0	success	UFF_1	byte_exact	-	byte_exact	-	3.44	139	139
ESAMOB_comp_0	success	UFF_1	byte_exact	-	byte_exact	-	7.36	124	124
ESANES_comp_0	success	UFF_1	byte_exact	-	byte_exact	-	4.34	92	92
ESARAS_comp_0	success	UFF_1	byte_exact	-	byte_exact	-	1.98	67	67
ESARUM_comp_0	success	UFF_1	structural	-	byte_exact	-	142.82	128	125
ESAVAX_comp_0	success	UFF_1	key_equal	rdkit_canonical	key_equal	rdkit_canonical	15.12	140	142
ESAYAA_comp_0	success	UFF_1	byte_exact	-	byte_exact	-	2.87	90	90
ESEBIO_comp_0	success	UFF_1	byte_exact	-	byte_exact	-	16.17	103	103
ESEXIK_comp_0	success	UFF_1	structural	-	byte_exact	-	39.49	87	62
ESOCEW_comp_0	success	UFF_1	byte_exact	-	byte_exact	-	2.04	79	79
ESOCOE_comp_0	success	UFF_1	byte_exact	-	byte_exact	-	17.29	139	139
ESOSOU_comp_0	success	UFF_1	key_equal	slot_renumber	key_equal	slot_renumber	7.02	95	95
ESUTAO_comp_0	success	UFF_1	byte_exact	-	byte_exact	-	7.67	141	141
ETACIL_comp_1	success	UFF_1	structural	-	byte_exact	-	10.95	73	59
ETACOR_comp_0	success	UFF_1	byte_exact	-	byte_exact	-	1.12	43	43
ETACUX_comp_0	success	UFF_1	byte_exact	-	byte_exact	-	5.20	67	67
ETEFIU_comp_0	success	UFF_1	byte_exact	-	byte_exact	-	2.53	90	90
ETILUP_comp_0	success	UFF_1	structural	-	byte_exact	-	110.86	135	122
ETOGEB_comp_0	success	UFF_1	byte_exact	-	byte_exact	-	2.73	82	82
ETORIQ_comp_0	success	UFF_1	byte_exact	-	byte_exact	-	3.53	104	104
ETOTIR_comp_0	success	UFF_1	byte_exact	-	byte_exact	-	2.70	71	71
ETOVAL_comp_0	success	UFF_1	byte_exact	-	byte_exact	-	1.50	58	58
ETUKIO_comp_0	success	UFF_1	byte_exact	-	byte_exact	-	6.44	76	76
EVADUC_comp_0	success	UFF_1	key_equal	slot_renumber	key_equal	slot_renumber	11.55	139	139
EVAJOA_comp_1	success	UFF_1	byte_exact	-	byte_exact	-	5.91	64	64
EVEGIX_comp_0	success	UFF_1	byte_exact	-	byte_exact	-	2.40	68	68
EVETUW_comp_0	success	UFF_1	byte_exact	-	byte_exact	-	1.97	76	76
EVIQUX_comp_0	success	UFF_1	byte_exact	-	byte_exact	-	2.80	83	83
EVIQUX_comp_1	success	UFF_1	byte_exact	-	byte_exact	-	2.59	83	83
EVUHAF_comp_0	success	UFF_1	byte_exact	-	byte_exact	-	2.19	93	93
EVUHUZ_comp_0	success	UFF_1	structural	-	byte_exact	-	53.85	71	60
EVURAO_comp_0	success	UFF_1	byte_exact	-	byte_exact	-	5.11	90	90
EWALET_comp_0	success	UFF_1	structural	-	byte_exact	-	10.60	89	63
EWAMAQ_comp_2	failed	-	hard_fail	-	hard_fail	-	324.04	108	110
EWATAY_comp_0	success	UFF_1	byte_exact	-	byte_exact	-	2.80	58	58
EWATOM_comp_0	success	UFF_1	byte_exact	-	byte_exact	-	1.52	48	48
EWEHIZ_comp_0	success	UFF_1	byte_exact	-	byte_exact	-	2.01	77	77
EWEJAT_comp_0	success	UFF_1	byte_exact	-	byte_exact	-	2.41	75	75
EWIDIX_comp_0	success	UFF_1	byte_exact	-	byte_exact	-	1.42	47	47
EWIWUE_comp_0	success	UFF_1	byte_exact	-	byte_exact	-	1.13	49	49
EWOCAU_comp_0	success	UFF_1	byte_exact	-	byte_exact	-	4.26	140	140
EWOKIL_comp_0	success	UFF_1	byte_exact	-	byte_exact	-	1.49	55	55
EWOKOS_comp_0	success	UFF_1	byte_exact	-	byte_exact	-	6.42	99	99
EWOQEO_comp_0	success	UFF_1	byte_exact	-	byte_exact	-	2.30	82	82
EWUNUH_comp_0	success	UFF_1	byte_exact	-	byte_exact	-	2.25	82	82
EWUQIW_comp_0	success	UFF_1	byte_exact	-	byte_exact	-	2.56	100	100
EWUQOC_comp_0	success	UFF_1	structural	-	byte_exact	-	42.55	93	84
EXAXIL_comp_0	success	UFF_1	byte_exact	-	byte_exact	-	5.02	85	85
EXEDAM_comp_0	success	UFF_1	byte_exact	-	byte_exact	-	3.15	103	103
EXOREO_comp_0	success	UFF_1	byte_exact	-	byte_exact	-	1.58	46	46
EXOTEQ_comp_0	success	UFF_1	byte_exact	-	byte_exact	-	2.57	86	86
EYALEW_comp_0	success	UFF_1	key_equal	slot_renumber	key_equal	slot_renumber	3.32	105	105
EYEBOA_comp_0	success	UFF_1	structural	-	byte_exact	-	52.11	142	102
EYEWEK_comp_0	success	UFF_1	byte_exact	-	byte_exact	-	1.65	75	75
EYITIR_comp_0	success	UFF_1	byte_exact	-	byte_exact	-	2.89	93	93
EYIVAL_comp_0	success	UFF_1	byte_exact	-	byte_exact	-	3.52	109	109
EYIVIT_comp_0	success	UFF_1	byte_exact	-	byte_exact	-	5.29	87	87
EYOCEC_comp_0	success	UFF_1	structural	-	byte_exact	-	31.22	111	104
EZEHOI_comp_0	success	UFF_1	byte_exact	-	byte_exact	-	5.02	78	78
EZETUY_comp_0	success	UFF_1	byte_exact	-	byte_exact	-	5.97	72	72
EZODUT_comp_0	success	UFF_1	byte_exact	-	byte_exact	-	4.68	82	82
EZURIB_comp_0	success	UFF_1	structural	-	byte_exact	-	113.65	102	136
EZUROH_comp_0	success	UFF_1	structural	-	byte_exact	-	54.33	102	99
FABZEP_comp_0	success	UFF_1	byte_exact	-	byte_exact	-	5.06	69	69
FACFEW_comp_0	success	UFF_1	byte_exact	-	byte_exact	-	2.15	108	108
FAFJOO_comp_0	success	UFF_1	byte_exact	-	byte_exact	-	3.34	126	126
FAGZUL_comp_0	success	UFF_1	structural	-	byte_exact	-	10.96	91	93
FAHCEY_comp_0	success	UFF_1	key_equal	rdkit_canonical	key_equal	rdkit_canonical	4.27	110	110
FAHLUY_comp_0	success	UFF_1	byte_exact	-	byte_exact	-	2.62	100	100
FAHXUI_comp_0	success	UFF_1	byte_exact	-	byte_exact	-	2.78	77	77
FAJDEB_comp_0	success	UFF_1	key_equal	slot_renumber	key_equal	slot_renumber	6.29	101	101
FAJLAF_comp_0	success	UFF_1	byte_exact	-	byte_exact	-	1.97	74	74
FAMRET_comp_0	success	UFF_1	key_equal	slot_renumber	key_equal	slot_renumber	3.10	72	72
FANJAI_comp_0	success	UFF_1	byte_exact	-	byte_exact	-	2.76	105	105
FANQOB_comp_0	success	UFF_1	byte_exact	-	byte_exact	-	3.44	117	117
FANSAR_comp_0	success	UFF_1	key_equal	slot_renumber	key_equal	slot_renumber	3.81	82	82
FANXAW_comp_0	success	UFF_1	byte_exact	-	byte_exact	-	3.09	98	98
FANXOK_comp_0	success	UFF_1	byte_exact	-	byte_exact	-	2.44	94	94
FAQREX_comp_0	success	UFF_1	byte_exact	-	byte_exact	-	1.72	71	71
FARFAI_comp_0	failed	-	hard_fail	-	hard_fail	-	300.14	153	0
FASPIB_comp_0	success	UFF_1	byte_exact	-	byte_exact	-	2.23	66	66
FASSIC_comp_0	success	UFF_1	byte_exact	-	byte_exact	-	2.32	84	84
FATCEJ_comp_0	success	UFF_1	structural	-	byte_exact	-	6.36	94	74
FATZIM_comp_0	success	UFF_1	byte_exact	-	byte_exact	-	1.94	67	67
FAVBAI_comp_0	success	UFF_1	byte_exact	-	byte_exact	-	1.78	67	67
FAWHIV_comp_0	success	UFF_1	byte_exact	-	byte_exact	-	2.21	82	82
FAWREC_comp_0	success	UFF_1	byte_exact	-	byte_exact	-	5.82	99	99
FAWYIM_comp_0	success	UFF_1	byte_exact	-	byte_exact	-	1.32	46	46
FAYGOD_comp_0	success	UFF_1	byte_exact	-	byte_exact	-	1.95	84	84
FAYNEB_comp_0	success	UFF_1	structural	-	byte_exact	-	8.79	76	76
FAZSAC_comp_0	success	UFF_1	byte_exact	-	byte_exact	-	4.38	115	115
FEBNEH_comp_0	success	UFF_1	key_equal	rdkit_canonical	byte_exact	-	4.12	97	88
FEBRUZ_comp_0	success	UFF_1	byte_exact	-	byte_exact	-	1.38	47	47
FECKIJ_comp_0	success	UFF_1	byte_exact	-	byte_exact	-	2.21	76	76
FECSUC_comp_0	success	UFF_1	structural	-	byte_exact	-	32.77	106	87
FECTUF_comp_0	success	UFF_1	byte_exact	-	byte_exact	-	5.12	86	86
FECVAN_comp_0	success	UFF_1	byte_exact	-	byte_exact	-	2.02	81	81
FECVER_comp_0	success	UFF_1	byte_exact	-	byte_exact	-	2.74	96	96
FEDQUD_comp_0	success	UFF_1	structural	-	byte_exact	-	34.42	109	81
FEDYUI_comp_0	success	UFF_1	key_equal	slot_renumber	key_equal	slot_renumber	5.28	87	87
FEFWUK_comp_0	success	UFF_1	key_equal	slot_renumber	key_equal	slot_renumber	4.08	87	87
FEGBEA_comp_1	success	UFF_1	byte_exact	-	byte_exact	-	1.22	38	38
FEGKEJ_comp_0	success	UFF_1	byte_exact	-	byte_exact	-	3.70	83	83
FEHBEC_comp_1	success	UFF_1	byte_exact	-	byte_exact	-	1.89	80	80
FEHFOP_comp_0	success	UFF_1	byte_exact	-	byte_exact	-	1.37	54	54
FEHSIX_comp_0	success	UFF_1	byte_exact	-	byte_exact	-	2.15	104	104
FEHSOD_comp_0	success	UFF_1	byte_exact	-	byte_exact	-	2.21	86	86
FEHXUN_comp_0	success	UFF_1	byte_exact	-	byte_exact	-	2.75	72	72
FEJBIF_comp_0	success	UFF_1	byte_exact	-	byte_exact	-	1.78	61	61
FEJDUV_comp_0	success	UFF_1	byte_exact	-	byte_exact	-	1.51	62	62
FEJFAD_comp_0	success	UFF_1	byte_exact	-	byte_exact	-	1.42	58	58
FEJHEJ_comp_0	success	UFF_1	byte_exact	-	byte_exact	-	3.10	117	117
FEKKAJ_comp_0	failed	-	hard_fail	-	hard_fail	-	334.91	115	98
FEKMOY_comp_0	success	UFF_1	byte_exact	-	byte_exact	-	2.94	83	83
FELGIP_comp_0	success	UFF_1	byte_exact	-	byte_exact	-	2.44	81	81
FELQOE_comp_0	success	UFF_1	byte_exact	-	byte_exact	-	1.88	72	72
FENCUX_comp_0	success	UFF_1	byte_exact	-	byte_exact	-	2.72	86	86
FENDAE_comp_0	success	UFF_1	byte_exact	-	byte_exact	-	2.95	92	92
FENQAQ_comp_0	success	UFF_1	structural	-	byte_exact	-	21.46	106	90
FENTAV_comp_0	success	UFF_1	byte_exact	-	byte_exact	-	1.64	68	68
FEPXEG_comp_0	success	UFF_1	byte_exact	-	byte_exact	-	2.45	126	126
FEPZIK_comp_0	success	UFF_1	structural	-	byte_exact	-	13.97	79	50
FEPZOQ_comp_0	success	UFF_1	structural	-	byte_exact	-	14.64	79	50
FEQCEM_comp_0	success	UFF_1	key_equal	rdkit_canonical	byte_exact	-	6.93	123	105
FEQCIO_comp_0	success	UFF_1	byte_exact	-	byte_exact	-	2.27	99	99
FEQDEL_comp_0	success	UFF_1	byte_exact	-	byte_exact	-	10.67	97	97
FEQFIS_comp_0	success	UFF_1	byte_exact	-	byte_exact	-	11.21	146	146
FEQSAX_comp_0	success	UFF_1	byte_exact	-	byte_exact	-	24.05	256	256
FEQWIH_comp_0	success	UFF_1	byte_exact	-	byte_exact	-	9.41	126	126
FERVUT_comp_0	success	UFF_1	byte_exact	-	byte_exact	-	3.67	83	83
FESFER_comp_0	success	UFF_1	byte_exact	-	byte_exact	-	2.11	104	104
FESFOB_comp_0	success	UFF_1	byte_exact	-	byte_exact	-	2.03	103	103
FESFUG_comp_0	success	UFF_1	structural	-	byte_exact	-	20.85	101	66
FESFUH_comp_0	success	UFF_1	byte_exact	-	byte_exact	-	2.25	103	103
FESKUK_comp_0	success	UFF_1	structural	-	byte_exact	-	37.67	111	110
FETNEZ_comp_0	success	UFF_1	byte_exact	-	byte_exact	-	22.34	156	156
FETTAB_comp_0	success	UFF_1	key_equal	rdkit_canonical	byte_exact	-	29.20	90	81
FETTEF_comp_0	success	UFF_1	byte_exact	-	byte_exact	-	27.42	90	90
FEWBUF_comp_0	success	UFF_1	byte_exact	-	byte_exact	-	2.98	91	91
FEWLIF_comp_0	success	UFF_1	byte_exact	-	byte_exact	-	1.98	105	105
FEWYAK_comp_0	success	UFF_1	byte_exact	-	byte_exact	-	3.42	98	98
FEWZAL_comp_0	success	UFF_1	byte_exact	-	byte_exact	-	2.09	84	84
FEXSAE_comp_0	success	UFF_1	byte_exact	-	byte_exact	-	1.67	82	82
FEXSEI_comp_0	success	UFF_1	byte_exact	-	byte_exact	-	3.16	102	102
FEXSOS_comp_0	success	UFF_1	byte_exact	-	byte_exact	-	2.35	88	88
FEXSUY_comp_0	success	UFF_1	byte_exact	-	byte_exact	-	2.15	87	87
FEYBUJ_comp_0	success	UFF_1	byte_exact	-	byte_exact	-	1.64	59	59
FIBQAK_comp_0	success	UFF_1	structural	-	byte_exact	-	62.27	116	100
FICFEF_comp_0	success	UFF_1	byte_exact	-	byte_exact	-	3.50	76	76
FICJUX_comp_0	success	UFF_1	byte_exact	-	byte_exact	-	2.54	92	92
FICJUY_comp_0	success	UFF_1	byte_exact	-	byte_exact	-	1.83	72	72
FICREQ_comp_0	success	UFF_1	byte_exact	-	byte_exact	-	2.06	90	90
FIDNUE_comp_0	success	UFF_1	key_equal	slot_renumber	key_equal	slot_renumber	11.75	166	166
FIDVOG_comp_0	success	UFF_1	byte_exact	-	byte_exact	-	1.54	66	66
FIFBUR_comp_0	success	UFF_1	byte_exact	-	byte_exact	-	2.06	70	70
FIFCEF_comp_0	success	UFF_1	byte_exact	-	byte_exact	-	2.28	105	105
FIFDUU_comp_0	success	UFF_1	byte_exact	-	byte_exact	-	1.30	58	58
FIFNIU_comp_0	success	UFF_1	byte_exact	-	byte_exact	-	2.14	76	76
FIFNOA_comp_0	success	UFF_1	byte_exact	-	byte_exact	-	2.23	82	82
FIFZIF_comp_0	success	UFF_1	byte_exact	-	byte_exact	-	67.41	136	136
FIGGUY_comp_1	success	UFF_1	byte_exact	-	byte_exact	-	1.89	72	72
FIHGOV_comp_0	success	UFF_1	key_equal	rdkit_canonical	key_equal	rdkit_canonical	221.79	139	139
FIHNOC_comp_0	success	UFF_1	byte_exact	-	byte_exact	-	4.39	85	85
FIJPEW_comp_0	success	UFF_1	byte_exact	-	byte_exact	-	2.99	75	75
FIKXAZ_comp_0	success	UFF_1	byte_exact	-	byte_exact	-	2.61	89	89
FIKZAC_comp_0	success	UFF_1	byte_exact	-	byte_exact	-	5.81	83	83
FIKZEG_comp_0	success	UFF_1	byte_exact	-	byte_exact	-	4.72	82	82
FILLUJ_comp_0	success	UFF_1	byte_exact	-	byte_exact	-	6.46	70	70
FILVON_comp_0	success	UFF_1	byte_exact	-	byte_exact	-	4.89	109	109
FIMGAM_comp_0	success	UFF_1	byte_exact	-	byte_exact	-	4.22	73	73
FIMMUK_comp_0	success	UFF_1	structural	-	byte_exact	-	46.17	143	137
FIMTON_comp_0	success	UFF_1	byte_exact	-	byte_exact	-	1.75	78	78
FIPHIY_comp_0	success	UFF_1	byte_exact	-	byte_exact	-	1.64	78	78
FIQDAM_comp_0	success	UFF_1	byte_exact	-	byte_exact	-	1.86	70	70
FIQPIG_comp_0	failed	-	hard_fail	-	hard_fail	-	549.76	137	144
FIQTEG_comp_0	success	UFF_1	byte_exact	-	byte_exact	-	5.47	82	82
FIRPOO_comp_0	success	UFF_1	byte_exact	-	byte_exact	-	1.74	64	64
FISFEU_comp_0	success	UFF_1	byte_exact	-	byte_exact	-	1.91	50	50
FITXOY_comp_0	success	UFF_1	byte_exact	-	byte_exact	-	6.03	151	151
FIVKIG_comp_0	success	UFF_1	byte_exact	-	byte_exact	-	4.63	87	87
FIXDAS_comp_0	success	UFF_1	byte_exact	-	byte_exact	-	26.89	163	163
FIXSAJ_comp_0	success	UFF_1	byte_exact	-	byte_exact	-	1.43	70	70
FIXXES_comp_0	success	UFF_1	key_equal	slot_renumber	key_equal	slot_renumber	2.70	73	73
FIYBEX_comp_0	success	UFF_1	key_equal	rdkit_canonical	byte_exact	-	8.73	151	139
FIYBIB_comp_0	failed	-	hard_fail	-	hard_fail	-	300.45	153	0
FIYHUT_comp_3	success	UFF_1	byte_exact	-	byte_exact	-	1.95	50	50
FOCFAG_comp_0	success	UFF_1	byte_exact	-	byte_exact	-	3.21	93	93
FOGCIN_comp_0	success	UFF_1	structural	-	byte_exact	-	13.40	44	37
FOGPIB_comp_0	success	UFF_1	byte_exact	-	byte_exact	-	2.57	84	84
FOGYIL_comp_1	success	UFF_1	byte_exact	-	byte_exact	-	1.01	24	24
FOHFIT_comp_0	success	UFF_1	structural	-	byte_exact	-	21.59	88	62
FOJHIW_comp_0	success	UFF_1	byte_exact	-	byte_exact	-	4.25	130	130
FOJJUM_comp_0	failed	-	hard_fail	-	hard_fail	-	300.20	191	0
FOJQEA_comp_0	success	UFF_1	byte_exact	-	byte_exact	-	1.94	62	62
FOJWOR_comp_0	success	UFF_1	structural	-	byte_exact	-	13.54	120	84
FOJZOU_comp_0	success	UFF_1	structural	-	byte_exact	-	12.98	62	48
FOKDIU_comp_0	success	UFF_1	byte_exact	-	byte_exact	-	1.97	74	74
FOKDIV_comp_0	failed	-	hard_fail	-	hard_fail	-	300.27	116	0
FOKQOM_comp_0	success	UFF_1	structural	-	byte_exact	-	51.50	89	85
FOLGUL_comp_0	success	UFF_1	byte_exact	-	byte_exact	-	3.50	98	98
FOLKEX_comp_0	success	UFF_1	key_equal	rdkit_canonical	byte_exact	-	5.96	122	116
FOLKOH_comp_1	success	UFF_1	byte_exact	-	byte_exact	-	2.58	108	108
FONCAO_comp_0	success	UFF_1	byte_exact	-	byte_exact	-	1.62	57	57
FONHAU_comp_0	success	UFF_1	byte_exact	-	byte_exact	-	3.23	100	100
FONLIF_comp_0	success	UFF_1	byte_exact	-	byte_exact	-	11.67	105	105
FOPKOM_comp_0	success	UFF_1	byte_exact	-	byte_exact	-	4.07	110	110
FOPNIK_comp_0	success	UFF_1	byte_exact	-	byte_exact	-	1.94	86	86
FOQGAU_comp_0	success	UFF_1	byte_exact	-	byte_exact	-	5.57	92	92
FOQGEX_comp_0	success	g-xTB_1	byte_exact	-	byte_exact	-	351.43	79	79
FOQGEY_comp_0	success	UFF_1	byte_exact	-	byte_exact	-	59.42	120	120
FORGUR_comp_0	success	UFF_1	byte_exact	-	byte_exact	-	11.33	73	73
FORVOZ_comp_0	success	UFF_1	byte_exact	-	byte_exact	-	3.63	132	132
FOSFID_comp_0	success	UFF_1	byte_exact	-	byte_exact	-	2.05	102	102
FOSFOJ_comp_0	success	UFF_1	byte_exact	-	byte_exact	-	2.17	94	94
FOSNEI_comp_0	failed	-	hard_fail	-	hard_fail	-	728.84	103	103
FOSPIO_comp_0	success	UFF_1	byte_exact	-	byte_exact	-	2.63	84	84
FOSWOA_comp_0	success	UFF_1	byte_exact	-	byte_exact	-	2.59	68	68
FOTBAT_comp_0	success	UFF_1	byte_exact	-	byte_exact	-	2.23	77	77
FOTBIZ_comp_0	success	UFF_1	byte_exact	-	byte_exact	-	2.77	71	71
FOWBOJ_comp_0	success	UFF_1	byte_exact	-	byte_exact	-	1.39	54	54
FOWKAE_comp_0	success	UFF_1	byte_exact	-	byte_exact	-	21.10	77	77
FOXKUZ_comp_0	success	UFF_1	byte_exact	-	byte_exact	-	3.04	116	116
FOYDAZ_comp_0	success	UFF_1	byte_exact	-	byte_exact	-	5.86	86	86
FOYRUI_comp_0	success	UFF_1	byte_exact	-	byte_exact	-	4.14	68	68
FOYYAV_comp_0	success	UFF_1	byte_exact	-	byte_exact	-	2.12	75	75
FOZFOR_comp_0	success	UFF_1	byte_exact	-	byte_exact	-	2.19	77	77
FUBCAI_comp_0	success	UFF_1	byte_exact	-	byte_exact	-	9.83	131	131
FUBQID_comp_0	success	UFF_1	byte_exact	-	byte_exact	-	3.19	116	116
FUDPAW_comp_0	success	UFF_1	byte_exact	-	byte_exact	-	1.30	54	54
FUGBAM_comp_0	success	UFF_1	byte_exact	-	byte_exact	-	5.08	125	125
FUHXIQ_comp_0	success	UFF_1	byte_exact	-	byte_exact	-	2.08	72	72
FUJRAE_comp_0	success	UFF_1	key_equal	rdkit_canonical	byte_exact	-	63.25	113	107
FULBIZ_comp_0	success	UFF_1	structural	-	key_equal	slot_renumber	58.98	127	108
FUMPAF_comp_0	success	UFF_1	byte_exact	-	byte_exact	-	3.33	92	92
FUMZEU_comp_0	success	UFF_1	byte_exact	-	byte_exact	-	3.89	114	114
FUPBUO_comp_0	success	UFF_1	byte_exact	-	byte_exact	-	18.79	129	129
FUPTAN_comp_0	success	UFF_1	byte_exact	-	byte_exact	-	12.69	78	78
FUQZAT_comp_0	success	UFF_1	structural	-	key_equal	slot_renumber	14.25	79	63
FURCIF_comp_0	success	UFF_1	byte_exact	-	byte_exact	-	7.38	91	91
FUSNAK_comp_0	success	UFF_1	structural	-	key_equal	slot_renumber	32.61	108	112
FUVLEP_comp_0	success	UFF_1	byte_exact	-	byte_exact	-	1.59	58	58
FUVPIX_comp_0	success	UFF_1	byte_exact	-	byte_exact	-	1.81	78	78
FUVXAX_comp_0	success	UFF_1	byte_exact	-	byte_exact	-	1.65	69	69
FUWMAN_comp_0	success	UFF_1	byte_exact	-	byte_exact	-	103.67	146	146
FUWXEC_comp_0	success	UFF_1	byte_exact	-	byte_exact	-	1.65	62	62
FUXGIQ_comp_0	success	UFF_1	byte_exact	-	byte_exact	-	3.35	79	79
FUXMAN_comp_0	success	UFF_1	structural	-	byte_exact	-	60.71	117	92
FUXMUH_comp_0	success	UFF_1	byte_exact	-	byte_exact	-	2.58	98	98
FUYXII_comp_0	success	UFF_1	key_equal	slot_renumber	key_equal	slot_renumber	15.95	154	154
FUYYAB_comp_0	success	UFF_1	structural	-	byte_exact	-	14.63	95	53
FUYYEF_comp_0	success	UFF_1	structural	-	byte_exact	-	17.94	104	62
FUZSOK_comp_0	success	UFF_1	structural	-	byte_exact	-	8.18	78	89
GABLAZ_comp_0	success	UFF_1	byte_exact	-	byte_exact	-	4.26	109	109
GABSOT_comp_0	failed	-	encode_fail	-	encode_fail	-	300.48	0	0
GABTUB_comp_0	success	UFF_1	byte_exact	-	byte_exact	-	10.81	108	108
GABVEN_comp_0	success	UFF_1	byte_exact	-	byte_exact	-	3.31	100	100
GACCAQ_comp_0	success	UFF_1	structural	-	byte_exact	-	9.35	86	83
GACTAG_comp_0	success	UFF_1	structural	-	byte_exact	-	19.01	62	45
GADDOE_comp_0	success	UFF_1	byte_exact	-	byte_exact	-	4.14	132	132
GADKUR_comp_0	success	UFF_1	byte_exact	-	byte_exact	-	3.37	104	104
GADKUT_comp_0	success	UFF_1	byte_exact	-	byte_exact	-	176.47	131	131
GAFZIZ_comp_0	success	UFF_1	byte_exact	-	byte_exact	-	2.99	111	111
GAGBUO_comp_0	success	UFF_1	byte_exact	-	byte_exact	-	2.78	80	80
GAHKOQ_comp_0	success	UFF_1	byte_exact	-	byte_exact	-	1.93	81	81
GAKLAI_comp_0	success	UFF_1	byte_exact	-	byte_exact	-	2.99	91	91
GAKLIQ_comp_0	success	UFF_1	byte_exact	-	byte_exact	-	2.68	91	91
GAKQIV_comp_0	success	UFF_1	byte_exact	-	byte_exact	-	6.14	91	91
GAKSET_comp_0	success	UFF_1	byte_exact	-	byte_exact	-	2.46	88	88
GAKZOK_comp_0	success	UFF_1	key_equal	slot_renumber	key_equal	slot_renumber	11.34	113	113
GALJIN_comp_0	success	UFF_1	byte_exact	-	byte_exact	-	5.05	81	81
GALTOF_comp_0	success	UFF_1	byte_exact	-	byte_exact	-	3.46	100	100
GALZOK_comp_0	success	UFF_1	structural	-	key_equal	rdkit_canonical	63.44	123	112
GAMFOS_comp_0	success	UFF_1	structural	-	byte_exact	-	57.52	106	112
GAMJAG_comp_0	success	UFF_1	byte_exact	-	byte_exact	-	12.86	118	118
GANFEI_comp_0	failed	-	hard_fail	-	hard_fail	-	120.27	126	0
GANPIV_comp_0	success	UFF_1	key_equal	rdkit_canonical	byte_exact	-	5.56	118	115
GANSUL_comp_0	success	UFF_1	byte_exact	-	byte_exact	-	2.04	74	74
GAQWUR_comp_0	success	UFF_1	byte_exact	-	byte_exact	-	2.50	118	118
GARTIE_comp_1	success	UFF_1	byte_exact	-	byte_exact	-	5.89	157	157
GARVOL_comp_0	success	UFF_1	byte_exact	-	byte_exact	-	2.48	120	120
GARXAZ_comp_0	success	UFF_1	structural	-	byte_exact	-	27.40	115	87
GASNOF_comp_0	success	UFF_1	byte_exact	-	byte_exact	-	5.13	72	72
GASRAV_comp_0	success	UFF_1	byte_exact	-	byte_exact	-	2.34	104	104
GASREZ_comp_0	success	UFF_1	byte_exact	-	byte_exact	-	4.80	106	106
GATBOT_comp_0	success	UFF_1	byte_exact	-	byte_exact	-	2.54	88	88
GATGEQ_comp_0	success	UFF_1	byte_exact	-	byte_exact	-	2.61	74	74
GAVSED_comp_0	success	UFF_1	byte_exact	-	byte_exact	-	135.31	118	118
GAVSUT_comp_0	success	UFF_1	key_equal	rdkit_canonical	byte_exact	-	27.51	233	221
GAVYUA_comp_0	success	UFF_1	byte_exact	-	byte_exact	-	5.54	91	91
GAWMAS_comp_0	success	UFF_1	byte_exact	-	key_equal	slot_renumber	12.20	148	148
GAYCAN_comp_0	success	UFF_1	byte_exact	-	byte_exact	-	4.11	162	162
GAYRIJ_comp_1	success	UFF_1	byte_exact	-	byte_exact	-	2.17	74	74
GAYSOO_comp_0	success	UFF_1	structural	-	key_equal	slot_renumber	21.59	104	68
GAYWAH_comp_0	success	UFF_1	byte_exact	-	byte_exact	-	5.55	105	105
GEBQIP_comp_0	success	UFF_1	byte_exact	-	byte_exact	-	2.54	107	107
GEBTEP_comp_0	success	UFF_1	structural	-	key_equal	slot_renumber	9.85	69	73
GEBTUF_comp_0	success	UFF_1	byte_exact	-	byte_exact	-	10.45	124	124
GEDNAF_comp_0	success	UFF_1	byte_exact	-	byte_exact	-	1.84	91	91
GEDYUJ_comp_0	success	UFF_1	byte_exact	-	byte_exact	-	6.49	125	125
GEFGUW_comp_0	success	UFF_1	byte_exact	-	byte_exact	-	4.23	97	97
GEFMUC_comp_0	success	UFF_1	byte_exact	-	byte_exact	-	11.44	92	92
GEGCIH_comp_0	success	UFF_1	byte_exact	-	byte_exact	-	7.08	110	110
GEGYUO_comp_0	success	UFF_1	byte_exact	-	byte_exact	-	2.34	77	77
GEJTUN_comp_0	success	UFF_1	byte_exact	-	byte_exact	-	1.85	62	62
GEJWIE_comp_0	success	UFF_1	byte_exact	-	byte_exact	-	2.86	96	96
GEKNUG_comp_0	failed	-	hard_fail	-	hard_fail	-	1.46	182	0
GEKZUU_comp_0	success	UFF_1	facmer_divergent	-	byte_exact	-	18.69	92	55
GELYUU_comp_0	success	UFF_1	byte_exact	-	byte_exact	-	2.91	87	87
GELZEF_comp_0	success	UFF_1	byte_exact	-	byte_exact	-	2.18	81	81
GENGOX_comp_0	success	UFF_1	byte_exact	-	byte_exact	-	1.55	73	73
GENZIK_comp_0	success	UFF_1	byte_exact	-	byte_exact	-	4.49	111	111
GEQXEG_comp_0	success	UFF_1	byte_exact	-	byte_exact	-	1.57	61	61
GESJIA_comp_0	success	UFF_1	byte_exact	-	byte_exact	-	1.58	64	64
GESYAG_comp_0	success	UFF_1	key_equal	slot_renumber	byte_exact	-	5.49	120	120
GEVXEK_comp_0	success	UFF_1	byte_exact	-	byte_exact	-	1.93	68	68
GEYQOS_comp_0	success	UFF_1	byte_exact	-	byte_exact	-	17.15	173	173
GEYYUG_comp_0	success	UFF_1	byte_exact	-	byte_exact	-	2.94	79	79
GEZQUA_comp_0	success	UFF_1	byte_exact	-	byte_exact	-	2.00	77	77
GEZZOC_comp_0	success	UFF_1	byte_exact	-	byte_exact	-	6.84	152	152
GIBMEM_comp_0	success	UFF_1	structural	-	byte_exact	-	15.40	85	92
GIBZEW_comp_0	success	UFF_1	byte_exact	-	byte_exact	-	6.91	79	79
GIDCIG_comp_0	success	UFF_1	byte_exact	-	byte_exact	-	1.68	64	64
GIFFIL_comp_0	success	UFF_1	byte_exact	-	byte_exact	-	8.77	75	75
GIFFUX_comp_0	success	UFF_1	byte_exact	-	byte_exact	-	16.79	75	75
GIFNOA_comp_0	success	UFF_1	byte_exact	-	byte_exact	-	2.96	109	109
GIFQEU_comp_0	success	UFF_1	byte_exact	-	byte_exact	-	3.82	125	125
GIFVUN_comp_0	failed	-	hard_fail	-	hard_fail	-	300.18	145	0
GIFXOJ_comp_0	success	UFF_1	byte_exact	-	byte_exact	-	25.89	149	149
GIGLAK_comp_0	success	UFF_1	byte_exact	-	byte_exact	-	5.02	100	100
GIHFIO_comp_0	success	UFF_1	byte_exact	-	byte_exact	-	2.09	88	88
GIHTAT_comp_0	success	UFF_1	key_equal	slot_renumber	byte_exact	-	2.94	62	62
GIHWIE_comp_0	success	UFF_1	byte_exact	-	byte_exact	-	3.31	61	61
GIJBOR_comp_0	success	UFF_1	key_equal	slot_renumber	key_equal	slot_renumber	4.32	70	70
GIJFEL_comp_0	success	UFF_1	byte_exact	-	byte_exact	-	3.04	72	72
GIJNOF_comp_0	success	UFF_1	byte_exact	-	byte_exact	-	1.90	68	68
GIJPUN_comp_0	success	UFF_1	byte_exact	-	byte_exact	-	6.21	112	112
GIJQIC_comp_0	success	UFF_1	byte_exact	-	byte_exact	-	1.71	67	67
GIKYOR_comp_0	success	UFF_1	byte_exact	-	byte_exact	-	1.73	67	67
GILNIZ_comp_0	success	UFF_1	byte_exact	-	byte_exact	-	1.91	86	86
GILWAA_comp_0	success	UFF_1	byte_exact	-	byte_exact	-	7.50	162	162
GIMKIY_comp_1	success	UFF_1	key_equal	slot_renumber	key_equal	slot_renumber	10.35	119	119
GIMWAA_comp_0	success	UFF_1	structural	-	byte_exact	-	56.23	100	84
GINCAK_comp_0	success	UFF_1	byte_exact	-	byte_exact	-	4.34	61	61
GINSIH_comp_0	success	UFF_1	byte_exact	-	byte_exact	-	4.32	83	83
GITZUG_comp_0	success	UFF_1	byte_exact	-	byte_exact	-	2.62	103	103
GIVBUK_comp_0	success	UFF_1	byte_exact	-	byte_exact	-	3.09	114	114
GIVNOP_comp_0	success	UFF_1	byte_exact	-	byte_exact	-	2.89	110	110
GIVPAE_comp_0	success	UFF_1	byte_exact	-	byte_exact	-	6.10	107	107
GIVSEK_comp_0	success	UFF_1	byte_exact	-	byte_exact	-	1.63	62	62
GIVSOV_comp_0	success	UFF_1	byte_exact	-	byte_exact	-	1.47	79	79
GIVYAN_comp_0	success	UFF_1	byte_exact	-	byte_exact	-	2.69	115	115
GIVZIU_comp_0	success	UFF_1	byte_exact	-	byte_exact	-	1.81	78	78
GIWHEA_comp_0	success	UFF_1	byte_exact	-	byte_exact	-	1.74	74	74
GIXCOG_comp_0	success	UFF_1	byte_exact	-	byte_exact	-	1.95	71	71
GIXGIE_comp_1	success	UFF_1	byte_exact	-	byte_exact	-	5.61	170	170
GIXRIR_comp_0	success	UFF_1	key_equal	slot_renumber	key_equal	slot_renumber	7.70	115	115
GIXROX_comp_0	success	UFF_1	byte_exact	-	byte_exact	-	3.70	66	66
GIYBAU_comp_0	success	UFF_1	key_equal	slot_renumber	byte_exact	-	5.58	121	121
GIYGIH_comp_0	success	UFF_1	byte_exact	-	byte_exact	-	1.93	78	78
GIYHEE_comp_0	success	UFF_1	byte_exact	-	byte_exact	-	2.10	88	88
GIZQEN_comp_0	success	UFF_1	byte_exact	-	byte_exact	-	53.40	127	127
GIZRAK_comp_0	success	UFF_1	byte_exact	-	byte_exact	-	2.16	74	74
GOBDIM_comp_0	success	UFF_1	byte_exact	-	byte_exact	-	4.56	81	81
GOBMEP_comp_0	success	UFF_1	byte_exact	-	byte_exact	-	4.09	121	121
GOBYAA_comp_0	failed	-	hard_fail	-	hard_fail	-	300.18	216	0
GODCOU_comp_0	success	UFF_1	byte_exact	-	byte_exact	-	2.15	76	76
GODNUK_comp_0	success	UFF_1	byte_exact	-	byte_exact	-	7.41	88	88
GOFHUH_comp_0	success	UFF_1	byte_exact	-	byte_exact	-	12.94	106	106
GOFLIY_comp_0	success	UFF_1	byte_exact	-	byte_exact	-	5.52	95	95
GOFTOK_comp_0	success	UFF_1	byte_exact	-	byte_exact	-	1.88	68	68
GOHNEW_comp_0	success	UFF_1	byte_exact	-	byte_exact	-	2.04	83	83
GOHPOI_comp_0	success	UFF_1	byte_exact	-	byte_exact	-	1.97	81	81
GONBIW_comp_0	success	UFF_1	byte_exact	-	byte_exact	-	1.87	80	80
GONHAS_comp_0	success	UFF_1	byte_exact	-	key_equal	rdkit_canonical	144.84	113	113
GOPBUL_comp_0	success	UFF_1	byte_exact	-	byte_exact	-	3.33	100	100
GOQHIF_comp_0	success	UFF_1	byte_exact	-	byte_exact	-	14.20	71	71
GOQSUC_comp_0	success	UFF_1	byte_exact	-	byte_exact	-	14.22	120	120
GORNUY_comp_0	failed	-	hard_fail	-	hard_fail	-	300.12	306	0
GOTHUU_comp_0	success	UFF_1	byte_exact	-	byte_exact	-	3.23	87	87
GOTWUJ_comp_0	success	UFF_1	byte_exact	-	byte_exact	-	4.49	94	94
GOWQOY_comp_0	success	UFF_1	key_equal	slot_renumber	key_equal	slot_renumber	1.97	59	59
GOYTAR_comp_0	success	UFF_1	byte_exact	-	byte_exact	-	1.99	63	63
GUBTUS_comp_0	success	UFF_1	key_equal	rdkit_canonical	byte_exact	-	7.69	183	165
GUCBIR_comp_0	success	UFF_1	byte_exact	-	byte_exact	-	2.35	106	106
GUGPON_comp_0	success	UFF_1	byte_exact	-	byte_exact	-	1.69	56	56
GUHJOI_comp_0	success	UFF_1	byte_exact	-	byte_exact	-	2.43	90	90
GUKBOF_comp_0	success	UFF_1	byte_exact	-	byte_exact	-	2.55	80	80
GUKDAS_comp_0	success	UFF_1	byte_exact	-	byte_exact	-	6.07	113	113
GUKSAI_comp_0	success	UFF_1	byte_exact	-	byte_exact	-	5.29	71	71
GUKZOD_comp_0	success	UFF_1	byte_exact	-	byte_exact	-	9.45	93	93
GULPAG_comp_0	success	UFF_1	structural	-	byte_exact	-	27.62	103	83
GULXUI_comp_0	success	UFF_1	byte_exact	-	byte_exact	-	4.46	63	63
GUMXET_comp_0	success	UFF_1	byte_exact	-	byte_exact	-	5.22	72	72
GUNXEU_comp_0	success	UFF_1	key_equal	slot_renumber	key_equal	slot_renumber	10.11	117	117
GUNYUK_comp_0	success	UFF_1	byte_exact	-	byte_exact	-	38.77	131	131
GUPDOM_comp_0	success	UFF_1	byte_exact	-	byte_exact	-	1.80	54	54
GUQBUQ_comp_0	success	UFF_1	byte_exact	-	byte_exact	-	1.50	73	73
GUQCAX_comp_0	success	UFF_1	byte_exact	-	byte_exact	-	1.69	79	79
GUQFEF_comp_0	success	UFF_1	byte_exact	-	byte_exact	-	2.55	90	90
GUQVEV_comp_0	success	UFF_1	byte_exact	-	byte_exact	-	8.17	98	98
GURJUA_comp_0	failed	-	hard_fail	-	hard_fail	-	114.46	148	0
GURKOU_comp_0	failed	-	hard_fail	-	hard_fail	-	0.97	94	0
GURKUA_comp_0	failed	-	hard_fail	-	hard_fail	-	1.01	94	0
GURWAT_comp_0	success	UFF_1	byte_exact	-	byte_exact	-	245.46	152	152
GUSQIU_comp_0	success	UFF_1	byte_exact	-	byte_exact	-	2.64	105	105
GUSQOA_comp_0	success	UFF_1	byte_exact	-	byte_exact	-	4.68	145	145
GUSRAN_comp_0	success	UFF_1	byte_exact	-	byte_exact	-	3.58	157	157
GUSVEX_comp_0	success	UFF_1	byte_exact	-	byte_exact	-	1.95	69	69
GUTTUK_comp_0	success	UFF_1	byte_exact	-	byte_exact	-	2.95	116	116
GUVJUD_comp_1	success	UFF_1	byte_exact	-	byte_exact	-	1.07	34	34
GUWNUJ_comp_0	success	UFF_1	byte_exact	-	byte_exact	-	4.22	90	90
GUXDUZ_comp_0	success	UFF_1	structural	-	byte_exact	-	29.86	99	96
GUXFEL_comp_0	success	UFF_1	byte_exact	-	byte_exact	-	15.56	114	114
GUXHOX_comp_0	success	UFF_1	byte_exact	-	byte_exact	-	1.53	61	61
GUXMAP_comp_0	failed	-	hard_fail	-	hard_fail	-	55.08	83	0
GUXNIY_comp_0	success	UFF_1	byte_exact	-	byte_exact	-	4.46	75	75
GUXPUM_comp_0	success	UFF_1	byte_exact	-	byte_exact	-	6.64	75	75
GUYQUO_comp_0	failed	-	structural	-	structural	-	352.01	82	81
GUZHEP_comp_0	success	UFF_1	byte_exact	-	byte_exact	-	2.46	89	89
GUZKER_comp_0	success	UFF_1	byte_exact	-	byte_exact	-	1.32	48	48
GUZZIL_comp_0	success	UFF_1	byte_exact	-	byte_exact	-	5.79	108	108
HABGOJ_comp_0	success	UFF_1	byte_exact	-	byte_exact	-	2.44	88	88
HABJAX_comp_0	success	UFF_1	byte_exact	-	byte_exact	-	4.64	149	149
HACDOG_comp_0	failed	-	hard_fail	-	hard_fail	-	386.66	147	167
HACYEQ_comp_0	success	UFF_1	key_equal	rdkit_canonical	key_equal	rdkit_canonical	135.54	129	129
HAFQOV_comp_0	success	UFF_1	byte_exact	-	byte_exact	-	3.34	125	125
HAFZUK_comp_0	success	UFF_1	byte_exact	-	byte_exact	-	2.62	73	73
HAGKAD_comp_1	success	UFF_1	byte_exact	-	byte_exact	-	4.30	61	61
HAGZAS_comp_0	success	UFF_1	byte_exact	-	byte_exact	-	4.13	70	70
HAHCUQ_comp_0	success	UFF_1	byte_exact	-	byte_exact	-	7.71	134	134
HAHXOF_comp_0	success	UFF_1	byte_exact	-	byte_exact	-	2.63	92	92
HAJROC_comp_0	success	UFF_1	byte_exact	-	byte_exact	-	2.00	62	62
HAKHIK_comp_0	success	UFF_1	byte_exact	-	byte_exact	-	3.29	74	74
HAKLUD_comp_0	success	UFF_1	byte_exact	-	byte_exact	-	4.97	79	79
HAKQES_comp_0	success	UFF_1	byte_exact	-	byte_exact	-	5.27	106	106
HAMGAD_comp_0	success	UFF_1	structural	-	byte_exact	-	69.89	122	113
HAMGEH_comp_0	success	UFF_1	structural	-	byte_exact	-	70.93	122	113
HAMJEK_comp_0	success	UFF_1	structural	-	byte_exact	-	28.01	135	113
HAMJOU_comp_0	success	UFF_1	structural	-	byte_exact	-	30.29	135	113
HAMKAH_comp_0	success	UFF_1	structural	-	byte_exact	-	30.45	135	113
HAMKOV_comp_0	success	UFF_1	structural	-	key_equal	rdkit_canonical	172.65	105	114
HANNIW_comp_0	success	UFF_1	byte_exact	-	byte_exact	-	1.94	99	99
HAPCUY_comp_0	failed	-	hard_fail	-	hard_fail	-	139.55	198	0
HASJAP_comp_0	success	UFF_1	byte_exact	-	byte_exact	-	8.29	84	84
HASPUM_comp_0	success	UFF_1	byte_exact	-	byte_exact	-	2.99	111	111
HATGAN_comp_0	success	UFF_1	structural	-	byte_exact	-	21.06	81	67
HATGUH_comp_0	success	UFF_1	byte_exact	-	byte_exact	-	31.88	131	131
HATRUS_comp_0	success	UFF_1	key_equal	slot_renumber	key_equal	slot_renumber	11.27	105	105
HAVGAO_comp_0	success	UFF_1	byte_exact	-	byte_exact	-	4.83	101	101
HAVGUI_comp_0	success	UFF_1	byte_exact	-	byte_exact	-	3.52	132	132
HAVHAP_comp_0	success	UFF_1	byte_exact	-	byte_exact	-	8.69	125	125
HAVNUQ_comp_0	success	UFF_1	byte_exact	-	byte_exact	-	4.77	82	82
HAVPIG_comp_0	success	UFF_1	byte_exact	-	byte_exact	-	5.40	89	89
HAVQEC_comp_0	success	UFF_1	byte_exact	-	byte_exact	-	6.29	86	86
HAZCIX_comp_0	success	UFF_1	byte_exact	-	byte_exact	-	1.88	63	63
HEBBAS_comp_0	success	UFF_1	byte_exact	-	byte_exact	-	9.41	94	94
HEBMAD_comp_0	success	UFF_1	byte_exact	-	byte_exact	-	2.60	69	69
HEBPAI_comp_0	success	UFF_1	byte_exact	-	byte_exact	-	2.79	100	100
HEBYIY_comp_0	success	UFF_1	byte_exact	-	byte_exact	-	3.44	126	126
HECCEX_comp_0	success	UFF_1	byte_exact	-	byte_exact	-	1.41	48	48
HECXEV_comp_0	success	UFF_1	byte_exact	-	byte_exact	-	2.74	57	57
HEDCEZ_comp_0	success	UFF_1	byte_exact	-	byte_exact	-	2.60	113	113
HEDKAF_comp_0	success	UFF_1	key_equal	slot_renumber	key_equal	slot_renumber	10.99	107	107
HEFGIK_comp_0	success	UFF_1	byte_exact	-	byte_exact	-	1.69	64	64
HEFKOT_comp_0	success	UFF_1	key_equal	rdkit_canonical	byte_exact	-	2.12	84	78
HEFQAM_comp_0	success	UFF_1	byte_exact	-	byte_exact	-	1.73	62	62
HEFQEQ_comp_0	success	UFF_1	byte_exact	-	byte_exact	-	2.19	89	89
HEFSOD_comp_0	success	UFF_1	byte_exact	-	byte_exact	-	2.12	80	80
HEFSOD_comp_1	success	UFF_1	byte_exact	-	byte_exact	-	2.06	80	80
HEGMAK_comp_0	success	UFF_1	key_equal	slot_renumber	key_equal	slot_renumber	2.56	101	101
HEGMEO_comp_0	success	UFF_1	byte_exact	-	byte_exact	-	5.68	82	82
HEHJOW_comp_0	success	UFF_1	byte_exact	-	byte_exact	-	1.72	62	62
HEJCAA_comp_0	success	UFF_1	byte_exact	-	byte_exact	-	1.85	62	62
HEJDOS_comp_0	success	UFF_1	byte_exact	-	byte_exact	-	3.06	88	88
HEJKEM_comp_0	success	UFF_1	structural	-	byte_exact	-	26.02	77	61
HEKFEL_comp_0	success	g-xTB_1	byte_exact	-	byte_exact	-	154.74	75	75
HEPSOL_comp_0	success	UFF_1	structural	-	byte_exact	-	9.64	77	45
HEQFIS_comp_0	success	UFF_1	byte_exact	-	byte_exact	-	3.24	102	102
HERVIM_comp_0	success	UFF_1	byte_exact	-	byte_exact	-	2.37	102	102
HERXOS_comp_0	success	UFF_1	byte_exact	-	byte_exact	-	8.88	71	71
HESHEV_comp_0	success	UFF_1	byte_exact	-	byte_exact	-	1.74	70	70
HETVEI_comp_0	success	UFF_1	byte_exact	-	byte_exact	-	1.81	59	59
HEVBIU_comp_0	success	UFF_1	byte_exact	-	byte_exact	-	1.80	64	64
HEWDAO_comp_0	success	UFF_1	structural	-	key_equal	rdkit_canonical	25.33	91	98
HEWKOL_comp_0	success	UFF_1	structural	-	key_equal	slot_renumber	87.33	131	103
HEXFAS_comp_0	success	UFF_1	byte_exact	-	byte_exact	-	87.80	111	111
HEXFIA_comp_0	success	UFF_1	byte_exact	-	byte_exact	-	52.49	110	110
HEXFOH_comp_0	success	UFF_1	byte_exact	-	byte_exact	-	3.59	81	81
HEXROS_comp_0	success	UFF_1	byte_exact	-	byte_exact	-	3.20	125	125
HEYMEF_comp_0	success	UFF_1	byte_exact	-	byte_exact	-	4.72	60	60
HEYPAF_comp_0	success	UFF_1	byte_exact	-	byte_exact	-	15.99	107	107
HEZPUZ_comp_0	success	UFF_1	byte_exact	-	byte_exact	-	1.90	68	68
HEZVAM_comp_0	success	UFF_1	byte_exact	-	byte_exact	-	2.63	97	97
HIBPAK_comp_0	success	UFF_1	byte_exact	-	byte_exact	-	1.67	44	44
HICDAB_comp_0	success	UFF_1	byte_exact	-	byte_exact	-	14.52	93	93
HICLAG_comp_0	failed	-	hard_fail	-	hard_fail	-	300.37	214	0
HICMEN_comp_0	success	UFF_1	byte_exact	-	byte_exact	-	2.17	78	78
HICZID_comp_0	success	UFF_1	byte_exact	-	byte_exact	-	5.12	96	96
HIDMAL_comp_0	success	UFF_1	byte_exact	-	byte_exact	-	1.55	59	59
HIGFUB_comp_0	success	UFF_1	byte_exact	-	byte_exact	-	2.80	95	95
HIHPAR_comp_1	success	UFF_1	byte_exact	-	byte_exact	-	4.15	78	78
HIJCUA_comp_0	success	UFF_1	byte_exact	-	byte_exact	-	2.15	84	84
HIJDAH_comp_0	success	UFF_1	byte_exact	-	byte_exact	-	2.23	84	84
HIJHAL_comp_0	success	UFF_1	key_equal	slot_renumber	key_equal	slot_renumber	3.53	98	98
HIJPUM_comp_0	success	UFF_1	key_equal	rdkit_canonical	byte_exact	-	78.19	115	106
HIJWED_comp_0	success	UFF_1	byte_exact	-	byte_exact	-	21.51	113	113
HIKCAI_comp_0	success	UFF_1	structural	-	key_equal	slot_renumber	33.20	118	121
HIKCIQ_comp_0	success	UFF_1	structural	-	key_equal	slot_renumber	35.44	118	121
HIKJIW_comp_0	success	UFF_1	byte_exact	-	byte_exact	-	1.83	76	76
HILDEM_comp_0	success	UFF_1	byte_exact	-	byte_exact	-	2.77	85	85
HIMFAM_comp_0	failed	-	hard_fail	-	hard_fail	-	300.51	241	0
HIMHOB_comp_0	success	UFF_1	byte_exact	-	byte_exact	-	4.19	83	83
HIMQOL_comp_0	failed	-	hard_fail	-	hard_fail	-	300.28	166	0
HIMXIM_comp_0	success	UFF_1	byte_exact	-	byte_exact	-	2.23	63	63
HINFOC_comp_0	success	UFF_1	byte_exact	-	byte_exact	-	3.58	69	69
HINNIB_comp_0	success	UFF_1	byte_exact	-	byte_exact	-	3.43	141	141
HIPHUJ_comp_0	success	UFF_1	byte_exact	-	byte_exact	-	3.51	79	79
HIPQIH_comp_0	success	UFF_1	structural	-	byte_exact	-	67.74	85	63
HIPTAC_comp_0	success	UFF_1	byte_exact	-	byte_exact	-	5.82	136	136
HIPTAD_comp_0	success	UFF_1	byte_exact	-	byte_exact	-	5.92	99	99
HIPXEK_comp_0	success	UFF_1	byte_exact	-	byte_exact	-	1.89	66	66
HISYIU_comp_0	success	UFF_1	byte_exact	-	byte_exact	-	2.43	82	82
HITGIC_comp_0	success	UFF_1	byte_exact	-	byte_exact	-	2.48	85	85
HITHAW_comp_0	failed	-	hard_fail	-	hard_fail	-	300.49	135	0
HITHUO_comp_0	success	UFF_1	byte_exact	-	byte_exact	-	7.35	115	115
HIWCUL_comp_0	success	UFF_1	byte_exact	-	byte_exact	-	2.89	75	75
HIWHIH_comp_0	success	UFF_1	byte_exact	-	byte_exact	-	1.89	69	69
HIWJOP_comp_0	success	UFF_1	byte_exact	-	byte_exact	-	1.88	64	64
HIWKEG_comp_0	success	UFF_1	byte_exact	-	byte_exact	-	1.99	70	70
HIXDEZ_comp_0	success	UFF_1	byte_exact	-	byte_exact	-	2.84	85	85
HIXJEF_comp_0	success	UFF_1	byte_exact	-	byte_exact	-	6.18	75	75
HIXMOR_comp_0	success	UFF_1	facmer_divergent	-	key_equal	slot_renumber	14.03	86	86
HIXQIP_comp_0	success	UFF_1	byte_exact	-	byte_exact	-	5.75	111	111
HIYFIF_comp_0	success	UFF_1	byte_exact	-	byte_exact	-	1.71	60	60
HIZJUW_comp_0	success	UFF_1	byte_exact	-	byte_exact	-	2.12	84	84
HOBBOS_comp_0	success	UFF_1	byte_exact	-	byte_exact	-	2.08	90	90
HOBBUY_comp_0	success	UFF_1	hard_fail	-	byte_exact	-	12.05	104	0
HOBHEL_comp_0	success	UFF_1	byte_exact	-	byte_exact	-	14.47	96	96
HOBHIP_comp_0	success	UFF_1	byte_exact	-	byte_exact	-	2.15	80	80
HOBJAJ_comp_0	success	UFF_1	byte_exact	-	byte_exact	-	1.98	76	76
HOBPAS_comp_0	success	UFF_1	byte_exact	-	byte_exact	-	5.82	99	99
HOBQIB_comp_0	success	UFF_1	byte_exact	-	byte_exact	-	2.50	98	98
HOBVOL_comp_0	success	UFF_1	byte_exact	-	byte_exact	-	1.95	75	75
HOCXIH_comp_0	success	UFF_1	byte_exact	-	byte_exact	-	3.05	95	95
HOCXUT_comp_0	success	UFF_1	byte_exact	-	byte_exact	-	3.69	111	111
HODVOO_comp_0	success	UFF_1	key_equal	slot_renumber	key_equal	slot_renumber	6.75	106	106
HOGFER_comp_0	success	UFF_1	byte_exact	-	byte_exact	-	2.71	94	94
HOHFUF_comp_0	success	UFF_1	byte_exact	-	byte_exact	-	5.28	71	71
HOHKOF_comp_0	success	UFF_1	byte_exact	-	key_equal	rdkit_canonical	111.67	107	107
HOHTAB_comp_0	success	UFF_1	structural	-	byte_exact	-	57.46	108	105
HOHTEF_comp_0	failed	-	hard_fail	-	hard_fail	-	364.35	119	122
HOHYAF_comp_0	success	UFF_1	byte_exact	-	byte_exact	-	5.78	103	103
HOJDOA_comp_0	success	UFF_1	byte_exact	-	byte_exact	-	3.17	82	82
HOJDOZ_comp_0	success	UFF_1	byte_exact	-	byte_exact	-	3.19	98	98
HOKBOB_comp_0	success	UFF_1	byte_exact	-	byte_exact	-	2.55	80	80
HOKJAU_comp_0	success	UFF_1	byte_exact	-	byte_exact	-	2.36	59	59
HOKYIS_comp_1	success	UFF_1	byte_exact	-	byte_exact	-	4.92	133	133
HOLLOL_comp_0	success	UFF_1	key_equal	rdkit_canonical	key_equal	slot_renumber	8.39	108	102
HOLLUR_comp_0	success	UFF_1	key_equal	rdkit_canonical	byte_exact	-	9.56	139	127
HONBOB_comp_0	success	UFF_1	byte_exact	-	byte_exact	-	2.67	83	83
HONMUS_comp_0	success	UFF_1	byte_exact	-	byte_exact	-	21.60	112	112
HOQBOE_comp_0	success	UFF_1	byte_exact	-	byte_exact	-	5.95	109	109
HOQFUP_comp_0	failed	-	hard_fail	-	hard_fail	-	321.79	80	66
HOQJAA_comp_0	success	UFF_1	byte_exact	-	byte_exact	-	12.68	136	136
HOQQUB_comp_0	success	UFF_1	byte_exact	-	byte_exact	-	5.20	114	114
HOQREM_comp_0	success	UFF_1	byte_exact	-	byte_exact	-	2.24	78	78
HORJAB_comp_0	success	UFF_1	byte_exact	-	byte_exact	-	8.59	128	128
HOSXUJ_comp_0	success	UFF_1	byte_exact	-	byte_exact	-	8.21	80	80
HOSZUM_comp_0	success	UFF_1	byte_exact	-	byte_exact	-	2.22	82	82
HOTBEZ_comp_0	success	UFF_1	byte_exact	-	byte_exact	-	1.77	68	68
HOTPAJ_comp_0	success	UFF_1	byte_exact	-	byte_exact	-	2.59	77	77
HOTRUF_comp_0	success	UFF_1	byte_exact	-	byte_exact	-	3.31	92	92
HOZZON_comp_0	success	UFF_1	byte_exact	-	byte_exact	-	2.23	71	71
HOZZON_comp_1	success	UFF_1	byte_exact	-	byte_exact	-	2.48	71	71
HOZZUT_comp_0	failed	-	hard_fail	-	hard_fail	-	65.85	89	0
HUBBAJ_comp_0	success	UFF_1	byte_exact	-	byte_exact	-	8.70	107	107
HUBJUJ_comp_0	success	UFF_1	byte_exact	-	byte_exact	-	2.65	95	95
HUBNAV_comp_0	success	UFF_1	byte_exact	-	byte_exact	-	3.18	58	58
HUBWOS_comp_0	success	UFF_1	byte_exact	-	byte_exact	-	8.39	77	77
HUDGUK_comp_0	success	UFF_1	byte_exact	-	byte_exact	-	2.63	90	90
HUDTUV_comp_0	success	UFF_1	byte_exact	-	byte_exact	-	3.34	127	127
HUHMUT_comp_0	success	UFF_1	byte_exact	-	byte_exact	-	1.83	87	87
HUHNAA_comp_0	success	UFF_1	byte_exact	-	byte_exact	-	2.12	91	91
HUHQAD_comp_0	success	UFF_1	byte_exact	-	byte_exact	-	11.59	89	89
HUKWUH_comp_0	success	UFF_1	byte_exact	-	byte_exact	-	2.71	83	83
HULSAI_comp_0	success	UFF_1	byte_exact	-	byte_exact	-	6.63	111	111
HUNHON_comp_0	success	UFF_1	byte_exact	-	byte_exact	-	2.17	78	78
HUNLUX_comp_0	success	UFF_1	structural	-	key_equal	slot_renumber	157.80	86	92
HUPFIJ_comp_0	success	UFF_1	byte_exact	-	byte_exact	-	35.08	114	114
HURPUH_comp_0	success	UFF_1	key_equal	rdkit_canonical	key_equal	rdkit_canonical	102.16	137	143
HURWOH_comp_0	success	UFF_1	structural	-	byte_exact	-	37.62	106	106
HUTCIK_comp_0	failed	-	hard_fail	-	hard_fail	-	300.12	119	0
HUTCOQ_comp_0	failed	-	hard_fail	-	hard_fail	-	300.05	119	0
HUTMEO_comp_0	failed	-	hard_fail	-	hard_fail	-	300.45	141	0
HUVFOU_comp_0	success	UFF_1	byte_exact	-	byte_exact	-	5.45	103	103
HUWGIQ_comp_0	success	UFF_1	byte_exact	-	byte_exact	-	4.03	94	94
HUWLOC_comp_0	success	UFF_1	byte_exact	-	byte_exact	-	2.23	79	79
HUWMUI_comp_0	success	UFF_1	byte_exact	-	byte_exact	-	2.70	82	82
HUXGAK_comp_0	success	UFF_1	byte_exact	-	byte_exact	-	2.38	94	94
HUXJIV_comp_0	success	UFF_1	byte_exact	-	byte_exact	-	12.88	81	81
HUXNAR_comp_0	success	UFF_1	byte_exact	-	byte_exact	-	2.13	67	67
HUXNEV_comp_0	success	UFF_1	byte_exact	-	byte_exact	-	3.47	128	128
HUXNIZ_comp_0	success	UFF_1	byte_exact	-	byte_exact	-	2.96	109	109
HUXQUM_comp_0	success	UFF_1	byte_exact	-	byte_exact	-	2.07	72	72
HUYQEX_comp_0	success	UFF_1	byte_exact	-	byte_exact	-	7.80	79	79
HUZLEV_comp_2	success	UFF_1	key_equal	slot_renumber	key_equal	slot_renumber	4.83	92	92
HUZREB_comp_0	success	UFF_1	byte_exact	-	byte_exact	-	4.98	104	104
IBAZIW_comp_0	success	UFF_1	structural	-	byte_exact	-	60.88	93	69
IBEGEE_comp_0	success	UFF_1	key_equal	slot_renumber	key_equal	slot_renumber	2.28	86	86
IBENUA_comp_0	success	UFF_1	byte_exact	-	byte_exact	-	2.61	95	95
IBEPEM_comp_0	success	UFF_1	byte_exact	-	byte_exact	-	24.80	101	101
IBILOU_comp_0	success	UFF_1	byte_exact	-	byte_exact	-	10.43	105	105
IBIZUP_comp_0	success	UFF_1	byte_exact	-	byte_exact	-	56.09	106	106
IBOBIL_comp_0	success	UFF_1	byte_exact	-	byte_exact	-	3.50	71	71
IBUFES_comp_0	success	UFF_1	byte_exact	-	byte_exact	-	2.38	101	101
IBUGET_comp_0	success	UFF_1	byte_exact	-	byte_exact	-	3.53	95	95
IBUMOJ_comp_0	success	UFF_1	byte_exact	-	byte_exact	-	3.50	105	105
ICAQEK_comp_0	success	UFF_1	byte_exact	-	byte_exact	-	3.56	118	118
ICEBAV_comp_0	success	UFF_1	byte_exact	-	byte_exact	-	3.01	126	126
ICEROX_comp_0	success	UFF_1	key_equal	rdkit_canonical	byte_exact	-	8.44	112	109
ICEZUO_comp_0	failed	-	hard_fail	-	hard_fail	-	132.05	157	0
ICIGAD_comp_0	success	UFF_1	key_equal	slot_renumber	key_equal	slot_renumber	6.11	85	85
ICIXIE_comp_0	success	UFF_1	byte_exact	-	byte_exact	-	3.75	115	115
ICOKAO_comp_0	success	UFF_1	byte_exact	-	byte_exact	-	9.73	103	103
ICOXIH_comp_0	success	UFF_1	byte_exact	-	byte_exact	-	6.11	89	89
ICOXIK_comp_0	failed	-	hard_fail	-	hard_fail	-	41.21	141	0
ICUCAN_comp_0	success	UFF_1	structural	-	byte_exact	-	28.99	97	86
ICUJAU_comp_0	success	UFF_1	byte_exact	-	byte_exact	-	3.58	92	92
ICUXOV_comp_1	success	UFF_1	key_equal	slot_renumber	key_equal	slot_renumber	3.33	79	79
ICUXUB_comp_0	success	UFF_1	byte_exact	-	byte_exact	-	3.03	81	81
ICUYUC_comp_0	success	UFF_1	structural	-	byte_exact	-	69.06	103	96
ICUZEN_comp_0	success	UFF_1	byte_exact	-	byte_exact	-	9.42	104	104
IDAMUX_comp_0	success	UFF_1	byte_exact	-	byte_exact	-	4.05	103	103
IDICEF_comp_0	failed	-	hard_fail	-	hard_fail	-	300.45	117	0
IDIGUA_comp_0	success	UFF_1	byte_exact	-	byte_exact	-	2.09	82	82
IDIHEL_comp_0	success	UFF_1	byte_exact	-	byte_exact	-	2.31	76	76
IDOFAI_comp_0	success	UFF_1	byte_exact	-	byte_exact	-	1.93	101	101
IDOPOH_comp_0	success	UFF_1	byte_exact	-	byte_exact	-	2.54	100	100
IDUCEP_comp_0	success	UFF_1	byte_exact	-	byte_exact	-	1.82	64	64
IFADUQ_comp_0	success	UFF_1	key_equal	rdkit_canonical	byte_exact	-	138.51	142	127
IFAJAB_comp_0	success	UFF_1	byte_exact	-	byte_exact	-	2.46	90	90
IFAPUD_comp_0	failed	-	hard_fail	-	hard_fail	-	415.36	176	145
IFASIR_comp_0	success	UFF_1	byte_exact	-	byte_exact	-	1.84	61	61
IFAXEU_comp_0	success	UFF_1	byte_exact	-	byte_exact	-	3.21	73	73
IFEFAB_comp_0	success	UFF_1	byte_exact	-	byte_exact	-	2.29	75	75
IFIBIK_comp_0	success	UFF_1	key_equal	slot_renumber	key_equal	slot_renumber	6.09	126	126
IFICAD_comp_0	success	UFF_1	facmer_divergent	-	byte_exact	-	48.14	124	96
IFIGUB_comp_0	success	UFF_1	byte_exact	-	byte_exact	-	4.39	78	78
IFIHAI_comp_0	success	UFF_1	byte_exact	-	byte_exact	-	18.00	86	86
IFIHEM_comp_0	success	UFF_1	byte_exact	-	byte_exact	-	12.63	81	81
IFIJOY_comp_0	success	UFF_1	byte_exact	-	byte_exact	-	6.34	95	95
IFOYIN_comp_0	success	UFF_1	byte_exact	-	byte_exact	-	4.85	94	94
IGAKUW_comp_0	success	UFF_1	byte_exact	-	byte_exact	-	4.39	87	87
IGAWAR_comp_0	success	UFF_1	byte_exact	-	byte_exact	-	1.99	70	70
IGAWOF_comp_0	success	UFF_1	key_equal	slot_renumber	key_equal	slot_renumber	5.72	99	99
IGENUE_comp_0	success	UFF_1	byte_exact	-	byte_exact	-	1.74	64	64
IGETIZ_comp_0	success	UFF_1	byte_exact	-	byte_exact	-	3.95	126	126
IGIGUC_comp_0	success	UFF_1	key_equal	slot_renumber	key_equal	slot_renumber	4.32	84	84
IGITOI_comp_0	success	UFF_1	byte_exact	-	byte_exact	-	245.19	130	130
IGIVUQ_comp_0	success	UFF_1	byte_exact	-	byte_exact	-	11.32	106	106
IGOBAH_comp_0	success	UFF_1	key_equal	rdkit_canonical	key_equal	rdkit_canonical	7.69	91	91
IGOBIP_comp_0	success	UFF_1	byte_exact	-	key_equal	slot_renumber	2.93	81	81
IGOBOX_comp_0	success	UFF_1	structural	-	byte_exact	-	11.84	85	51
IGOBUD_comp_0	success	UFF_1	structural	-	byte_exact	-	8.08	84	55
IGOPIF_comp_0	success	UFF_1	byte_exact	-	byte_exact	-	2.99	111	111
IGURAF_comp_0	success	UFF_1	byte_exact	-	byte_exact	-	4.08	66	66
IGUXEO_comp_0	success	UFF_1	byte_exact	-	byte_exact	-	5.94	82	82
IHAJIK_comp_0	success	UFF_1	byte_exact	-	byte_exact	-	4.31	116	116
IHEBED_comp_0	success	UFF_1	byte_exact	-	byte_exact	-	2.24	69	69
IHIKAM_comp_0	success	UFF_1	byte_exact	-	byte_exact	-	2.59	70	70
IHIKEP_comp_0	success	UFF_1	structural	-	byte_exact	-	9.37	76	51
IHIROI_comp_0	success	UFF_1	key_equal	slot_renumber	key_equal	slot_renumber	5.61	118	118
IHIZEE_comp_0	success	UFF_1	structural	-	key_equal	slot_renumber	50.76	110	91
IHOBEN_comp_0	success	UFF_1	byte_exact	-	byte_exact	-	6.88	99	99
IHOCUE_comp_0	success	UFF_1	byte_exact	-	byte_exact	-	10.78	99	99
IHOFAN_comp_0	success	UFF_1	byte_exact	-	byte_exact	-	2.04	67	67
IHOYAH_comp_0	success	UFF_1	structural	-	byte_exact	-	45.27	120	121
IHUBUJ_comp_0	success	UFF_1	byte_exact	-	byte_exact	-	3.40	77	77
IHUGOI_comp_0	success	UFF_1	byte_exact	-	byte_exact	-	2.65	82	82
IHUYUG_comp_0	success	UFF_1	byte_exact	-	byte_exact	-	6.59	80	80
IJAXIB_comp_0	success	UFF_1	structural	-	byte_exact	-	25.05	110	106
IJAXUM_comp_0	success	UFF_1	byte_exact	-	byte_exact	-	3.73	103	103
IJAZAV_comp_0	success	UFF_1	byte_exact	-	byte_exact	-	49.19	102	102
IJETIB_comp_0	success	UFF_1	byte_exact	-	byte_exact	-	2.00	73	73
IJEVID_comp_0	success	UFF_1	byte_exact	-	byte_exact	-	3.95	109	109
IJIDOW_comp_0	success	UFF_1	byte_exact	-	byte_exact	-	1.80	62	62
IJIFOW_comp_0	success	UFF_1	byte_exact	-	byte_exact	-	4.29	89	89
IJIXEG_comp_0	failed	-	hard_fail	-	hard_fail	-	576.41	114	120
IJOCAN_comp_0	success	UFF_1	byte_exact	-	byte_exact	-	2.79	95	95
IJOHOG_comp_1	success	UFF_1	byte_exact	-	byte_exact	-	3.73	72	72
IJOMIF_comp_0	success	UFF_1	byte_exact	-	byte_exact	-	3.03	96	96
IJOSOP_comp_0	success	UFF_1	structural	-	byte_exact	-	82.50	134	134
IKEKUF_comp_1	success	UFF_1	key_equal	slot_renumber	key_equal	slot_renumber	3.61	90	90
IKIDOX_comp_0	success	UFF_1	key_equal	slot_renumber	key_equal	slot_renumber	4.39	83	83
IKIJIX_comp_0	success	UFF_1	byte_exact	-	byte_exact	-	3.58	95	95
IKOCUH_comp_0	success	UFF_1	byte_exact	-	byte_exact	-	2.29	76	76
IKORUW_comp_0	success	UFF_1	byte_exact	-	byte_exact	-	11.31	165	165
IKOSEH_comp_0	success	UFF_1	byte_exact	-	byte_exact	-	11.77	101	101
IKOYUE_comp_2	success	UFF_1	byte_exact	-	byte_exact	-	2.41	80	80
IKUKAB_comp_0	success	UFF_1	byte_exact	-	byte_exact	-	32.06	129	129
ILEFEM_comp_0	success	UFF_1	byte_exact	-	byte_exact	-	2.30	84	84
ILEFOW_comp_0	success	UFF_1	byte_exact	-	byte_exact	-	2.52	92	92
ILEHOY_comp_0	success	UFF_1	byte_exact	-	byte_exact	-	2.59	88	88
ILELOA_comp_0	failed	-	hard_fail	-	hard_fail	-	1.02	148	0
ILEPAR_comp_0	success	UFF_1	key_equal	slot_renumber	key_equal	slot_renumber	4.56	110	110
ILISUS_comp_0	success	UFF_1	byte_exact	-	byte_exact	-	2.07	70	70
ILIVAB_comp_0	success	UFF_1	byte_exact	-	byte_exact	-	3.76	114	114
ILOBIU_comp_0	success	UFF_1	byte_exact	-	byte_exact	-	1.86	75	75
ILOJIC_comp_0	success	UFF_1	byte_exact	-	byte_exact	-	2.14	68	68
ILOLOM_comp_0	success	UFF_1	byte_exact	-	byte_exact	-	1.61	65	65
ILONON_comp_0	success	UFF_1	key_equal	rdkit_canonical	byte_exact	-	10.15	143	137
ILONUT_comp_0	success	UFF_1	byte_exact	-	byte_exact	-	6.91	148	148
ILOPAB_comp_0	success	UFF_1	byte_exact	-	byte_exact	-	1.83	72	72
ILOPIJ_comp_0	success	UFF_1	byte_exact	-	byte_exact	-	3.14	112	112
ILUDID_comp_0	success	UFF_1	byte_exact	-	byte_exact	-	30.25	162	162
IMACIK_comp_0	success	UFF_1	byte_exact	-	byte_exact	-	3.37	99	99
IMACOQ_comp_0	success	UFF_1	byte_exact	-	byte_exact	-	4.45	110	110
IMEGAI_comp_0	success	UFF_1	byte_exact	-	byte_exact	-	2.90	95	95
IMENUK_comp_0	success	UFF_1	byte_exact	-	byte_exact	-	3.89	83	83
IMEPAS_comp_0	success	UFF_1	byte_exact	-	byte_exact	-	5.68	85	85
IMIBOV_comp_1	success	UFF_1	byte_exact	-	byte_exact	-	7.75	105	105
IMICOY_comp_0	success	UFF_1	byte_exact	-	byte_exact	-	2.88	128	128
IMIDEN_comp_0	success	UFF_1	byte_exact	-	byte_exact	-	12.45	128	128
IMIPAW_comp_0	success	UFF_1	byte_exact	-	byte_exact	-	2.59	104	104
IMIXOS_comp_0	success	UFF_1	byte_exact	-	byte_exact	-	1.64	48	48
IMIYIO_comp_0	success	UFF_1	byte_exact	-	key_equal	rdkit_canonical	2.30	80	80
IMOQUY_comp_0	success	UFF_1	byte_exact	-	byte_exact	-	3.13	110	110
IMOSAG_comp_0	success	UFF_1	byte_exact	-	byte_exact	-	14.77	124	124
IMUCUO_comp_0	success	UFF_1	byte_exact	-	byte_exact	-	3.88	91	91
IMUYAS_comp_0	success	UFF_1	byte_exact	-	byte_exact	-	4.23	68	68
INALEQ_comp_0	success	UFF_1	byte_exact	-	byte_exact	-	4.41	75	75
INALIU_comp_0	failed	-	hard_fail	-	hard_fail	-	1.22	72	0
INOKED_comp_0	success	UFF_1	byte_exact	-	byte_exact	-	1.95	62	62
INOYIU_comp_0	success	UFF_1	byte_exact	-	byte_exact	-	3.00	77	77
INOYOA_comp_0	success	UFF_1	byte_exact	-	byte_exact	-	3.23	77	77
INUWUL_comp_0	success	UFF_1	structural	-	byte_exact	-	35.67	75	65
IPIQIJ_comp_0	success	UFF_1	key_equal	slot_renumber	key_equal	slot_renumber	2.10	63	63
IPISUV_comp_0	success	UFF_1	key_equal	slot_renumber	key_equal	slot_renumber	3.36	69	69
IPIZUD_comp_0	success	UFF_1	byte_exact	-	byte_exact	-	2.21	74	74
IPOBAR_comp_0	success	UFF_1	byte_exact	-	byte_exact	-	2.07	71	71
IPOQEK_comp_0	success	UFF_1	byte_exact	-	byte_exact	-	1.62	55	55
IPUJAG_comp_0	success	UFF_1	byte_exact	-	byte_exact	-	1.86	69	69
IPUSES_comp_0	success	UFF_1	byte_exact	-	byte_exact	-	2.35	95	95
IQEGEQ_comp_0	success	UFF_1	byte_exact	-	byte_exact	-	1.56	72	72
IQIKAV_comp_0	success	UFF_1	byte_exact	-	byte_exact	-	5.17	104	104
IQUROD_comp_0	success	UFF_1	byte_exact	-	byte_exact	-	1.82	76	76
IREFES_comp_0	success	UFF_1	byte_exact	-	byte_exact	-	1.94	74	74
IRINIH_comp_0	failed	-	hard_fail	-	hard_fail	-	300.22	161	0
IROWIW_comp_0	success	UFF_1	byte_exact	-	byte_exact	-	2.44	84	84
IRUCUU_comp_0	success	UFF_1	key_equal	slot_renumber	key_equal	slot_renumber	8.91	70	70
IRUPOC_comp_0	success	UFF_1	structural	-	byte_exact	-	152.81	132	137
ISAPUO_comp_0	success	UFF_1	key_equal	slot_renumber	key_equal	slot_renumber	3.31	71	71
ISEQEE_comp_0	success	UFF_1	byte_exact	-	byte_exact	-	2.68	83	83
ISINUU_comp_0	success	UFF_1	byte_exact	-	byte_exact	-	3.58	138	138
ISOKEH_comp_0	success	UFF_1	byte_exact	-	byte_exact	-	2.73	57	57
ISOQEO_comp_0	success	UFF_1	byte_exact	-	byte_exact	-	1.45	53	53
ISOQIS_comp_0	success	UFF_1	byte_exact	-	byte_exact	-	1.44	54	54
ISOQOW_comp_0	success	UFF_1	byte_exact	-	byte_exact	-	2.76	109	109
ISOSAM_comp_0	success	UFF_1	byte_exact	-	byte_exact	-	1.53	54	54
ISUHAG_comp_0	success	UFF_1	byte_exact	-	byte_exact	-	9.94	107	107
ITACEN_comp_0	success	UFF_1	byte_exact	-	byte_exact	-	9.04	95	95
ITANAS_comp_0	success	UFF_1	byte_exact	-	byte_exact	-	4.17	126	126
ITELIE_comp_0	success	UFF_1	byte_exact	-	byte_exact	-	3.64	61	61
ITEREF_comp_0	success	UFF_1	byte_exact	-	byte_exact	-	1.67	61	61
ITOQIS_comp_0	failed	-	hard_fail	-	hard_fail	-	0.91	61	0
ITUHUC_comp_0	success	UFF_1	byte_exact	-	byte_exact	-	1.47	59	59
ITUYIH_comp_3	success	UFF_1	byte_exact	-	byte_exact	-	3.88	66	66
IVAJOG_comp_0	success	UFF_1	byte_exact	-	byte_exact	-	1.77	73	73
IVAYUB_comp_0	success	UFF_1	byte_exact	-	byte_exact	-	2.24	73	73
IVENEC_comp_0	success	UFF_1	byte_exact	-	byte_exact	-	1.75	95	95
IVIFUQ_comp_0	success	UFF_1	byte_exact	-	byte_exact	-	4.45	98	98
IVISIR_comp_0	success	UFF_1	byte_exact	-	byte_exact	-	1.57	59	59
IWEGAU_comp_0	success	UFF_1	structural	-	byte_exact	-	12.32	76	76
IWEGEY_comp_0	success	UFF_1	byte_exact	-	byte_exact	-	2.20	73	73
IWELUT_comp_0	success	UFF_1	byte_exact	-	byte_exact	-	3.78	123	123
IWISAI_comp_0	success	UFF_1	byte_exact	-	byte_exact	-	3.46	59	59
IWOSOD_comp_0	success	UFF_1	byte_exact	-	byte_exact	-	2.51	89	89
IWUDUB_comp_0	success	UFF_1	byte_exact	-	byte_exact	-	2.51	89	89
IWUGIR_comp_0	success	UFF_1	structural	-	byte_exact	-	17.89	74	43
IXACIU_comp_0	success	UFF_1	byte_exact	-	byte_exact	-	4.88	122	122
IXACOA_comp_0	success	UFF_1	byte_exact	-	byte_exact	-	4.41	115	115
IXAHIZ_comp_0	failed	-	hard_fail	-	hard_fail	-	0.84	65	0
IXEGUO_comp_0	success	UFF_1	byte_exact	-	byte_exact	-	2.01	56	56
IXEHEZ_comp_0	success	UFF_1	byte_exact	-	byte_exact	-	1.47	49	49
IXIGAX_comp_0	success	UFF_1	byte_exact	-	byte_exact	-	2.88	84	84
IXIHAZ_comp_0	success	UFF_1	structural	-	byte_exact	-	9.97	100	97
IXUFUE_comp_0	success	UFF_1	byte_exact	-	byte_exact	-	2.31	65	65
IXUGAL_comp_0	success	UFF_1	byte_exact	-	byte_exact	-	2.42	65	65
IXUTAW_comp_0	success	UFF_1	structural	-	byte_exact	-	48.35	110	94
IYEYIV_comp_0	success	UFF_1	byte_exact	-	byte_exact	-	6.30	86	86
IYEZAO_comp_0	success	UFF_1	byte_exact	-	byte_exact	-	1.76	62	62
IYINIO_comp_0	success	UFF_1	byte_exact	-	byte_exact	-	2.04	67	67
IYIREN_comp_0	success	UFF_1	byte_exact	-	byte_exact	-	10.32	92	92
IYOKAI_comp_0	success	UFF_1	key_equal	slot_renumber	key_equal	slot_renumber	3.36	93	93
IYUBAF_comp_0	success	UFF_1	byte_exact	-	byte_exact	-	2.59	92	92
IYUFOZ_comp_0	success	UFF_1	byte_exact	-	byte_exact	-	2.19	74	74
IZIFIH_comp_0	success	UFF_1	byte_exact	-	byte_exact	-	13.21	97	97
IZIMEK_comp_0	success	UFF_1	key_equal	rdkit_canonical	byte_exact	-	33.03	110	101
IZIMOU_comp_0	success	UFF_1	key_equal	rdkit_canonical	byte_exact	-	42.63	118	112
IZIXIZ_comp_0	success	UFF_1	byte_exact	-	byte_exact	-	2.09	68	68
IZIYAS_comp_0	success	UFF_1	byte_exact	-	byte_exact	-	2.44	80	80
IZIYEW_comp_0	success	UFF_1	byte_exact	-	byte_exact	-	1.88	61	61
IZIYIA_comp_0	success	UFF_1	byte_exact	-	byte_exact	-	1.82	62	62
IZIYOG_comp_0	success	UFF_1	byte_exact	-	byte_exact	-	2.29	70	70
IZOREV_comp_0	success	UFF_1	byte_exact	-	byte_exact	-	1.99	71	71
IZORIZ_comp_0	success	UFF_1	byte_exact	-	byte_exact	-	1.72	73	73
IZUDOX_comp_0	success	UFF_1	key_equal	rdkit_canonical	byte_exact	-	13.69	135	120
IZUHAM_comp_0	success	UFF_1	structural	-	byte_exact	-	19.73	84	70
IZUHEQ_comp_0	success	UFF_1	byte_exact	-	byte_exact	-	1.45	60	60
IZUJAO_comp_0	success	UFF_1	byte_exact	-	byte_exact	-	3.30	99	99
IZUPUP_comp_0	success	UFF_1	byte_exact	-	byte_exact	-	13.94	129	129
JABDEW_comp_0	success	UFF_1	byte_exact	-	byte_exact	-	1.32	56	56
JABGUP_comp_0	success	UFF_1	byte_exact	-	byte_exact	-	3.31	117	117
JACTOX_comp_0	success	UFF_1	byte_exact	-	byte_exact	-	2.35	76	76
JADHOO_comp_0	success	UFF_1	byte_exact	-	byte_exact	-	2.57	80	80
JAFFOL_comp_0	success	UFF_1	structural	-	byte_exact	-	38.42	92	64
JAFKAF_comp_0	success	UFF_1	byte_exact	-	byte_exact	-	3.48	98	98
JAKKOW_comp_0	success	UFF_1	key_equal	slot_renumber	key_equal	slot_renumber	2.98	101	101
JALTIC_comp_1	success	UFF_1	key_equal	slot_renumber	key_equal	slot_renumber	37.30	98	98
JAMFOV_comp_0	success	UFF_1	key_equal	slot_renumber	key_equal	slot_renumber	2.85	75	75
JAMFUB_comp_0	success	UFF_1	byte_exact	-	byte_exact	-	4.59	71	71
JANMER_comp_0	success	UFF_1	byte_exact	-	byte_exact	-	2.62	78	78
JANVUQ_comp_0	success	UFF_1	byte_exact	-	byte_exact	-	1.87	102	102
JAQSOJ_comp_0	success	UFF_1	byte_exact	-	byte_exact	-	7.38	130	130
JARWEF_comp_0	success	UFF_1	byte_exact	-	byte_exact	-	3.40	76	76
JASXOR_comp_0	success	UFF_1	byte_exact	-	byte_exact	-	2.94	102	102
JATCAL_comp_0	success	UFF_1	key_equal	slot_renumber	key_equal	slot_renumber	15.95	111	111
JATDUE_comp_0	success	UFF_1	key_equal	rdkit_canonical	byte_exact	-	12.52	108	105
JAVCAK_comp_0	success	UFF_1	byte_exact	-	byte_exact	-	2.60	76	76
JAVMEB_comp_0	success	UFF_1	byte_exact	-	byte_exact	-	3.12	68	68
JAVVAE_comp_0	success	UFF_1	byte_exact	-	byte_exact	-	3.83	102	102
JAXCUJ_comp_0	success	UFF_1	byte_exact	-	byte_exact	-	2.51	96	96
JAYLEA_comp_0	success	UFF_1	byte_exact	-	byte_exact	-	3.88	95	95
JAYLIE_comp_0	success	UFF_1	byte_exact	-	byte_exact	-	257.58	96	96
JAYLOK_comp_0	success	UFF_1	byte_exact	-	byte_exact	-	1.86	94	94
JAYNAB_comp_0	success	UFF_1	byte_exact	-	byte_exact	-	2.02	105	105
JAYPEH_comp_0	success	UFF_1	byte_exact	-	byte_exact	-	2.51	85	85
JEBHII_comp_0	success	UFF_1	byte_exact	-	byte_exact	-	2.63	76	76
JEBHOO_comp_0	success	UFF_1	byte_exact	-	byte_exact	-	1.73	57	57
JEBQUF_comp_0	success	UFF_1	byte_exact	-	byte_exact	-	1.39	53	53
JEBTAM_comp_0	success	UFF_1	byte_exact	-	byte_exact	-	12.00	112	112
JEDPIU_comp_0	success	UFF_1	structural	-	byte_exact	-	65.64	92	81
JEFHAE_comp_0	failed	-	hard_fail	-	hard_fail	-	354.51	111	101
JEFKAH_comp_0	success	UFF_1	byte_exact	-	byte_exact	-	6.75	105	105
JEGKEM_comp_0	success	UFF_1	byte_exact	-	byte_exact	-	2.18	85	85
JEGKEM_comp_1	success	UFF_1	byte_exact	-	byte_exact	-	2.11	85	85
JEGPIV_comp_0	success	UFF_1	byte_exact	-	byte_exact	-	2.49	89	89
JEHNES_comp_0	success	UFF_1	byte_exact	-	byte_exact	-	177.31	182	182
JELCOS_comp_0	success	UFF_1	byte_exact	-	byte_exact	-	3.91	107	107
JEMVED_comp_0	success	UFF_1	byte_exact	-	byte_exact	-	2.06	90	90
JEMVON_comp_0	success	UFF_1	byte_exact	-	byte_exact	-	3.27	110	110
JENJAO_comp_0	success	UFF_1	byte_exact	-	byte_exact	-	4.36	95	95
JEPMAV_comp_0	success	UFF_1	byte_exact	-	byte_exact	-	3.15	87	87
JEPZIQ_comp_0	success	UFF_1	byte_exact	-	byte_exact	-	3.65	95	95
JEQLOJ_comp_0	success	UFF_1	key_equal	rdkit_canonical	byte_exact	-	7.09	85	79
JESFIX_comp_0	failed	-	hard_fail	-	hard_fail	-	316.46	98	103
JESFOD_comp_0	success	UFF_1	byte_exact	-	byte_exact	-	2.87	97	97
JESRAB_comp_0	success	UFF_1	byte_exact	-	byte_exact	-	10.32	124	124
JETNEC_comp_0	success	UFF_1	structural	-	byte_exact	-	26.50	88	69
JETQAB_comp_0	success	UFF_1	byte_exact	-	byte_exact	-	2.56	99	99
JEWLEC_comp_0	success	UFF_1	byte_exact	-	byte_exact	-	3.18	106	106
JEWTUB_comp_1	success	UFF_1	byte_exact	-	byte_exact	-	4.09	98	98
JEWZOA_comp_1	success	UFF_1	byte_exact	-	byte_exact	-	2.18	96	96
JEXHAW_comp_0	success	UFF_1	byte_exact	-	byte_exact	-	1.78	68	68
JEYZAP_comp_0	success	UFF_1	byte_exact	-	byte_exact	-	1.50	64	64
JEZSUF_comp_0	success	UFF_1	byte_exact	-	byte_exact	-	2.85	97	97
JIBGEJ_comp_0	success	UFF_1	byte_exact	-	byte_exact	-	2.36	64	64
JICBIJ_comp_0	success	UFF_1	byte_exact	-	byte_exact	-	1.79	64	64
JICGAG_comp_0	success	UFF_1	byte_exact	-	byte_exact	-	2.43	95	95
JIDLOA_comp_0	success	UFF_1	byte_exact	-	byte_exact	-	3.16	136	136
JIFWAX_comp_0	success	UFF_1	byte_exact	-	byte_exact	-	2.98	104	104
JIHLIY_comp_0	success	UFF_1	byte_exact	-	byte_exact	-	4.15	110	110
JIJVEG_comp_0	success	UFF_1	byte_exact	-	byte_exact	-	2.27	63	63
JIJVOQ_comp_0	success	UFF_1	byte_exact	-	byte_exact	-	1.92	71	71
JIKRIH_comp_0	success	UFF_1	byte_exact	-	byte_exact	-	1.43	53	53
JIMBAJ_comp_0	success	UFF_1	structural	-	key_equal	rdkit_canonical	26.61	127	135
JIMMAU_comp_0	success	UFF_1	byte_exact	-	byte_exact	-	2.55	98	98
JIMXEL_comp_0	success	UFF_1	byte_exact	-	byte_exact	-	4.28	148	148
JINGET_comp_0	success	UFF_1	byte_exact	-	byte_exact	-	2.93	91	91
JINGOD_comp_0	success	UFF_1	byte_exact	-	byte_exact	-	2.33	93	93
JINMID_comp_0	failed	-	hard_fail	-	hard_fail	-	300.36	103	0
JINPEC_comp_2	success	UFF_1	byte_exact	-	byte_exact	-	7.57	109	109
JIPCAM_comp_0	success	UFF_1	byte_exact	-	byte_exact	-	5.12	106	106
JIPGAR_comp_0	success	UFF_1	byte_exact	-	byte_exact	-	1.29	50	50
JIPPEG_comp_0	success	UFF_1	key_equal	slot_renumber	key_equal	slot_renumber	3.66	73	73
JIRFEW_comp_0	failed	-	hard_fail	-	hard_fail	-	582.30	115	115
JIRQAF_comp_0	success	UFF_1	byte_exact	-	byte_exact	-	1.91	66	66
JIRSEL_comp_0	success	UFF_1	byte_exact	-	byte_exact	-	4.40	119	119
JITGUR_comp_0	success	UFF_1	byte_exact	-	byte_exact	-	1.51	59	59
JIVFOK_comp_0	success	UFF_1	structural	-	byte_exact	-	85.96	113	103
JIVGAZ_comp_0	success	UFF_1	byte_exact	-	byte_exact	-	5.51	70	70
JIVQEL_comp_0	success	UFF_1	structural	-	byte_exact	-	12.01	83	86
JIVRIP_comp_0	failed	-	hard_fail	-	hard_fail	-	356.86	123	119
JIVVIT_comp_0	failed	-	hard_fail	-	hard_fail	-	429.15	133	127
JIWYEU_comp_0	success	UFF_1	key_equal	slot_renumber	key_equal	slot_renumber	2.79	72	72
JIWZEX_comp_0	success	UFF_1	byte_exact	-	byte_exact	-	7.28	102	102
JIXTES_comp_0	success	UFF_1	byte_exact	-	byte_exact	-	1.89	82	82
JIYBEZ_comp_0	success	UFF_1	byte_exact	-	byte_exact	-	1.89	76	76
JIYTUH_comp_0	success	UFF_1	byte_exact	-	byte_exact	-	2.44	99	99
JIYVAP_comp_0	success	UFF_1	byte_exact	-	byte_exact	-	1.81	82	82
JIYVEU_comp_0	success	UFF_1	byte_exact	-	byte_exact	-	9.29	118	118
JIZJEK_comp_0	success	UFF_1	byte_exact	-	byte_exact	-	3.42	119	119
JOBNUK_comp_0	success	UFF_1	structural	-	byte_exact	-	21.07	95	55
JOCCOV_comp_0	success	UFF_1	byte_exact	-	byte_exact	-	1.39	50	50
JOCGEP_comp_0	success	UFF_1	byte_exact	-	byte_exact	-	5.78	86	86
JOCGOA_comp_0	success	UFF_1	byte_exact	-	byte_exact	-	1.51	70	70
JOCGOX_comp_0	success	UFF_1	byte_exact	-	byte_exact	-	1.71	114	114
JOCGOZ_comp_0	success	UFF_1	byte_exact	-	byte_exact	-	3.62	75	75
JOCMUK_comp_0	success	UFF_1	key_equal	slot_renumber	key_equal	slot_renumber	1.90	53	53
JOCRAV_comp_0	success	UFF_1	key_equal	rdkit_canonical	key_equal	slot_renumber	2.83	80	68
JOCWOP_comp_0	success	UFF_1	byte_exact	-	byte_exact	-	160.95	82	82
JODCEM_comp_0	success	UFF_1	byte_exact	-	byte_exact	-	5.90	70	70
JODNUN_comp_0	success	UFF_1	byte_exact	-	byte_exact	-	5.26	106	106
JODTIG_comp_0	success	UFF_1	byte_exact	-	byte_exact	-	3.61	128	128
JOFSAB_comp_0	success	UFF_1	key_equal	slot_renumber	key_equal	slot_renumber	7.00	150	150
JOFXOS_comp_0	success	UFF_1	structural	-	byte_exact	-	14.93	74	58
JOGDOZ_comp_0	success	UFF_1	byte_exact	-	byte_exact	-	2.46	84	84
JOHTAE_comp_0	success	UFF_1	byte_exact	-	byte_exact	-	2.41	78	78
JOHXOV_comp_0	success	UFF_1	byte_exact	-	byte_exact	-	1.86	70	70
JOJDUI_comp_0	success	UFF_1	byte_exact	-	byte_exact	-	2.18	114	114
JOJFEU_comp_0	success	UFF_1	byte_exact	-	byte_exact	-	2.22	120	120
JOJFIY_comp_0	success	UFF_1	byte_exact	-	byte_exact	-	2.63	124	124
JOJGOF_comp_0	success	UFF_1	byte_exact	-	byte_exact	-	6.42	115	115
JOJSUZ_comp_0	success	UFF_1	byte_exact	-	byte_exact	-	2.54	89	89
JOJTEI_comp_0	success	UFF_1	byte_exact	-	byte_exact	-	9.88	117	117
JOKBIV_comp_0	success	UFF_1	byte_exact	-	byte_exact	-	11.68	112	112
JONCEU_comp_0	success	UFF_1	byte_exact	-	byte_exact	-	2.82	76	76
JONQOS_comp_0	success	UFF_1	byte_exact	-	byte_exact	-	1.55	68	68
JOPFOM_comp_0	success	UFF_1	byte_exact	-	byte_exact	-	2.36	73	73
JOPQOX_comp_0	success	UFF_1	byte_exact	-	byte_exact	-	2.20	94	94
JOQWER_comp_0	success	UFF_1	byte_exact	-	byte_exact	-	3.02	92	92
JOQXEU_comp_0	success	UFF_1	byte_exact	-	byte_exact	-	7.41	119	119
JOWBOP_comp_0	success	UFF_1	structural	-	byte_exact	-	55.27	111	102
JOZQEU_comp_0	success	UFF_1	byte_exact	-	byte_exact	-	2.01	72	72
JOZQEW_comp_0	success	UFF_1	byte_exact	-	byte_exact	-	2.77	85	85
JOZQIA_comp_0	success	UFF_1	byte_exact	-	byte_exact	-	14.21	99	99
JOZRIB_comp_0	success	UFF_1	byte_exact	-	byte_exact	-	4.61	80	80
JOZROH_comp_0	success	UFF_1	byte_exact	-	byte_exact	-	1.67	75	75
JUCCUH_comp_0	success	UFF_1	structural	-	byte_exact	-	16.17	88	89
JUCLEA_comp_0	success	UFF_1	byte_exact	-	byte_exact	-	5.22	74	74
JUDMEC_comp_0	success	UFF_1	key_equal	slot_renumber	key_equal	slot_renumber	6.39	83	83
JUFVUB_comp_1	success	UFF_1	byte_exact	-	byte_exact	-	3.06	63	63
JUKXAQ_comp_0	success	UFF_1	byte_exact	-	byte_exact	-	1.69	77	77
JUQKEN_comp_0	success	UFF_1	byte_exact	-	byte_exact	-	4.37	68	68
JUQKUD_comp_0	success	UFF_1	byte_exact	-	byte_exact	-	2.17	68	68
JURMAM_comp_0	success	UFF_1	byte_exact	-	byte_exact	-	2.65	98	98
JUTHIR_comp_0	success	UFF_1	byte_exact	-	byte_exact	-	9.94	128	128
JUWSOJ_comp_0	success	UFF_1	byte_exact	-	byte_exact	-	1.62	69	69
JUXPAV_comp_0	success	UFF_1	structural	-	key_equal	slot_renumber	45.68	103	72
JUXPID_comp_0	failed	-	hard_fail	-	hard_fail	-	449.81	106	79
JUXXEF_comp_0	success	UFF_1	byte_exact	-	byte_exact	-	4.70	82	82
JUZXUZ_comp_0	success	UFF_1	byte_exact	-	byte_exact	-	3.82	130	130
KACCUP_comp_0	success	UFF_1	byte_exact	-	byte_exact	-	4.97	83	83
KACMUZ_comp_0	success	UFF_1	byte_exact	-	byte_exact	-	2.66	86	86
KADGUS_comp_0	success	UFF_1	byte_exact	-	byte_exact	-	3.33	103	103
KADHUV_comp_0	success	UFF_1	byte_exact	-	byte_exact	-	4.03	82	82
KADVER_comp_1	success	UFF_1	structural	-	byte_exact	-	51.87	125	91
KADYAS_comp_0	failed	-	hard_fail	-	hard_fail	-	300.29	135	0
KADYEW_comp_0	success	UFF_1	byte_exact	-	byte_exact	-	6.22	113	113
KADZOF_comp_0	success	UFF_1	byte_exact	-	byte_exact	-	1.58	57	57
KAFYUL_comp_0	success	UFF_1	key_equal	rdkit_canonical	byte_exact	-	16.91	102	96
KAGXIB_comp_0	success	UFF_1	byte_exact	-	byte_exact	-	4.35	97	97
KAHBAX_comp_0	success	UFF_1	byte_exact	-	byte_exact	-	14.04	140	140
KAHNEO_comp_0	success	UFF_1	byte_exact	-	byte_exact	-	35.37	168	168
KAHZID_comp_0	success	UFF_1	byte_exact	-	byte_exact	-	2.38	74	74
KAHZOJ_comp_0	success	UFF_1	byte_exact	-	byte_exact	-	2.75	83	83
KAJMEO_comp_0	success	UFF_1	byte_exact	-	byte_exact	-	2.22	88	88
KAJQOC_comp_0	success	UFF_1	byte_exact	-	byte_exact	-	2.07	48	48
KAKNUI_comp_0	success	UFF_1	structural	-	key_equal	slot_renumber	181.94	95	95
KALHUD_comp_0	success	UFF_1	structural	-	key_equal	slot_renumber	13.34	72	77
KAMCUX_comp_0	success	UFF_1	byte_exact	-	byte_exact	-	2.31	75	75
KAMFAI_comp_2	success	UFF_1	key_equal	slot_renumber	key_equal	slot_renumber	5.16	92	92
KAMFOU_comp_0	success	UFF_1	byte_exact	-	byte_exact	-	2.05	81	81
KANKAN_comp_0	success	UFF_1	byte_exact	-	byte_exact	-	4.71	74	74
KANYIJ_comp_0	success	UFF_1	byte_exact	-	byte_exact	-	1.89	67	67
KANYUW_comp_0	success	UFF_1	byte_exact	-	byte_exact	-	24.68	93	93
KAPNIB_comp_0	success	UFF_1	byte_exact	-	byte_exact	-	1.99	77	77
KAPVAZ_comp_0	success	UFF_1	byte_exact	-	byte_exact	-	2.30	88	88
KAQBAG_comp_0	success	UFF_1	byte_exact	-	byte_exact	-	3.01	92	92
KAQDEL_comp_0	success	UFF_1	structural	-	byte_exact	-	59.28	145	105
KAQFEN_comp_0	success	UFF_1	byte_exact	-	byte_exact	-	62.46	151	151
KAQHIW_comp_0	success	UFF_1	byte_exact	-	byte_exact	-	3.14	67	67
KAQHOC_comp_0	success	UFF_1	byte_exact	-	byte_exact	-	2.19	66	66
KAQJUJ_comp_0	success	UFF_1	byte_exact	-	byte_exact	-	2.33	103	103
KAQQUR_comp_0	success	UFF_1	byte_exact	-	byte_exact	-	2.87	100	100
KARRED_comp_0	success	UFF_1	byte_exact	-	byte_exact	-	6.42	123	123
KARWIL_comp_0	success	UFF_1	byte_exact	-	byte_exact	-	22.36	174	174
KARYEK_comp_0	success	UFF_1	byte_exact	-	byte_exact	-	6.13	208	208
KASFIW_comp_0	success	UFF_1	byte_exact	-	byte_exact	-	8.22	128	128
KASYEL_comp_0	success	UFF_1	byte_exact	-	byte_exact	-	2.42	85	85
KATJEV_comp_0	success	UFF_1	byte_exact	-	byte_exact	-	1.55	62	62
KATNUQ_comp_0	success	UFF_1	byte_exact	-	byte_exact	-	1.84	72	72
KATPON_comp_0	success	UFF_1	byte_exact	-	byte_exact	-	2.50	102	102
KATXAH_comp_0	success	UFF_1	byte_exact	-	byte_exact	-	2.77	114	114
KAVVEJ_comp_0	success	UFF_1	byte_exact	-	byte_exact	-	2.03	76	76
KAWHIC_comp_0	success	UFF_1	key_equal	slot_renumber	key_equal	slot_renumber	2.79	92	92
KAWSAE_comp_0	success	UFF_1	byte_exact	-	byte_exact	-	1.29	44	44
KAWSEI_comp_0	success	UFF_1	byte_exact	-	byte_exact	-	2.83	104	104
KAWTAF_comp_1	success	UFF_1	byte_exact	-	byte_exact	-	2.04	86	86
KAXPAA_comp_0	failed	-	hard_fail	-	hard_fail	-	550.93	168	170
KAXVEN_comp_0	success	UFF_1	byte_exact	-	byte_exact	-	29.81	122	122
KAZKIH_comp_0	success	UFF_1	byte_exact	-	byte_exact	-	1.62	60	60
KEBNAH_comp_0	success	UFF_1	byte_exact	-	byte_exact	-	2.31	67	67
KECFII_comp_0	success	UFF_1	key_equal	slot_renumber	key_equal	slot_renumber	4.08	80	80
KECFUU_comp_0	success	UFF_1	byte_exact	-	byte_exact	-	2.78	73	73
KECJUA_comp_0	failed	-	hard_fail	-	hard_fail	-	333.04	144	194
KEDFUV_comp_0	success	UFF_1	byte_exact	-	byte_exact	-	4.04	68	68
KEDMAI_comp_1	success	UFF_1	byte_exact	-	byte_exact	-	1.09	40	40
KEDMOW_comp_0	success	UFF_1	byte_exact	-	byte_exact	-	3.65	107	107
KEDNAJ_comp_0	success	UFF_1	byte_exact	-	byte_exact	-	2.05	66	66
KEFTEV_comp_0	success	UFF_1	key_equal	slot_renumber	key_equal	slot_renumber	22.94	116	116
KEFXEB_comp_0	success	UFF_1	byte_exact	-	byte_exact	-	7.29	95	95
KEHNOA_comp_0	success	UFF_1	structural	-	key_equal	slot_renumber	19.55	89	95
KEHXAX_comp_0	success	UFF_1	byte_exact	-	byte_exact	-	7.36	173	173
KEJDOV_comp_0	success	UFF_1	byte_exact	-	byte_exact	-	2.07	94	94
KEJHAL_comp_0	success	UFF_1	byte_exact	-	byte_exact	-	1.64	56	56
KEJKUG_comp_0	success	UFF_1	key_equal	slot_renumber	key_equal	slot_renumber	3.35	75	75
KEJLET_comp_0	success	UFF_1	byte_exact	-	byte_exact	-	2.71	91	91
KEKKAO_comp_0	success	UFF_1	byte_exact	-	byte_exact	-	1.91	72	72
KEKQIB_comp_0	success	UFF_1	byte_exact	-	byte_exact	-	1.52	45	45
KELLOD_comp_0	success	UFF_1	byte_exact	-	byte_exact	-	2.37	89	89
KELQOI_comp_0	success	UFF_1	byte_exact	-	byte_exact	-	129.09	153	153
KELRAV_comp_0	success	UFF_1	byte_exact	-	byte_exact	-	1.53	64	64
KELREZ_comp_0	success	UFF_1	byte_exact	-	byte_exact	-	1.38	58	58
KEMBUC_comp_0	success	UFF_1	byte_exact	-	byte_exact	-	9.79	114	114
KEMSUS_comp_0	failed	-	encode_fail	-	encode_fail	-	300.45	0	0
KENLUN_comp_0	success	UFF_1	byte_exact	-	byte_exact	-	11.60	79	79
KENQOJ_comp_0	success	UFF_1	key_equal	rdkit_canonical	byte_exact	-	3.24	111	105
KEPPIH_comp_0	success	UFF_1	byte_exact	-	byte_exact	-	2.64	98	98
KESQAA_comp_0	success	UFF_1	byte_exact	-	byte_exact	-	1.88	74	74
KESWUB_comp_0	failed	-	encode_fail	-	encode_fail	-	300.48	0	0
KETKEZ_comp_0	success	UFF_1	byte_exact	-	byte_exact	-	7.90	131	131
KETNED_comp_0	success	UFF_1	byte_exact	-	byte_exact	-	45.71	159	159
KETWUD_comp_0	success	UFF_1	structural	-	byte_exact	-	53.69	87	95
KEWVEO_comp_0	success	UFF_1	byte_exact	-	byte_exact	-	1.68	59	59
KEWYAM_comp_0	success	UFF_1	structural	-	byte_exact	-	13.59	85	77
KEXCOI_comp_0	success	UFF_1	structural	-	byte_exact	-	17.35	103	72
KEXTUE_comp_0	success	UFF_1	byte_exact	-	byte_exact	-	3.13	100	100
KEXWES_comp_0	success	UFF_1	byte_exact	-	byte_exact	-	1.86	69	69
KEYCIA_comp_0	success	UFF_1	byte_exact	-	byte_exact	-	2.94	108	108
KEYKUV_comp_0	success	UFF_1	byte_exact	-	byte_exact	-	3.51	100	100
KEYVIU_comp_0	failed	-	hard_fail	-	hard_fail	-	300.36	130	0
KICLEQ_comp_0	success	UFF_1	byte_exact	-	byte_exact	-	3.39	96	96
KICSIA_comp_1	success	UFF_1	byte_exact	-	byte_exact	-	1.45	61	61
KICSUM_comp_0	success	UFF_1	byte_exact	-	byte_exact	-	1.42	61	61
KIDJAJ_comp_0	success	UFF_1	byte_exact	-	byte_exact	-	1.73	72	72
KIDKOY_comp_0	success	UFF_1	byte_exact	-	byte_exact	-	6.50	68	68
KIDKUE_comp_0	success	UFF_1	byte_exact	-	byte_exact	-	7.24	77	77
KIFCOS_comp_0	success	UFF_1	byte_exact	-	byte_exact	-	2.42	91	91
KIFDIO_comp_0	success	UFF_1	byte_exact	-	byte_exact	-	2.42	81	81
KIGSEB_comp_0	success	UFF_1	byte_exact	-	byte_exact	-	6.53	108	108
KIGSID_comp_0	success	UFF_1	byte_exact	-	byte_exact	-	1.43	58	58
KIHDUB_comp_0	success	UFF_1	byte_exact	-	byte_exact	-	3.58	106	106
KIHGAK_comp_0	success	UFF_1	facmer_divergent	-	byte_exact	-	22.27	97	66
KIHHUG_comp_0	failed	-	structural	-	structural	-	423.01	93	92
KIHJUI_comp_0	success	UFF_1	byte_exact	-	byte_exact	-	24.74	118	118
KIHVIH_comp_0	success	UFF_1	structural	-	byte_exact	-	28.32	87	76
KIJCIQ_comp_0	success	UFF_1	byte_exact	-	byte_exact	-	1.81	70	70
KIJCOW_comp_0	success	UFF_1	byte_exact	-	byte_exact	-	2.11	84	84
KIJFIT_comp_0	success	UFF_1	byte_exact	-	byte_exact	-	2.09	83	83
KIJFUF_comp_0	success	UFF_1	byte_exact	-	byte_exact	-	3.06	115	115
KIKGAP_comp_0	success	UFF_1	byte_exact	-	byte_exact	-	56.59	176	176
KIKJIA_comp_0	success	UFF_1	structural	-	byte_exact	-	24.05	79	86
KIKRUU_comp_0	failed	-	hard_fail	-	hard_fail	-	491.89	108	90
KIKSAB_comp_0	failed	-	hard_fail	-	hard_fail	-	490.75	110	80
KIKWOQ_comp_0	failed	-	hard_fail	-	hard_fail	-	300.22	72	0
KILWAF_comp_0	success	UFF_1	byte_exact	-	byte_exact	-	11.49	102	102
KIMFAP_comp_0	success	UFF_1	byte_exact	-	byte_exact	-	4.09	89	89
KIMFET_comp_0	success	UFF_1	byte_exact	-	byte_exact	-	3.36	79	79
KIMFOD_comp_0	success	UFF_1	byte_exact	-	byte_exact	-	2.88	93	93
KIMLOJ_comp_0	success	UFF_1	byte_exact	-	byte_exact	-	2.09	98	98
KIMPAZ_comp_0	success	UFF_1	byte_exact	-	byte_exact	-	2.79	93	93
KIMVAG_comp_0	success	UFF_1	byte_exact	-	byte_exact	-	3.42	126	126
KINDAM_comp_0	success	UFF_1	byte_exact	-	byte_exact	-	4.72	124	124
KINPIG_comp_0	success	UFF_1	byte_exact	-	byte_exact	-	6.17	71	71
KIPBAP_comp_1	success	UFF_1	structural	-	byte_exact	-	45.02	102	99
KIPTAG_comp_0	success	UFF_1	byte_exact	-	byte_exact	-	2.52	75	75
KIQGOG_comp_0	success	UFF_1	byte_exact	-	byte_exact	-	2.22	47	47
KIRLAB_comp_0	success	UFF_1	byte_exact	-	byte_exact	-	8.55	88	88
KIRMAC_comp_0	success	UFF_1	byte_exact	-	byte_exact	-	10.66	106	106
KIRVOY_comp_0	success	UFF_1	structural	-	byte_exact	-	57.22	124	113
KIRWEP_comp_0	success	UFF_1	structural	-	key_equal	rdkit_canonical	18.54	86	81
KITHED_comp_0	success	UFF_1	key_equal	slot_renumber	key_equal	slot_renumber	21.15	105	105
KITHIH_comp_0	success	UFF_1	key_equal	slot_renumber	key_equal	slot_renumber	5.03	88	88
KITHON_comp_0	success	UFF_1	byte_exact	-	byte_exact	-	2.34	87	87
KIVGIH_comp_0	failed	-	hard_fail	-	hard_fail	-	318.55	108	108
KIVTEP_comp_0	success	UFF_1	byte_exact	-	byte_exact	-	2.30	98	98
KIVZEX_comp_0	success	UFF_1	byte_exact	-	byte_exact	-	4.59	97	97
KIWKAE_comp_0	success	UFF_1	byte_exact	-	byte_exact	-	6.77	94	94
KIWPIR_comp_0	success	UFF_1	byte_exact	-	byte_exact	-	8.13	95	95
KIWPOX_comp_0	success	UFF_1	byte_exact	-	byte_exact	-	3.79	111	111
KIYWOG_comp_0	success	UFF_1	byte_exact	-	byte_exact	-	2.66	85	85
KIZBIH_comp_0	success	UFF_1	byte_exact	-	byte_exact	-	3.22	106	106
KIZHOS_comp_0	success	UFF_1	byte_exact	-	key_equal	rdkit_canonical	19.49	106	106
KIZNAK_comp_0	success	UFF_1	byte_exact	-	byte_exact	-	2.01	67	67
KOBNUN_comp_0	success	g-xTB_1	byte_exact	-	byte_exact	-	86.03	50	50
KOBTIF_comp_0	success	UFF_1	byte_exact	-	byte_exact	-	3.67	107	107
KOCFOA_comp_0	success	UFF_1	byte_exact	-	byte_exact	-	2.92	102	102
KOCGUE_comp_0	success	UFF_1	byte_exact	-	byte_exact	-	2.82	79	79
KOCQOJ_comp_0	success	UFF_1	byte_exact	-	byte_exact	-	2.83	96	96
KODHIU_comp_0	failed	-	hard_fail	-	hard_fail	-	300.31	132	0
KOFWOU_comp_0	success	UFF_1	byte_exact	-	byte_exact	-	2.30	85	85
KOFYEM_comp_0	success	UFF_1	byte_exact	-	byte_exact	-	5.44	135	135
KOGGAR_comp_0	success	UFF_1	byte_exact	-	byte_exact	-	5.18	77	77
KOJPEF_comp_0	success	UFF_1	byte_exact	-	byte_exact	-	1.52	66	66
KOKGUP_comp_0	success	UFF_1	key_equal	slot_renumber	key_equal	slot_renumber	8.20	112	112
KOKKON_comp_0	success	UFF_1	byte_exact	-	byte_exact	-	2.66	90	90
KOKQIL_comp_0	success	UFF_1	byte_exact	-	byte_exact	-	2.73	72	72
KOKSIN_comp_0	success	UFF_1	byte_exact	-	byte_exact	-	1.93	61	61
KOLHEA_comp_0	success	UFF_1	byte_exact	-	byte_exact	-	1.84	73	73
KONBEW_comp_0	success	UFF_1	byte_exact	-	byte_exact	-	2.98	77	77
KOPBAU_comp_0	success	UFF_1	key_equal	slot_renumber	byte_exact	-	6.29	129	129
KOPHUS_comp_0	success	UFF_1	byte_exact	-	byte_exact	-	3.02	107	107
KOPSUD_comp_0	success	UFF_1	byte_exact	-	byte_exact	-	2.81	81	81
KOSTIX_comp_0	success	UFF_1	byte_exact	-	byte_exact	-	2.06	81	81
KOVXIE_comp_0	success	UFF_1	byte_exact	-	byte_exact	-	1.47	59	59
KOWXIF_comp_0	success	UFF_1	key_equal	slot_renumber	key_equal	slot_renumber	2.35	73	73
KOYZIJ_comp_0	success	UFF_1	structural	-	key_equal	slot_renumber	6.45	57	60
KUBFOE_comp_0	success	UFF_1	byte_exact	-	byte_exact	-	3.38	97	97
KUBPII_comp_0	success	UFF_1	byte_exact	-	byte_exact	-	3.33	112	112
KUBQOP_comp_0	success	UFF_1	byte_exact	-	byte_exact	-	9.81	122	122
KUBSIL_comp_0	success	UFF_1	byte_exact	-	byte_exact	-	2.38	83	83
KUCWUB_comp_0	success	UFF_1	structural	-	byte_exact	-	19.22	88	107
KUFHUP_comp_0	success	UFF_1	byte_exact	-	byte_exact	-	3.08	102	102
KUFJEB_comp_0	success	UFF_1	byte_exact	-	byte_exact	-	6.15	99	99
KUFZIV_comp_0	success	UFF_1	byte_exact	-	byte_exact	-	3.17	104	104
KUGDEX_comp_0	success	UFF_1	structural	-	byte_exact	-	18.31	93	93
KUGGEA_comp_0	success	UFF_1	byte_exact	-	byte_exact	-	4.41	93	93
KUGMOP_comp_0	success	UFF_1	byte_exact	-	byte_exact	-	2.14	76	76
KUHSIQ_comp_0	success	UFF_1	byte_exact	-	byte_exact	-	9.60	84	84
KUJGEC_comp_0	success	UFF_1	byte_exact	-	byte_exact	-	126.69	97	97
KUJLEH_comp_0	success	UFF_1	byte_exact	-	byte_exact	-	1.83	62	62
KUJMUX_comp_0	success	UFF_1	structural	-	byte_exact	-	11.23	107	114
KUKMIN_comp_0	success	UFF_1	byte_exact	-	byte_exact	-	2.06	76	76
KUMDAY_comp_0	success	UFF_1	key_equal	slot_renumber	key_equal	slot_renumber	4.18	130	130
KUMDOM_comp_0	success	UFF_1	byte_exact	-	byte_exact	-	1.98	87	87
KUMDUS_comp_0	success	UFF_1	byte_exact	-	byte_exact	-	4.92	81	81
KUMFAA_comp_0	success	UFF_1	byte_exact	-	byte_exact	-	10.04	80	80
KUMGAB_comp_0	success	UFF_1	byte_exact	-	byte_exact	-	2.07	79	79
KUMGEF_comp_0	success	UFF_1	byte_exact	-	byte_exact	-	3.27	78	78
KUMHIK_comp_0	success	UFF_1	key_equal	rdkit_canonical	byte_exact	-	4.41	80	77
KUMJOS_comp_0	success	UFF_1	byte_exact	-	byte_exact	-	10.14	85	85
KUMRAM_comp_0	success	UFF_1	byte_exact	-	byte_exact	-	19.61	118	118
KUMVIY_comp_0	success	UFF_1	byte_exact	-	byte_exact	-	2.70	85	85
KUNGUW_comp_0	success	UFF_1	byte_exact	-	byte_exact	-	3.13	90	90
KUPGEJ_comp_0	success	UFF_1	byte_exact	-	byte_exact	-	3.09	92	92
KUPJEL_comp_0	success	UFF_1	byte_exact	-	byte_exact	-	1.84	75	75
KUPJOW_comp_0	success	UFF_1	byte_exact	-	byte_exact	-	1.72	103	103
KUPPUI_comp_0	success	UFF_1	byte_exact	-	byte_exact	-	5.97	108	108
KUPVEX_comp_0	success	UFF_1	structural	-	byte_exact	-	20.11	105	106
KUQCOQ_comp_0	success	UFF_1	byte_exact	-	byte_exact	-	9.79	114	114
KUQHIP_comp_0	success	UFF_1	byte_exact	-	byte_exact	-	1.42	47	47
KUQJEN_comp_0	success	UFF_1	structural	-	byte_exact	-	22.91	110	110
KUQLAL_comp_0	success	UFF_1	byte_exact	-	byte_exact	-	4.54	95	95
KURBAC_comp_0	success	UFF_1	structural	-	byte_exact	-	13.89	73	57
KURBUW_comp_0	success	UFF_1	byte_exact	-	byte_exact	-	1.98	79	79
KURFEK_comp_0	success	UFF_1	byte_exact	-	byte_exact	-	18.85	95	95
KURNIW_comp_0	success	UFF_1	byte_exact	-	byte_exact	-	1.39	60	60
KUSYII_comp_1	success	UFF_1	byte_exact	-	byte_exact	-	2.65	78	78
KUWPOI_comp_0	success	UFF_1	byte_exact	-	byte_exact	-	2.42	106	106
KUXLUM_comp_0	success	UFF_1	byte_exact	-	byte_exact	-	4.88	87	87
KUXYIN_comp_0	success	UFF_1	byte_exact	-	byte_exact	-	9.41	108	108
LABJEG_comp_0	success	UFF_1	structural	-	byte_exact	-	16.29	85	76
LABKIK_comp_0	success	UFF_1	structural	-	byte_exact	-	9.51	110	106
LABKOQ_comp_0	success	UFF_1	structural	-	byte_exact	-	10.39	118	110
LACNOU_comp_0	success	UFF_1	structural	-	byte_exact	-	89.97	119	103
LACPEM_comp_0	success	UFF_1	byte_exact	-	byte_exact	-	2.82	89	89
LACPUC_comp_0	success	UFF_1	byte_exact	-	byte_exact	-	4.35	101	101
LADGAZ_comp_0	success	UFF_1	byte_exact	-	byte_exact	-	1.38	57	57
LAGJIP_comp_0	failed	-	structural	-	structural	-	494.21	106	108
LAHTOD_comp_0	success	UFF_1	byte_exact	-	byte_exact	-	10.23	104	104
LAHVOG_comp_0	success	UFF_1	structural	-	byte_exact	-	128.21	138	162
LAMTAX_comp_0	failed	-	hard_fail	-	hard_fail	-	543.04	170	192
LAMVIE_comp_0	success	UFF_1	key_equal	slot_renumber	key_equal	slot_renumber	2.36	78	78
LAMWON_comp_0	success	UFF_1	byte_exact	-	byte_exact	-	1.40	54	54
LANBIN_comp_0	success	UFF_1	byte_exact	-	byte_exact	-	5.11	92	92
LAQTUT_comp_0	success	UFF_1	byte_exact	-	byte_exact	-	3.21	128	128
LARQAY_comp_2	success	UFF_1	structural	-	byte_exact	-	28.48	119	122
LARQED_comp_0	success	UFF_1	structural	-	byte_exact	-	49.57	139	97
LARQIG_comp_0	success	UFF_1	structural	-	byte_exact	-	17.07	113	119
LARRON_comp_0	success	UFF_1	byte_exact	-	byte_exact	-	2.62	82	82
LARSIJ_comp_0	success	UFF_1	byte_exact	-	byte_exact	-	2.06	71	71
LARWAD_comp_0	success	UFF_1	byte_exact	-	byte_exact	-	2.67	108	108
LASFER_comp_0	success	UFF_1	structural	-	byte_exact	-	23.12	90	68
LASFOB_comp_0	success	UFF_1	byte_exact	-	byte_exact	-	5.83	96	96
LASMIC_comp_0	success	UFF_1	byte_exact	-	byte_exact	-	2.59	96	96
LASSOQ_comp_0	success	UFF_1	structural	-	byte_exact	-	44.01	82	70
LASVUZ_comp_0	success	UFF_1	structural	-	byte_exact	-	17.11	80	64
LASXUB_comp_0	success	UFF_1	structural	-	byte_exact	-	35.72	119	83
LASXUZ_comp_0	success	UFF_1	byte_exact	-	byte_exact	-	4.83	92	92
LATZUD_comp_0	success	UFF_1	byte_exact	-	byte_exact	-	2.23	74	74
LAWDAR_comp_0	success	UFF_1	byte_exact	-	byte_exact	-	5.51	93	93
LAZKAZ_comp_0	success	UFF_1	byte_exact	-	byte_exact	-	1.75	76	76
LAZKIH_comp_0	success	UFF_1	byte_exact	-	byte_exact	-	5.90	81	81
LAZYAO_comp_0	success	UFF_1	structural	-	byte_exact	-	44.00	104	81
LEBLOU_comp_0	success	UFF_1	byte_exact	-	byte_exact	-	9.90	97	97
LEBXAT_comp_0	success	UFF_1	byte_exact	-	byte_exact	-	1.98	78	78
LECCEC_comp_0	success	UFF_1	byte_exact	-	byte_exact	-	1.94	98	98
LECSUJ_comp_0	success	UFF_1	byte_exact	-	byte_exact	-	1.42	60	60
LECZEZ_comp_0	success	UFF_1	byte_exact	-	byte_exact	-	1.94	83	83
LEDSIX_comp_0	success	UFF_1	byte_exact	-	byte_exact	-	10.20	109	109
LEDTOE_comp_1	success	UFF_1	byte_exact	-	byte_exact	-	2.28	100	100
LEFDUY_comp_0	success	UFF_1	byte_exact	-	byte_exact	-	2.67	107	107
LEGKEO_comp_0	success	UFF_1	byte_exact	-	byte_exact	-	1.41	54	54
LEGKIU_comp_0	success	UFF_1	key_equal	slot_renumber	key_equal	slot_renumber	2.71	77	77
LEGVIF_comp_0	success	UFF_1	byte_exact	-	byte_exact	-	1.82	75	75
LEHDOT_comp_0	success	UFF_1	byte_exact	-	byte_exact	-	1.89	95	95
LEHSAU_comp_0	success	UFF_1	byte_exact	-	byte_exact	-	2.74	75	75
LEJBEH_comp_0	success	UFF_1	structural	-	byte_exact	-	33.52	75	61
LEKCIP_comp_0	failed	-	hard_fail	-	hard_fail	-	375.24	158	155
LEKRAX_comp_0	success	UFF_1	byte_exact	-	byte_exact	-	15.42	134	134
LEKSUR_comp_0	success	UFF_1	byte_exact	-	byte_exact	-	1.52	53	53
LELJOD_comp_0	success	UFF_1	byte_exact	-	byte_exact	-	6.22	125	125
LEMJAR_comp_0	success	UFF_1	byte_exact	-	byte_exact	-	7.35	118	118
LEMKAS_comp_0	success	UFF_1	key_equal	slot_renumber	key_equal	slot_renumber	3.08	80	80
LENVUW_comp_0	success	UFF_1	byte_exact	-	byte_exact	-	2.00	58	58
LEPXAI_comp_0	success	UFF_1	byte_exact	-	byte_exact	-	1.31	52	52
LEPYOW_comp_0	success	UFF_1	byte_exact	-	byte_exact	-	2.85	104	104
LEPYUC_comp_0	success	UFF_1	byte_exact	-	byte_exact	-	2.88	108	108
LEQRIL_comp_0	success	UFF_1	byte_exact	-	byte_exact	-	4.87	121	121
LERBES_comp_0	success	UFF_1	byte_exact	-	byte_exact	-	2.12	83	83
LERBIW_comp_0	success	UFF_1	byte_exact	-	byte_exact	-	1.98	77	77
LERLAY_comp_0	success	UFF_1	byte_exact	-	byte_exact	-	3.81	91	91
LERLEC_comp_0	success	UFF_1	key_equal	rdkit_canonical	byte_exact	-	9.47	97	76
LETSOU_comp_0	success	UFF_1	byte_exact	-	byte_exact	-	4.05	91	91
LETXOY_comp_0	failed	-	hard_fail	-	hard_fail	-	1.10	164	0
LETYUF_comp_0	success	UFF_1	byte_exact	-	byte_exact	-	17.09	121	121
LEVDEX_comp_0	success	UFF_1	byte_exact	-	byte_exact	-	2.43	96	96
LEVWIT_comp_0	success	UFF_1	byte_exact	-	byte_exact	-	2.72	104	104
LEXDUP_comp_0	failed	-	hard_fail	-	hard_fail	-	300.47	209	0
LEXZIX_comp_0	success	UFF_1	structural	-	key_equal	slot_renumber	7.52	68	69
LEXZOD_comp_0	success	UFF_1	structural	-	byte_exact	-	7.03	64	65
LEYPAJ_comp_0	success	UFF_1	byte_exact	-	byte_exact	-	3.49	156	156
LEYTAL_comp_0	success	UFF_1	key_equal	slot_renumber	key_equal	slot_renumber	3.33	102	102
LEYTIT_comp_0	success	UFF_1	structural	-	byte_exact	-	16.55	90	96
LEYWOE_comp_0	success	UFF_1	byte_exact	-	byte_exact	-	2.99	91	91
LIBLIS_comp_0	success	UFF_1	byte_exact	-	byte_exact	-	14.81	148	148
LIBTIB_comp_0	success	UFF_1	byte_exact	-	byte_exact	-	3.35	126	126
LIBTUL_comp_0	success	UFF_1	byte_exact	-	byte_exact	-	1.70	86	86
LIBVAT_comp_0	success	UFF_1	byte_exact	-	byte_exact	-	2.60	97	97
LIBXOM_comp_0	success	UFF_1	byte_exact	-	byte_exact	-	12.85	92	92
LICPUJ_comp_0	success	UFF_1	byte_exact	-	byte_exact	-	2.29	73	73
LIDLER_comp_0	success	UFF_1	byte_exact	-	byte_exact	-	3.80	103	103
LIDMIV_comp_0	success	UFF_1	byte_exact	-	byte_exact	-	2.69	80	80
LIDSOJ_comp_0	success	UFF_1	byte_exact	-	byte_exact	-	5.73	81	81
LIHREB_comp_0	success	UFF_1	structural	-	byte_exact	-	12.02	91	85
LIHVEG_comp_0	success	UFF_1	byte_exact	-	byte_exact	-	8.03	105	105
LIHVUW_comp_0	success	UFF_1	byte_exact	-	byte_exact	-	5.55	107	107
LIHYAF_comp_0	success	UFF_1	key_equal	slot_renumber	key_equal	slot_renumber	7.06	102	102
LIHZAE_comp_0	success	UFF_1	byte_exact	-	byte_exact	-	7.00	102	102
LIJSIJ_comp_0	success	UFF_1	byte_exact	-	byte_exact	-	12.41	83	83
LIJVEG_comp_0	success	UFF_1	structural	-	byte_exact	-	30.09	101	66
LIKJIB_comp_0	success	UFF_1	structural	-	key_equal	rdkit_canonical	40.16	97	79
LIKZUD_comp_0	success	UFF_1	key_equal	slot_renumber	key_equal	slot_renumber	4.59	88	88
LILHUL_comp_0	success	UFF_1	byte_exact	-	byte_exact	-	5.19	104	104
LILLEZ_comp_0	success	UFF_1	key_equal	slot_renumber	key_equal	slot_renumber	3.80	60	60
LILTEG_comp_0	success	UFF_1	byte_exact	-	byte_exact	-	6.36	162	162
LILWIN_comp_0	success	UFF_1	byte_exact	-	byte_exact	-	2.10	80	80
LILXIO_comp_0	success	UFF_1	byte_exact	-	byte_exact	-	4.13	66	66
LIMBAL_comp_0	success	UFF_1	byte_exact	-	byte_exact	-	5.04	98	98
LIMJOH_comp_0	success	UFF_1	byte_exact	-	byte_exact	-	2.23	101	101
LIMREF_comp_0	success	UFF_1	byte_exact	-	byte_exact	-	2.37	89	89
LIMRIJ_comp_0	success	UFF_1	byte_exact	-	byte_exact	-	3.15	128	128
LIMVEL_comp_0	failed	-	hard_fail	-	hard_fail	-	300.48	185	0
LINVEK_comp_0	success	UFF_1	byte_exact	-	byte_exact	-	3.21	116	116
LINVOU_comp_0	success	UFF_1	byte_exact	-	byte_exact	-	3.72	111	111
LINVUA_comp_0	success	UFF_1	byte_exact	-	byte_exact	-	2.52	82	82
LIPMAA_comp_0	success	UFF_1	byte_exact	-	byte_exact	-	2.97	116	116
LIRBUK_comp_0	success	UFF_1	byte_exact	-	byte_exact	-	30.62	106	106
LIRFOJ_comp_0	success	UFF_1	structural	-	byte_exact	-	134.87	183	192
LISCIZ_comp_0	success	UFF_1	byte_exact	-	byte_exact	-	3.61	70	70
LISGUP_comp_0	success	UFF_1	byte_exact	-	byte_exact	-	2.93	124	124
LISMUY_comp_0	success	UFF_1	byte_exact	-	byte_exact	-	3.81	92	92
LISNIN_comp_0	success	UFF_1	byte_exact	-	byte_exact	-	2.84	91	91
LISNUX_comp_0	failed	-	hard_fail	-	hard_fail	-	2.73	102	0
LITBIZ_comp_0	success	UFF_1	byte_exact	-	byte_exact	-	1.62	70	70
LITNAE_comp_0	success	UFF_1	byte_exact	-	byte_exact	-	2.99	94	94
LIVBEA_comp_0	success	UFF_1	byte_exact	-	byte_exact	-	2.22	53	53
LIVBOK_comp_0	success	UFF_1	byte_exact	-	byte_exact	-	1.39	55	55
LIVDUQ_comp_0	success	UFF_1	byte_exact	-	byte_exact	-	2.27	84	84
LIVNUC_comp_0	success	UFF_1	byte_exact	-	byte_exact	-	2.87	107	107
LIYXEY_comp_0	success	UFF_1	byte_exact	-	byte_exact	-	4.02	104	104
LIYYAV_comp_0	success	UFF_1	byte_exact	-	byte_exact	-	3.47	95	95
LOBFIU_comp_0	success	UFF_1	byte_exact	-	byte_exact	-	5.58	85	85
LOBYOR_comp_0	success	UFF_1	byte_exact	-	byte_exact	-	1.55	56	56
LODFAL_comp_0	success	UFF_1	byte_exact	-	byte_exact	-	1.91	69	69
LODMAV_comp_0	success	UFF_1	structural	-	byte_exact	-	12.22	110	114
LODYAH_comp_0	success	UFF_1	byte_exact	-	byte_exact	-	2.30	109	109
LOFLAU_comp_0	success	UFF_1	structural	-	byte_exact	-	21.73	91	78
LOFMOJ_comp_0	success	UFF_1	structural	-	byte_exact	-	23.59	108	108
LOGRAD_comp_0	success	UFF_1	byte_exact	-	byte_exact	-	1.89	72	72
LOHFEW_comp_0	success	UFF_1	key_equal	slot_renumber	key_equal	slot_renumber	7.46	103	103
LOJGEW_comp_0	failed	-	hard_fail	-	hard_fail	-	1.36	230	0
LOJMUS_comp_0	success	UFF_1	structural	-	byte_exact	-	23.54	130	118
LOKCAS_comp_0	success	UFF_1	byte_exact	-	byte_exact	-	2.36	78	78
LOKHIF_comp_0	success	UFF_1	byte_exact	-	byte_exact	-	34.12	186	186
LOKPEH_comp_0	success	UFF_1	byte_exact	-	byte_exact	-	1.86	73	73
LOLCUM_comp_0	success	UFF_1	byte_exact	-	byte_exact	-	2.97	95	95
LOLROW_comp_0	failed	-	hard_fail	-	hard_fail	-	331.31	134	135
LOLTEM_comp_0	success	UFF_1	byte_exact	-	byte_exact	-	1.67	69	69
LOLTOW_comp_0	success	UFF_1	byte_exact	-	byte_exact	-	1.90	75	75
LOMFUQ_comp_0	success	UFF_1	structural	-	byte_exact	-	49.60	131	119
LOMWER_comp_0	success	UFF_1	byte_exact	-	byte_exact	-	4.09	122	122
LOMWIV_comp_0	success	UFF_1	byte_exact	-	byte_exact	-	3.76	120	120
LOMWUH_comp_0	success	UFF_1	byte_exact	-	byte_exact	-	2.82	108	108
LONHAA_comp_0	success	UFF_1	byte_exact	-	byte_exact	-	1.93	73	73
LOPFOM_comp_0	success	UFF_1	byte_exact	-	byte_exact	-	3.50	118	118
LOPJEG_comp_0	success	UFF_1	byte_exact	-	byte_exact	-	5.76	83	83
LOPPEO_comp_0	success	UFF_1	byte_exact	-	byte_exact	-	10.18	93	93
LOPYOE_comp_0	success	UFF_1	byte_exact	-	byte_exact	-	1.73	62	62
LOQVAP_comp_0	success	UFF_1	byte_exact	-	byte_exact	-	1.23	52	52
LOQWEU_comp_0	success	UFF_1	byte_exact	-	byte_exact	-	2.44	88	88
LOQXAR_comp_0	success	UFF_1	byte_exact	-	byte_exact	-	3.40	88	88
LORDOM_comp_0	success	UFF_1	byte_exact	-	byte_exact	-	2.86	98	98
LORPUF_comp_0	success	UFF_1	structural	-	byte_exact	-	22.76	110	110
LOVCOQ_comp_3	success	UFF_1	byte_exact	-	byte_exact	-	4.37	82	82
LOWXAW_comp_0	success	UFF_1	byte_exact	-	byte_exact	-	3.39	96	96
LOYKUF_comp_0	success	UFF_1	byte_exact	-	byte_exact	-	1.97	76	76
LOYSEZ_comp_0	success	UFF_1	byte_exact	-	byte_exact	-	4.33	69	69
LOYSUP_comp_0	success	UFF_1	byte_exact	-	byte_exact	-	9.90	96	96
LOZKOC_comp_0	success	UFF_1	byte_exact	-	byte_exact	-	2.64	97	97
LUCKUR_comp_0	success	UFF_1	byte_exact	-	byte_exact	-	2.28	106	106
LUDPAD_comp_0	success	UFF_1	byte_exact	-	byte_exact	-	5.71	117	117
LUFKOM_comp_0	success	UFF_1	byte_exact	-	byte_exact	-	1.51	70	70
LUFNUX_comp_0	success	UFF_1	byte_exact	-	byte_exact	-	2.41	82	82
LUFRUA_comp_0	success	UFF_1	byte_exact	-	byte_exact	-	13.32	94	94
LUJJUX_comp_0	failed	-	encode_fail	-	encode_fail	-	300.50	0	0
LUJLIM_comp_0	success	UFF_1	byte_exact	-	byte_exact	-	20.02	119	119
LUMDON_comp_0	success	UFF_1	structural	-	byte_exact	-	87.11	96	101
LUNHAD_comp_0	success	UFF_1	byte_exact	-	byte_exact	-	6.72	99	99
LURKIT_comp_0	success	UFF_1	byte_exact	-	byte_exact	-	1.79	98	98
LURVOL_comp_0	success	UFF_1	byte_exact	-	byte_exact	-	1.71	58	58
LUSBEI_comp_0	success	UFF_1	structural	-	byte_exact	-	83.64	112	105
LUSGUD_comp_0	success	UFF_1	byte_exact	-	byte_exact	-	6.82	79	79
LUSHEO_comp_0	success	UFF_1	byte_exact	-	byte_exact	-	2.29	94	94
LUSKIU_comp_0	success	UFF_1	byte_exact	-	byte_exact	-	2.67	107	107
LUSKOB_comp_0	success	UFF_1	byte_exact	-	byte_exact	-	2.39	89	89
LUSZUW_comp_0	success	UFF_1	structural	-	key_equal	rdkit_canonical	75.09	119	110
LUTJEQ_comp_0	success	UFF_1	byte_exact	-	byte_exact	-	6.21	92	92
LUTQEY_comp_0	success	UFF_1	byte_exact	-	byte_exact	-	6.52	96	96
LUTQIC_comp_0	success	UFF_1	byte_exact	-	byte_exact	-	4.45	101	101
LUTQOI_comp_0	success	UFF_1	byte_exact	-	byte_exact	-	2.46	92	92
LUTVIF_comp_0	success	UFF_1	byte_exact	-	byte_exact	-	4.84	120	120
LUTWUS_comp_0	success	UFF_1	byte_exact	-	byte_exact	-	6.34	101	101
LUTYOO_comp_0	success	UFF_1	byte_exact	-	key_equal	rdkit_canonical	28.91	197	197
LUVLIZ_comp_0	success	UFF_1	byte_exact	-	byte_exact	-	4.34	81	81
LUVMIA_comp_0	success	UFF_1	byte_exact	-	byte_exact	-	2.70	79	79
LUVZUZ_comp_0	success	UFF_1	byte_exact	-	byte_exact	-	4.14	112	112
LUWLAS_comp_0	success	UFF_1	structural	-	byte_exact	-	10.25	80	83
LUWYOR_comp_0	success	UFF_1	key_equal	rdkit_canonical	byte_exact	-	6.36	109	100
LUXMUO_comp_0	success	UFF_1	byte_exact	-	byte_exact	-	8.75	104	104
LUYYIP_comp_0	success	UFF_1	byte_exact	-	byte_exact	-	3.26	86	86
LUYYOT_comp_0	success	UFF_1	structural	-	byte_exact	-	227.66	83	93
LUZDAL_comp_0	success	UFF_1	structural	-	byte_exact	-	154.25	89	73
LUZGIY_comp_0	success	UFF_1	structural	-	byte_exact	-	49.00	107	74
LUZTEG_comp_0	success	UFF_1	byte_exact	-	byte_exact	-	2.22	66	66
LUZYOW_comp_0	success	UFF_1	byte_exact	-	byte_exact	-	2.03	61	61
MABKOQ_comp_0	success	UFF_1	byte_exact	-	byte_exact	-	2.50	96	96
MABQUD_comp_0	success	UFF_1	byte_exact	-	byte_exact	-	1.88	55	55
MACGON_comp_0	success	UFF_1	byte_exact	-	byte_exact	-	1.30	50	50
MADREP_comp_0	success	UFF_1	byte_exact	-	byte_exact	-	2.25	99	99
MAFNIT_comp_0	success	UFF_1	byte_exact	-	byte_exact	-	4.78	95	95
MAFRUJ_comp_0	failed	-	hard_fail	-	hard_fail	-	300.14	324	0
MAGYOK_comp_0	success	UFF_1	byte_exact	-	byte_exact	-	2.24	71	71
MAHTOE_comp_0	failed	-	hard_fail	-	hard_fail	-	1.05	167	0
MAJXAX_comp_0	success	UFF_1	byte_exact	-	byte_exact	-	3.13	105	105
MAKNOE_comp_0	success	UFF_1	key_equal	slot_renumber	key_equal	slot_renumber	3.10	68	68
MALVUT_comp_0	success	UFF_1	byte_exact	-	byte_exact	-	1.55	51	51
MALYUV_comp_0	success	UFF_1	byte_exact	-	byte_exact	-	3.54	90	90
MAMBUZ_comp_0	success	UFF_1	byte_exact	-	byte_exact	-	2.74	90	90
MAMPEW_comp_0	success	UFF_1	structural	-	byte_exact	-	20.10	81	67
MAMSIC_comp_0	success	UFF_1	byte_exact	-	byte_exact	-	4.01	65	65
MANKET_comp_0	success	UFF_1	byte_exact	-	byte_exact	-	4.81	73	73
MANLAQ_comp_0	success	UFF_1	byte_exact	-	byte_exact	-	1.63	69	69
MANSOK_comp_0	success	UFF_1	byte_exact	-	byte_exact	-	1.52	65	65
MAPWUX_comp_0	success	UFF_1	byte_exact	-	byte_exact	-	3.00	114	114
MAQYEL_comp_0	success	UFF_1	byte_exact	-	byte_exact	-	3.43	103	103
MARHEV_comp_0	success	UFF_1	byte_exact	-	byte_exact	-	1.56	56	56
MARJIZ_comp_0	success	UFF_1	key_equal	slot_renumber	key_equal	slot_renumber	8.14	111	111
MARRED_comp_0	success	UFF_1	byte_exact	-	byte_exact	-	3.06	109	109
MARXAH_comp_0	success	UFF_1	byte_exact	-	key_equal	rdkit_canonical	2.10	70	70
MASNIF_comp_0	success	UFF_1	byte_exact	-	byte_exact	-	3.47	111	111
MATFEV_comp_0	success	UFF_1	byte_exact	-	byte_exact	-	2.15	75	75
MATLOL_comp_0	success	UFF_1	structural	-	key_equal	slot_renumber	11.78	70	76
MATXUB_comp_0	success	UFF_1	byte_exact	-	byte_exact	-	2.56	101	101
MAVWUD_comp_0	success	UFF_1	byte_exact	-	byte_exact	-	6.65	88	88
MAWPEG_comp_0	success	UFF_1	byte_exact	-	byte_exact	-	5.32	90	90
MAWSAH_comp_0	success	UFF_1	byte_exact	-	byte_exact	-	3.39	94	94
MAWYIU_comp_0	success	UFF_1	byte_exact	-	byte_exact	-	6.31	124	124
MAWYOA_comp_0	success	UFF_1	byte_exact	-	byte_exact	-	7.25	182	182
MAWZIV_comp_0	success	UFF_1	key_equal	slot_renumber	key_equal	slot_renumber	5.72	126	126
MAXYUG_comp_0	success	UFF_1	byte_exact	-	byte_exact	-	3.38	131	131
MAYGUR_comp_0	success	UFF_1	byte_exact	-	byte_exact	-	2.44	87	87
MAYMUX_comp_0	success	UFF_1	byte_exact	-	byte_exact	-	1.45	57	57
MAZJAB_comp_0	success	UFF_1	byte_exact	-	byte_exact	-	1.75	74	74
MAZJEF_comp_0	success	UFF_1	byte_exact	-	byte_exact	-	3.28	122	122
MAZKII_comp_0	failed	-	hard_fail	-	hard_fail	-	300.45	86	0
MAZRAI_comp_0	success	UFF_1	byte_exact	-	byte_exact	-	1.91	59	59
MAZWOZ_comp_0	success	UFF_1	byte_exact	-	byte_exact	-	2.85	86	86
MEBBAY_comp_0	success	UFF_1	byte_exact	-	byte_exact	-	1.84	108	108
MEBCAZ_comp_0	success	UFF_1	byte_exact	-	byte_exact	-	12.85	84	84
MECDED_comp_0	success	UFF_1	byte_exact	-	byte_exact	-	3.03	86	86
MECSAR_comp_0	success	UFF_1	byte_exact	-	byte_exact	-	14.28	153	153
MECXEY_comp_0	success	UFF_1	structural	-	byte_exact	-	58.60	146	106
MEGGUB_comp_0	success	UFF_1	byte_exact	-	byte_exact	-	3.37	102	102
MEGMIW_comp_2	success	UFF_1	byte_exact	-	byte_exact	-	5.25	94	94
MEJDUA_comp_0	success	UFF_1	byte_exact	-	byte_exact	-	1.71	74	74
MEJFUD_comp_0	success	UFF_1	byte_exact	-	byte_exact	-	2.15	107	107
MEJNOG_comp_0	success	UFF_1	byte_exact	-	byte_exact	-	23.53	64	64
MEJXOP_comp_0	success	UFF_1	byte_exact	-	byte_exact	-	3.73	99	99
MEKWEE_comp_0	success	UFF_1	byte_exact	-	byte_exact	-	6.23	182	182
MELLOH_comp_0	success	UFF_1	byte_exact	-	byte_exact	-	2.19	73	73
MELRIH_comp_0	success	UFF_1	byte_exact	-	byte_exact	-	2.20	72	72
MEMMUN_comp_0	success	UFF_1	byte_exact	-	byte_exact	-	2.85	76	76
MENJAT_comp_0	success	UFF_1	structural	-	key_equal	rdkit_canonical	91.42	119	113
MERBUG_comp_0	success	UFF_1	byte_exact	-	byte_exact	-	1.64	57	57
MERCIV_comp_0	success	UFF_1	structural	-	byte_exact	-	20.26	75	79
MEVFAU_comp_0	success	UFF_1	structural	-	byte_exact	-	54.19	107	75
MEVSEO_comp_0	success	UFF_1	key_equal	rdkit_canonical	byte_exact	-	5.00	77	74
MEWJON_comp_0	success	UFF_1	key_equal	rdkit_canonical	byte_exact	-	16.08	77	71
MEXWUH_comp_0	success	UFF_1	byte_exact	-	byte_exact	-	11.21	110	110
MEYKOT_comp_0	success	UFF_1	byte_exact	-	byte_exact	-	40.89	160	160
MEZRAK_comp_0	success	UFF_1	byte_exact	-	byte_exact	-	4.30	84	84
MIBFEL_comp_0	failed	-	hard_fail	-	hard_fail	-	18.13	146	146
MIDCIM_comp_0	success	UFF_1	byte_exact	-	byte_exact	-	10.61	117	117
MIDCOU_comp_0	success	UFF_1	byte_exact	-	byte_exact	-	2.82	91	91
MIDPOE_comp_0	success	UFF_1	byte_exact	-	byte_exact	-	2.73	92	92
MIDPUL_comp_0	success	UFF_1	key_equal	slot_renumber	byte_exact	-	2.46	98	98
MIDRAS_comp_0	success	UFF_1	byte_exact	-	byte_exact	-	10.19	77	77
MIDSUN_comp_0	success	UFF_1	byte_exact	-	byte_exact	-	6.73	118	118
MIDWAX_comp_0	success	UFF_1	byte_exact	-	byte_exact	-	1.42	50	50
MIFJIV_comp_1	success	UFF_1	structural	-	byte_exact	-	187.40	122	106
MIGBIO_comp_0	success	UFF_1	byte_exact	-	byte_exact	-	6.08	85	85
MIGCAI_comp_0	success	UFF_1	byte_exact	-	byte_exact	-	2.17	81	81
MIGHIV_comp_0	success	UFF_1	byte_exact	-	byte_exact	-	2.84	98	98
MIGTEE_comp_0	success	UFF_1	byte_exact	-	byte_exact	-	5.08	63	63
MIGVEF_comp_0	success	UFF_1	key_equal	slot_renumber	key_equal	slot_renumber	5.29	85	85
MIHLIY_comp_0	success	UFF_1	structural	-	key_equal	slot_renumber	146.26	186	161
MIHWUY_comp_0	success	UFF_1	byte_exact	-	byte_exact	-	2.75	94	94
MIJPIF_comp_0	success	UFF_1	byte_exact	-	byte_exact	-	2.34	75	75
MIKDOA_comp_0	success	UFF_1	structural	-	byte_exact	-	32.00	116	79
MIKDUI_comp_0	success	UFF_1	byte_exact	-	byte_exact	-	2.15	72	72
MIKGAQ_comp_0	success	UFF_1	byte_exact	-	byte_exact	-	4.34	146	146
MIKHAQ_comp_0	success	UFF_1	byte_exact	-	byte_exact	-	34.36	112	112
MILDUH_comp_0	success	UFF_1	byte_exact	-	byte_exact	-	3.65	76	76
MILMAW_comp_0	success	UFF_1	byte_exact	-	byte_exact	-	2.41	90	90
MILWOT_comp_0	success	UFF_1	byte_exact	-	byte_exact	-	3.87	111	111
MILXAG_comp_0	success	UFF_1	byte_exact	-	byte_exact	-	5.53	117	117
MIMHAS_comp_0	success	UFF_1	byte_exact	-	byte_exact	-	17.22	102	102
MIMHEW_comp_0	success	UFF_1	structural	-	byte_exact	-	19.63	104	76
MIPCOF_comp_0	success	UFF_1	key_equal	slot_renumber	key_equal	slot_renumber	15.77	94	94
MIPKUT_comp_0	success	UFF_1	byte_exact	-	byte_exact	-	2.01	94	94
MIPLOO_comp_0	success	UFF_1	byte_exact	-	byte_exact	-	2.19	94	94
MIPXUF_comp_0	success	UFF_1	byte_exact	-	byte_exact	-	4.81	122	122
MIPYAO_comp_0	success	UFF_1	byte_exact	-	byte_exact	-	2.67	75	75
MIQCOH_comp_0	success	UFF_1	key_equal	slot_renumber	key_equal	slot_renumber	49.55	123	123
MIQWEO_comp_0	success	UFF_1	structural	-	byte_exact	-	81.56	162	151
MIRHON_comp_0	success	UFF_1	byte_exact	-	byte_exact	-	1.81	56	56
MIRJOP_comp_0	success	UFF_1	byte_exact	-	byte_exact	-	2.32	77	77
MISFAY_comp_0	success	UFF_1	byte_exact	-	byte_exact	-	1.78	65	65
MISKAA_comp_0	success	UFF_1	byte_exact	-	byte_exact	-	2.07	82	82
MISRAI_comp_0	success	UFF_1	byte_exact	-	byte_exact	-	4.01	90	90
MITHIH_comp_0	success	UFF_1	key_equal	slot_renumber	key_equal	slot_renumber	10.99	103	103
MITYUL_comp_0	success	UFF_1	byte_exact	-	byte_exact	-	2.30	102	102
MITZAS_comp_0	failed	-	hard_fail	-	hard_fail	-	0.92	87	0
MIVRUG_comp_0	success	UFF_1	byte_exact	-	byte_exact	-	3.07	81	81
MIVSOB_comp_0	success	UFF_1	byte_exact	-	byte_exact	-	2.86	61	61
MIVXOF_comp_0	success	UFF_1	byte_exact	-	byte_exact	-	7.39	116	116
MIWKIN_comp_0	success	UFF_1	key_equal	slot_renumber	key_equal	slot_renumber	7.68	98	98
MIXRUG_comp_0	success	UFF_1	byte_exact	-	byte_exact	-	2.38	119	119
MIYBAZ_comp_0	success	UFF_1	byte_exact	-	byte_exact	-	5.53	76	76
MIYBED_comp_0	success	UFF_1	byte_exact	-	byte_exact	-	2.76	87	87
MIYBEE_comp_0	success	UFF_1	byte_exact	-	byte_exact	-	3.06	89	89
MIYVUM_comp_0	success	UFF_1	byte_exact	-	byte_exact	-	2.03	76	76
MOBJUK_comp_0	success	UFF_1	byte_exact	-	byte_exact	-	2.09	64	64
MOBWAC_comp_0	success	UFF_1	byte_exact	-	byte_exact	-	3.97	99	99
MOCHAN_comp_0	success	UFF_1	byte_exact	-	byte_exact	-	88.94	112	112
MOCHUH_comp_0	failed	-	hard_fail	-	hard_fail	-	300.24	123	0
MOCJIX_comp_0	success	UFF_1	byte_exact	-	byte_exact	-	5.29	127	127
MODMUQ_comp_0	success	UFF_1	byte_exact	-	byte_exact	-	2.61	100	100
MOFWIN_comp_0	success	UFF_1	byte_exact	-	byte_exact	-	3.35	117	117
MOGNOM_comp_0	success	UFF_1	byte_exact	-	byte_exact	-	5.06	75	75
MOHPIJ_comp_0	success	UFF_1	byte_exact	-	byte_exact	-	1.81	66	66
MOHWEN_comp_0	success	UFF_1	byte_exact	-	byte_exact	-	4.36	81	81
MOJSAF_comp_0	success	UFF_1	byte_exact	-	byte_exact	-	1.55	60	60
MOJYAL_comp_0	success	UFF_1	structural	-	byte_exact	-	33.80	111	80
MOKCUM_comp_0	success	UFF_1	byte_exact	-	byte_exact	-	4.79	112	112
MOKDAS_comp_0	success	UFF_1	facmer_divergent	-	key_equal	slot_renumber	92.34	83	69
MOKMEE_comp_0	success	UFF_1	byte_exact	-	byte_exact	-	2.26	75	75
MOMKIJ_comp_0	success	UFF_1	byte_exact	-	byte_exact	-	3.14	104	104
MOMRIP_comp_0	success	UFF_1	byte_exact	-	byte_exact	-	1.87	82	82
MONTEQ_comp_0	success	UFF_1	byte_exact	-	byte_exact	-	1.45	65	65
MONXES_comp_0	success	UFF_1	byte_exact	-	byte_exact	-	2.44	81	81
MOPVEU_comp_0	success	UFF_1	structural	-	key_equal	rdkit_canonical	55.29	113	55
MOPWUK_comp_0	success	UFF_1	byte_exact	-	byte_exact	-	7.38	88	88
MOQDUT_comp_0	success	UFF_1	byte_exact	-	byte_exact	-	1.19	44	44
MOQFAB_comp_0	success	UFF_1	byte_exact	-	byte_exact	-	1.45	40	40
MOQJAF_comp_0	success	UFF_1	byte_exact	-	byte_exact	-	2.01	66	66
MOQJEJ_comp_0	success	UFF_1	byte_exact	-	byte_exact	-	2.15	78	78
MOQQEO_comp_0	success	g-xTB_1	facmer_divergent	-	byte_exact	-	246.12	119	94
MOQXAT_comp_0	success	UFF_1	key_equal	rdkit_canonical	byte_exact	-	5.23	82	76
MORDEC_comp_0	success	UFF_1	byte_exact	-	byte_exact	-	7.42	131	131
MORZEA_comp_0	success	UFF_1	byte_exact	-	byte_exact	-	2.72	80	80
MOSLEL_comp_0	failed	-	hard_fail	-	hard_fail	-	604.66	91	91
MOSWOI_comp_0	success	UFF_1	byte_exact	-	byte_exact	-	3.25	97	97
MOSWOI_comp_2	success	UFF_1	byte_exact	-	byte_exact	-	2.96	97	97
MOTWEY_comp_0	success	UFF_1	byte_exact	-	byte_exact	-	1.67	60	60
MOWDEI_comp_0	success	UFF_1	byte_exact	-	byte_exact	-	4.47	72	72
MOWDOS_comp_0	success	UFF_1	byte_exact	-	byte_exact	-	4.83	57	57
MOWFAG_comp_0	success	UFF_1	byte_exact	-	byte_exact	-	5.53	70	70
MOWRUN_comp_0	success	UFF_1	byte_exact	-	byte_exact	-	8.12	92	92
MOYWIG_comp_0	success	UFF_1	byte_exact	-	byte_exact	-	1.82	68	68
MOZLUK_comp_0	success	UFF_1	byte_exact	-	byte_exact	-	20.07	154	154
MOZNIA_comp_0	success	UFF_1	structural	-	byte_exact	-	21.59	123	120
MOZRIC_comp_0	success	UFF_1	key_equal	slot_renumber	key_equal	slot_renumber	3.65	61	61
MOZYAB_comp_0	success	UFF_1	byte_exact	-	byte_exact	-	4.36	66	66
MUBNAY_comp_0	success	UFF_1	structural	-	byte_exact	-	50.87	125	103
MUCBOC_comp_0	success	UFF_1	byte_exact	-	byte_exact	-	1.71	62	62
MUCGAS_comp_0	success	UFF_1	byte_exact	-	byte_exact	-	2.06	64	64
MUCGIA_comp_1	success	UFF_1	byte_exact	-	byte_exact	-	2.03	68	68
MUDCIZ_comp_0	success	UFF_1	byte_exact	-	byte_exact	-	59.69	109	109
MUDCOF_comp_0	success	UFF_1	byte_exact	-	byte_exact	-	6.25	86	86
MUFBOF_comp_0	success	UFF_1	byte_exact	-	byte_exact	-	3.43	76	76
MUFDEX_comp_0	success	UFF_1	byte_exact	-	byte_exact	-	2.70	86	86
MUGMIL_comp_0	success	UFF_1	byte_exact	-	byte_exact	-	14.42	90	90
MUHGIG_comp_0	success	UFF_1	structural	-	byte_exact	-	97.80	70	66
MUJHOP_comp_0	success	UFF_1	byte_exact	-	byte_exact	-	2.39	80	80
MUJRIS_comp_0	success	UFF_1	structural	-	key_equal	rdkit_canonical	77.31	129	132
MUKGUW_comp_0	failed	-	hard_fail	-	hard_fail	-	300.42	124	0
MULDAZ_comp_0	success	UFF_1	byte_exact	-	byte_exact	-	3.91	56	56
MUMTIX_comp_0	success	UFF_1	byte_exact	-	byte_exact	-	3.61	72	72
MUMTIZ_comp_0	success	UFF_1	byte_exact	-	byte_exact	-	2.73	122	122
MUMVOH_comp_0	success	UFF_1	byte_exact	-	byte_exact	-	2.42	107	107
MUNWAU_comp_0	success	UFF_1	structural	-	key_equal	slot_renumber	31.07	94	66
MUPGEK_comp_0	success	UFF_1	key_equal	rdkit_canonical	byte_exact	-	34.50	96	84
MUQFAG_comp_0	success	UFF_1	byte_exact	-	byte_exact	-	1.66	53	53
MUQLIV_comp_0	success	UFF_1	byte_exact	-	byte_exact	-	4.16	142	142
MURTUP_comp_0	success	UFF_1	byte_exact	-	byte_exact	-	6.28	138	138
MUSGIR_comp_0	success	UFF_1	byte_exact	-	byte_exact	-	1.53	60	60
MUTCEK_comp_0	success	UFF_1	structural	-	byte_exact	-	51.73	124	93
MUTCIO_comp_0	success	UFF_1	structural	-	byte_exact	-	26.03	106	78
MUTMIZ_comp_0	success	UFF_1	byte_exact	-	byte_exact	-	4.06	84	84
MUTYEG_comp_0	success	UFF_1	byte_exact	-	byte_exact	-	1.35	66	66
MUTZAD_comp_0	success	UFF_1	byte_exact	-	byte_exact	-	2.62	94	94
MUVCOW_comp_0	success	UFF_1	byte_exact	-	byte_exact	-	1.64	69	69
MUXKAT_comp_0	failed	-	hard_fail	-	hard_fail	-	300.45	156	0
MUYTEH_comp_0	success	UFF_1	structural	-	key_equal	slot_renumber	15.15	84	80
MUZKAT_comp_0	success	UFF_1	byte_exact	-	byte_exact	-	1.87	70	70
MUZKUN_comp_0	success	UFF_1	byte_exact	-	byte_exact	-	1.90	70	70
MUZZOX_comp_0	success	UFF_1	byte_exact	-	byte_exact	-	3.26	69	69
MUZZUC_comp_0	success	UFF_1	hard_fail	-	byte_exact	-	18.76	122	0
NABLIN_comp_0	success	UFF_1	byte_exact	-	byte_exact	-	3.04	78	78
NABLUY_comp_0	success	UFF_1	byte_exact	-	byte_exact	-	4.47	160	160
NABYIY_comp_0	success	UFF_1	byte_exact	-	byte_exact	-	3.12	84	84
NABZEY_comp_0	success	UFF_1	byte_exact	-	byte_exact	-	11.02	97	97
NACSUH_comp_0	success	UFF_1	byte_exact	-	byte_exact	-	3.17	87	87
NACTUH_comp_0	success	UFF_1	byte_exact	-	key_equal	rdkit_canonical	2.82	112	112
NADPAM_comp_0	success	UFF_1	byte_exact	-	byte_exact	-	6.59	118	118
NAGQOE_comp_0	success	UFF_1	structural	-	key_equal	rdkit_canonical	150.44	152	136
NAHDOQ_comp_0	success	UFF_1	byte_exact	-	byte_exact	-	4.90	120	120
NAHMEQ_comp_0	success	UFF_1	byte_exact	-	byte_exact	-	3.13	82	82
NAHNOB_comp_0	failed	-	hard_fail	-	hard_fail	-	298.86	102	0
NAKHAI_comp_0	success	UFF_1	structural	-	byte_exact	-	20.27	84	68
NAKJUH_comp_0	success	UFF_1	structural	-	byte_exact	-	35.95	103	68
NAKKEQ_comp_0	success	UFF_1	byte_exact	-	byte_exact	-	1.83	72	72
NAKQUO_comp_0	success	UFF_1	byte_exact	-	byte_exact	-	1.96	62	62
NAKRAV_comp_0	success	UFF_1	byte_exact	-	byte_exact	-	5.65	62	62
NALGUD_comp_0	success	UFF_1	byte_exact	-	byte_exact	-	4.73	104	104
NAMWUW_comp_0	success	UFF_1	byte_exact	-	byte_exact	-	14.58	96	96
NANFEP_comp_0	success	UFF_1	byte_exact	-	byte_exact	-	2.37	72	72
NANGEQ_comp_0	success	UFF_1	byte_exact	-	byte_exact	-	1.71	62	62
NANNIC_comp_0	success	UFF_1	byte_exact	-	byte_exact	-	1.94	66	66
NANNOI_comp_0	success	UFF_1	byte_exact	-	byte_exact	-	2.07	68	68
NANTUT_comp_0	success	UFF_1	byte_exact	-	byte_exact	-	6.81	100	100
NANVAB_comp_1	success	UFF_1	byte_exact	-	byte_exact	-	2.47	102	102
NANVOP_comp_1	success	UFF_1	byte_exact	-	byte_exact	-	3.81	107	107
NANVUV_comp_0	success	UFF_1	byte_exact	-	byte_exact	-	20.33	136	136
NANYUZ_comp_0	success	UFF_1	key_equal	slot_renumber	key_equal	slot_renumber	5.61	109	109
NANZOU_comp_0	success	UFF_1	key_equal	slot_renumber	key_equal	slot_renumber	10.80	109	109
NAPYEJ_comp_0	success	UFF_1	key_equal	slot_renumber	key_equal	slot_renumber	4.52	92	92
NARFEU_comp_0	success	UFF_1	byte_exact	-	byte_exact	-	12.40	171	171
NARFIY_comp_0	success	UFF_1	byte_exact	-	byte_exact	-	11.62	169	169
NARLUO_comp_0	success	UFF_1	byte_exact	-	byte_exact	-	2.49	70	70
NARNUP_comp_0	success	UFF_1	byte_exact	-	byte_exact	-	2.60	95	95
NARRAB_comp_0	success	UFF_1	byte_exact	-	byte_exact	-	4.23	136	136
NARYOV_comp_0	failed	-	hard_fail	-	hard_fail	-	300.40	120	0
NASBEQ_comp_1	success	UFF_1	byte_exact	-	byte_exact	-	2.84	110	110
NASFEV_comp_0	success	UFF_1	byte_exact	-	byte_exact	-	2.02	94	94
NASJIB_comp_0	success	UFF_1	byte_exact	-	byte_exact	-	3.70	98	98
NASKEY_comp_0	success	UFF_1	key_equal	slot_renumber	byte_exact	-	6.03	97	97
NASZOY_comp_0	failed	-	hard_fail	-	hard_fail	-	34.72	162	0
NAWCEV_comp_0	success	UFF_1	byte_exact	-	byte_exact	-	3.16	112	112
NAWHIE_comp_0	success	UFF_1	byte_exact	-	byte_exact	-	2.09	82	82
NAWMAC_comp_0	success	UFF_1	byte_exact	-	byte_exact	-	4.70	141	141
NAXDIC_comp_0	success	UFF_1	byte_exact	-	byte_exact	-	6.04	122	122
NAXQOS_comp_0	success	UFF_1	key_equal	slot_renumber	key_equal	slot_renumber	3.01	86	86
NAXQUZ_comp_0	success	UFF_1	byte_exact	-	byte_exact	-	4.62	142	142
NAXSAH_comp_0	success	UFF_1	byte_exact	-	byte_exact	-	3.22	79	79
NAYJIG_comp_0	failed	-	hard_fail	-	hard_fail	-	300.16	274	0
NAYSOX_comp_0	success	UFF_1	structural	-	byte_exact	-	31.58	102	102
NAZREO_comp_0	success	UFF_1	byte_exact	-	byte_exact	-	12.88	91	91
NAZVOC_comp_0	success	UFF_1	byte_exact	-	byte_exact	-	1.85	97	97
NEBCUV_comp_0	success	UFF_1	byte_exact	-	byte_exact	-	2.63	82	82
NEBNEO_comp_0	success	UFF_1	byte_exact	-	byte_exact	-	4.14	110	110
NEBVAS_comp_0	success	UFF_1	byte_exact	-	byte_exact	-	3.83	64	64
NEBVAU_comp_0	failed	-	byte_exact	-	structural	-	274.34	77	77
NEBVEW_comp_0	success	UFF_1	structural	-	byte_exact	-	9.67	71	71
NECJEN_comp_0	success	UFF_1	byte_exact	-	byte_exact	-	1.54	72	72
NEDCII_comp_0	success	UFF_1	byte_exact	-	byte_exact	-	50.20	168	168
NEDPOD_comp_0	success	UFF_1	byte_exact	-	byte_exact	-	3.04	82	82
NEDQEU_comp_0	success	UFF_1	byte_exact	-	byte_exact	-	7.55	100	100
NEFHEM_comp_0	success	UFF_1	byte_exact	-	byte_exact	-	13.44	100	100
NEFNER_comp_0	failed	-	hard_fail	-	hard_fail	-	17.82	157	157
NEGSID_comp_0	success	UFF_1	structural	-	key_equal	rdkit_canonical	47.50	117	127
NEGVOL_comp_0	failed	-	hard_fail	-	hard_fail	-	300.29	171	0
NEJMEU_comp_0	success	UFF_1	byte_exact	-	byte_exact	-	6.89	88	88
NEJSUT_comp_0	success	UFF_1	byte_exact	-	byte_exact	-	2.34	67	67
NEJVAB_comp_0	success	UFF_1	byte_exact	-	byte_exact	-	9.21	81	81
NEKJUJ_comp_0	success	UFF_1	byte_exact	-	byte_exact	-	3.82	124	124
NEKLIZ_comp_0	success	UFF_1	byte_exact	-	byte_exact	-	1.38	56	56
NEKXEJ_comp_0	success	UFF_1	byte_exact	-	byte_exact	-	4.91	117	117
NELTII_comp_0	success	UFF_1	byte_exact	-	byte_exact	-	3.21	93	93
NELWEI_comp_0	success	UFF_1	byte_exact	-	byte_exact	-	3.53	132	132
NEMDUG_comp_0	success	UFF_1	key_equal	slot_renumber	key_equal	slot_renumber	3.71	80	80
NEMGIW_comp_0	success	UFF_1	byte_exact	-	byte_exact	-	1.49	57	57
NEMKIB_comp_0	success	UFF_1	byte_exact	-	byte_exact	-	4.56	112	112
NEMLUM_comp_0	success	UFF_1	byte_exact	-	byte_exact	-	3.11	98	98
NENVAF_comp_0	success	UFF_1	byte_exact	-	byte_exact	-	2.38	100	100
NEPPEE_comp_0	success	UFF_1	byte_exact	-	byte_exact	-	3.94	107	107
NEQTUY_comp_0	success	UFF_1	byte_exact	-	byte_exact	-	3.82	104	104
NESJAW_comp_0	success	UFF_1	structural	-	key_equal	rdkit_canonical	98.67	99	105
NESSUC_comp_0	success	UFF_1	byte_exact	-	byte_exact	-	1.68	64	64
NETMOR_comp_0	success	UFF_1	byte_exact	-	byte_exact	-	2.44	75	75
NETMUX_comp_0	success	UFF_1	byte_exact	-	byte_exact	-	2.85	79	79
NETSIR_comp_0	success	UFF_1	byte_exact	-	byte_exact	-	2.37	86	86
NEVCOI_comp_0	success	UFF_1	byte_exact	-	byte_exact	-	117.15	138	138
NEVCUO_comp_0	success	UFF_1	byte_exact	-	byte_exact	-	247.00	141	141
NEVRUC_comp_0	success	UFF_1	byte_exact	-	byte_exact	-	2.16	77	77
NEVVUF_comp_0	success	UFF_1	byte_exact	-	byte_exact	-	2.71	114	114
NEWHAZ_comp_0	success	UFF_1	byte_exact	-	byte_exact	-	2.21	71	71
NEXKEH_comp_0	success	UFF_1	byte_exact	-	byte_exact	-	2.56	101	101
NEXTIT_comp_0	failed	-	hard_fail	-	hard_fail	-	300.26	118	0
NEYTAP_comp_0	success	UFF_1	byte_exact	-	byte_exact	-	1.70	53	53
NEZNEM_comp_0	success	UFF_1	byte_exact	-	byte_exact	-	2.61	75	75
NEZNEO_comp_0	success	UFF_1	byte_exact	-	byte_exact	-	6.30	117	117
NEZWOH_comp_0	success	UFF_1	byte_exact	-	byte_exact	-	3.17	117	117
NIBQOG_comp_0	success	UFF_1	byte_exact	-	byte_exact	-	3.98	111	111
NICGOY_comp_0	success	UFF_1	byte_exact	-	byte_exact	-	2.35	59	59
NICKUH_comp_0	success	UFF_1	byte_exact	-	byte_exact	-	13.41	142	142
NICWUS_comp_0	success	UFF_1	byte_exact	-	byte_exact	-	115.75	116	116
NIGPOK_comp_0	success	UFF_1	byte_exact	-	byte_exact	-	3.24	126	126
NIGYOU_comp_0	success	UFF_1	byte_exact	-	byte_exact	-	3.29	105	105
NIHHAP_comp_0	success	UFF_1	key_equal	slot_renumber	key_equal	slot_renumber	141.06	131	131
NIHMIC_comp_0	success	UFF_1	byte_exact	-	byte_exact	-	2.08	109	109
NIHNEX_comp_0	success	UFF_1	byte_exact	-	byte_exact	-	2.53	74	74
NIHTUW_comp_0	success	UFF_1	byte_exact	-	byte_exact	-	1.84	64	64
NIJDUI_comp_0	success	UFF_1	byte_exact	-	byte_exact	-	21.99	128	128
NIKSUY_comp_0	success	UFF_1	byte_exact	-	byte_exact	-	2.50	133	133
NILFEU_comp_0	success	UFF_1	byte_exact	-	byte_exact	-	2.03	82	82
NIMSOT_comp_0	success	UFF_1	byte_exact	-	byte_exact	-	2.81	118	118
NINKAX_comp_0	success	UFF_1	key_equal	rdkit_canonical	byte_exact	-	12.55	120	108
NINKEB_comp_0	success	UFF_1	byte_exact	-	byte_exact	-	2.07	111	111
NIPKOO_comp_0	success	UFF_1	byte_exact	-	byte_exact	-	13.75	143	143
NIPREK_comp_0	success	UFF_1	byte_exact	-	byte_exact	-	4.96	77	77
NIQBAT_comp_0	success	UFF_1	byte_exact	-	byte_exact	-	13.53	113	113
NISDOJ_comp_0	success	UFF_1	key_equal	slot_renumber	key_equal	slot_renumber	5.93	114	114
NISFEC_comp_0	success	UFF_1	byte_exact	-	byte_exact	-	4.29	75	75
NISHAZ_comp_0	success	UFF_1	structural	-	byte_exact	-	51.75	118	84
NISKAC_comp_0	success	UFF_1	byte_exact	-	byte_exact	-	2.95	92	92
NISKEG_comp_0	success	UFF_1	byte_exact	-	byte_exact	-	2.80	82	82
NITBOJ_comp_0	success	UFF_1	byte_exact	-	byte_exact	-	3.20	79	79
NITMEJ_comp_0	success	UFF_1	byte_exact	-	byte_exact	-	4.41	100	100
NITQAK_comp_0	success	UFF_1	byte_exact	-	byte_exact	-	6.20	86	86
NIVGEG_comp_0	success	UFF_1	structural	-	byte_exact	-	14.67	86	55
NIVVEU_comp_0	success	UFF_1	byte_exact	-	byte_exact	-	2.81	90	90
NIVVIY_comp_0	success	UFF_1	byte_exact	-	byte_exact	-	3.45	96	96
NIVVUK_comp_0	success	UFF_1	byte_exact	-	byte_exact	-	3.15	102	102
NIVXUM_comp_0	success	UFF_1	byte_exact	-	byte_exact	-	2.54	92	92
NIWNOX_comp_0	success	UFF_1	byte_exact	-	byte_exact	-	2.02	88	88
NIWNOZ_comp_0	success	UFF_1	byte_exact	-	byte_exact	-	2.62	103	103
NIWPUE_comp_0	success	UFF_1	byte_exact	-	byte_exact	-	1.64	64	64
NIWTIY_comp_0	success	UFF_1	key_equal	slot_renumber	key_equal	slot_renumber	5.85	96	96
NIXDUV_comp_0	success	UFF_1	byte_exact	-	byte_exact	-	8.49	93	93
NIXFAE_comp_0	failed	-	hard_fail	-	hard_fail	-	300.48	133	0
NIXFIM_comp_0	failed	-	hard_fail	-	hard_fail	-	300.06	131	0
NIYJUA_comp_0	success	UFF_1	structural	-	key_equal	rdkit_canonical	63.05	119	126
NIYSUK_comp_0	success	UFF_1	byte_exact	-	byte_exact	-	16.76	100	100
NIYZED_comp_0	success	UFF_1	byte_exact	-	byte_exact	-	2.08	65	65
NIYZON_comp_0	success	UFF_1	byte_exact	-	byte_exact	-	2.28	81	81
NIZJEN_comp_0	success	UFF_1	byte_exact	-	byte_exact	-	4.30	118	118
NOBCAL_comp_0	success	UFF_1	byte_exact	-	byte_exact	-	3.57	110	110
NOBCIR_comp_0	success	UFF_1	byte_exact	-	byte_exact	-	9.42	83	83
NOBGOB_comp_0	success	UFF_1	byte_exact	-	byte_exact	-	3.99	62	62
NOBKOG_comp_0	success	UFF_1	key_equal	slot_renumber	key_equal	slot_renumber	2.13	83	83
NOCFOD_comp_0	success	UFF_1	byte_exact	-	byte_exact	-	2.25	70	70
NOCWUY_comp_0	success	UFF_1	byte_exact	-	byte_exact	-	4.95	137	137
NODKUP_comp_0	failed	-	hard_fail	-	hard_fail	-	300.27	175	0
NODLAW_comp_0	failed	-	hard_fail	-	hard_fail	-	300.36	206	0
NODLEA_comp_0	failed	-	hard_fail	-	hard_fail	-	352.49	141	113
NOEPOR_comp_0	failed	-	structural	-	structural	-	450.66	94	111
NOFTOU_comp_0	success	UFF_1	key_equal	slot_renumber	key_equal	slot_renumber	9.28	95	95
NOGDUJ_comp_0	success	UFF_1	byte_exact	-	byte_exact	-	14.95	101	101
NOGFEW_comp_0	success	UFF_1	byte_exact	-	byte_exact	-	5.44	99	99
NOGTIP_comp_0	success	UFF_1	byte_exact	-	byte_exact	-	5.35	119	119
NOGWOX_comp_0	failed	-	encode_fail	-	encode_fail	-	300.45	0	0
NOHFOI_comp_0	success	UFF_1	byte_exact	-	byte_exact	-	3.10	119	119
NOHPIL_comp_0	success	UFF_1	byte_exact	-	byte_exact	-	4.43	67	67
NOHPUY_comp_0	success	UFF_1	byte_exact	-	byte_exact	-	2.61	79	79
NOHZER_comp_0	success	UFF_1	byte_exact	-	byte_exact	-	4.29	124	124
NOJWAN_comp_0	failed	-	hard_fail	-	hard_fail	-	300.16	127	0
NOKDIC_comp_0	success	UFF_1	byte_exact	-	byte_exact	-	2.64	86	86
NOKVOY_comp_0	success	UFF_1	byte_exact	-	byte_exact	-	9.57	110	110
NOLQOW_comp_0	success	UFF_1	byte_exact	-	byte_exact	-	10.35	98	98
NOLXAQ_comp_0	success	UFF_1	key_equal	slot_renumber	key_equal	slot_renumber	4.58	101	101
NOMTIU_comp_0	success	UFF_1	byte_exact	-	byte_exact	-	7.07	110	110
NOMXOF_comp_0	success	UFF_1	byte_exact	-	byte_exact	-	3.65	62	62
NONDUR_comp_0	success	UFF_1	key_equal	rdkit_canonical	byte_exact	-	6.83	83	77
NONGAA_comp_0	success	UFF_1	key_equal	rdkit_canonical	byte_exact	-	58.17	90	87
NONMIO_comp_1	success	UFF_1	byte_exact	-	byte_exact	-	2.67	94	94
NONNEL_comp_0	success	UFF_1	byte_exact	-	byte_exact	-	165.22	114	114
NONROZ_comp_0	success	UFF_1	byte_exact	-	byte_exact	-	7.33	100	100
NONRUF_comp_0	success	UFF_1	byte_exact	-	byte_exact	-	4.56	114	114
NONSUG_comp_0	success	UFF_1	structural	-	byte_exact	-	31.47	102	70
NONTAN_comp_0	success	UFF_1	structural	-	byte_exact	-	33.48	105	73
NONYUM_comp_0	success	UFF_1	byte_exact	-	byte_exact	-	1.62	59	59
NOPNIQ_comp_0	success	UFF_1	byte_exact	-	byte_exact	-	2.44	92	92
NOPNUD_comp_0	success	UFF_1	byte_exact	-	byte_exact	-	4.18	115	115
NOPSET_comp_0	success	UFF_1	byte_exact	-	byte_exact	-	1.74	52	52
NOPTES_comp_0	success	UFF_1	byte_exact	-	byte_exact	-	2.14	72	72
NOPXUM_comp_0	success	UFF_1	key_equal	rdkit_canonical	byte_exact	-	3.54	104	97
NOQYAV_comp_0	success	UFF_1	byte_exact	-	byte_exact	-	1.77	71	71
NOSQAP_comp_0	success	UFF_1	byte_exact	-	byte_exact	-	6.85	97	97
NOTCOQ_comp_0	success	UFF_1	byte_exact	-	byte_exact	-	3.72	96	96
NOVMAO_comp_0	success	UFF_1	byte_exact	-	byte_exact	-	1.89	72	72
NOVYUU_comp_0	success	UFF_1	structural	-	byte_exact	-	41.39	103	87
NOXMIW_comp_0	success	UFF_1	byte_exact	-	byte_exact	-	2.52	109	109
NOXQEY_comp_0	success	UFF_1	byte_exact	-	byte_exact	-	3.16	99	99
NOXREZ_comp_0	failed	-	hard_fail	-	hard_fail	-	300.37	154	0
NOYQID_comp_0	success	UFF_1	structural	-	byte_exact	-	11.95	70	63
NOYREA_comp_0	success	UFF_1	structural	-	byte_exact	-	114.06	107	112
NOYTUS_comp_0	failed	-	hard_fail	-	hard_fail	-	20.96	128	128
NOZGUG_comp_0	success	UFF_1	byte_exact	-	byte_exact	-	3.14	92	92
NOZHUH_comp_0	success	UFF_1	byte_exact	-	byte_exact	-	4.27	83	83
NOZLAR_comp_0	success	UFF_1	key_equal	slot_renumber	key_equal	slot_renumber	2.72	100	100
NUCNIJ_comp_0	success	UFF_1	byte_exact	-	byte_exact	-	2.32	96	96
NUDSEK_comp_0	success	UFF_1	byte_exact	-	byte_exact	-	2.94	52	52
NUDXUG_comp_0	success	UFF_1	key_equal	slot_renumber	key_equal	slot_renumber	25.79	122	122
NUFGIF_comp_0	success	UFF_1	byte_exact	-	byte_exact	-	1.51	56	56
NUFWAN_comp_0	success	UFF_1	byte_exact	-	byte_exact	-	1.94	67	67
NUFXAP_comp_0	success	UFF_1	key_equal	slot_renumber	key_equal	slot_renumber	5.77	101	101
NUGJOQ_comp_0	success	UFF_1	byte_exact	-	byte_exact	-	4.31	99	99
NUGKEG_comp_0	success	UFF_1	byte_exact	-	byte_exact	-	2.88	92	92
NUJFUV_comp_0	success	UFF_1	structural	-	byte_exact	-	20.45	106	75
NULVEV_comp_0	success	UFF_1	byte_exact	-	byte_exact	-	1.58	51	51
NUMLAK_comp_0	success	UFF_1	structural	-	key_equal	rdkit_canonical	215.28	114	123
NUPRUN_comp_0	success	UFF_1	byte_exact	-	byte_exact	-	4.34	97	97
NUQTAW_comp_0	success	UFF_1	byte_exact	-	byte_exact	-	2.16	78	78
NUQTEA_comp_0	success	UFF_1	byte_exact	-	byte_exact	-	2.25	78	78
NUQTOK_comp_0	success	UFF_1	byte_exact	-	byte_exact	-	2.32	78	78
NURHAJ_comp_0	success	UFF_1	byte_exact	-	byte_exact	-	11.74	125	125
NURTEA_comp_0	success	UFF_1	byte_exact	-	byte_exact	-	212.39	181	181
NUTHER_comp_0	failed	-	hard_fail	-	hard_fail	-	300.11	121	0
NUVWOQ_comp_0	success	UFF_1	structural	-	key_equal	slot_renumber	4.33	51	55
NUWCUE_comp_0	success	UFF_1	byte_exact	-	byte_exact	-	1.74	55	55
NUWLUN_comp_0	success	UFF_1	byte_exact	-	byte_exact	-	2.53	93	93
NUXSIK_comp_0	success	UFF_1	key_equal	slot_renumber	key_equal	slot_renumber	4.10	81	81
NUXTUV_comp_0	success	UFF_1	byte_exact	-	byte_exact	-	2.35	80	80
NUXWOU_comp_0	success	UFF_1	byte_exact	-	byte_exact	-	3.52	81	81
NUYVEI_comp_0	success	UFF_1	byte_exact	-	byte_exact	-	2.75	105	105
NUZXIQ_comp_0	success	UFF_1	structural	-	byte_exact	-	26.44	103	72
OBABAX_comp_0	failed	-	hard_fail	-	hard_fail	-	300.24	165	0
OBALUA_comp_0	success	UFF_1	key_equal	slot_renumber	key_equal	slot_renumber	6.36	97	97
OBIFUA_comp_0	success	UFF_1	byte_exact	-	byte_exact	-	2.24	80	80
OBIGAH_comp_0	success	UFF_1	byte_exact	-	byte_exact	-	1.74	66	66
OBIKUF_comp_0	success	UFF_1	byte_exact	-	byte_exact	-	3.91	64	64
OBILAM_comp_0	success	UFF_1	structural	-	byte_exact	-	9.42	65	68
OBOHOD_comp_0	success	UFF_1	key_equal	slot_renumber	key_equal	slot_renumber	5.14	93	93
OBOKIB_comp_0	success	UFF_1	byte_exact	-	byte_exact	-	2.66	73	73
OBUTEL_comp_0	success	UFF_1	byte_exact	-	byte_exact	-	4.67	101	101
OBUVAL_comp_0	success	UFF_1	byte_exact	-	byte_exact	-	4.69	79	79
OCADAY_comp_0	success	UFF_1	byte_exact	-	byte_exact	-	3.31	75	75
OCIKAO_comp_0	success	UFF_1	structural	-	byte_exact	-	19.88	92	57
OCILOB_comp_0	success	UFF_1	byte_exact	-	byte_exact	-	2.81	91	91
OCIWON_comp_0	success	UFF_1	byte_exact	-	byte_exact	-	2.11	70	70
OCIYAD_comp_0	success	UFF_1	byte_exact	-	byte_exact	-	3.77	134	134
OCODER_comp_0	success	UFF_1	byte_exact	-	byte_exact	-	3.90	74	74
OCOPIG_comp_0	success	UFF_1	byte_exact	-	byte_exact	-	1.57	100	100
OCOPOO_comp_0	success	UFF_1	byte_exact	-	byte_exact	-	2.66	84	84
OCOYAG_comp_0	success	UFF_1	byte_exact	-	byte_exact	-	1.72	70	70
OCUGIC_comp_0	success	UFF_1	byte_exact	-	byte_exact	-	3.91	75	75
OCUKAA_comp_0	success	UFF_1	structural	-	byte_exact	-	58.03	111	97
OCUKOO_comp_0	success	UFF_1	byte_exact	-	byte_exact	-	5.69	98	98
OCUKUS_comp_0	success	UFF_1	byte_exact	-	byte_exact	-	12.59	158	158
OCUXUG_comp_0	success	UFF_1	key_equal	rdkit_canonical	byte_exact	-	4.14	112	85
ODABAY_comp_0	success	UFF_1	byte_exact	-	byte_exact	-	1.88	63	63
ODAFOQ_comp_0	success	UFF_1	byte_exact	-	byte_exact	-	36.72	115	115
ODAGAD_comp_0	success	UFF_1	byte_exact	-	byte_exact	-	4.54	142	142
ODIHOY_comp_0	success	UFF_1	byte_exact	-	byte_exact	-	2.23	80	80
ODIRID_comp_0	success	UFF_1	byte_exact	-	byte_exact	-	2.14	96	96
ODIROJ_comp_0	success	UFF_1	byte_exact	-	key_equal	slot_renumber	3.52	99	99
ODOZEO_comp_0	success	UFF_1	byte_exact	-	byte_exact	-	6.63	75	75
ODOZUE_comp_0	success	UFF_1	byte_exact	-	byte_exact	-	12.47	84	84
ODUBAS_comp_0	failed	-	hard_fail	-	hard_fail	-	452.08	130	0
ODUDOI_comp_0	success	UFF_1	byte_exact	-	byte_exact	-	7.51	87	87
ODUGAX_comp_0	success	UFF_1	byte_exact	-	byte_exact	-	1.60	61	61
ODUGEZ_comp_0	success	UFF_1	byte_exact	-	byte_exact	-	12.30	158	158
ODUJEC_comp_0	failed	-	hard_fail	-	hard_fail	-	27.48	92	95
ODUJED_comp_0	success	UFF_1	byte_exact	-	byte_exact	-	3.26	84	84
ODUJON_comp_0	success	UFF_1	byte_exact	-	byte_exact	-	2.47	94	94
OFADAA_comp_0	failed	-	hard_fail	-	hard_fail	-	539.18	135	135
OFADII_comp_0	success	UFF_1	byte_exact	-	byte_exact	-	6.05	135	135
OFAPUH_comp_0	success	UFF_1	byte_exact	-	byte_exact	-	2.03	70	70
OFAQUK_comp_0	success	UFF_1	byte_exact	-	byte_exact	-	2.26	88	88
OFAXUR_comp_0	success	UFF_1	byte_exact	-	byte_exact	-	1.81	66	66
OFEGAJ_comp_0	success	UFF_1	structural	-	byte_exact	-	12.74	97	98
OFEQIC_comp_0	success	UFF_1	byte_exact	-	byte_exact	-	8.19	129	129
OFOXEO_comp_0	success	UFF_1	byte_exact	-	byte_exact	-	5.10	85	85
OFUSUF_comp_0	success	UFF_1	structural	-	byte_exact	-	32.05	110	110
OFUTIU_comp_0	success	UFF_1	structural	-	key_equal	slot_renumber	12.29	78	78
OGAQOC_comp_0	success	UFF_1	byte_exact	-	byte_exact	-	5.37	101	101
OGEBUZ_comp_0	success	UFF_1	byte_exact	-	byte_exact	-	2.78	115	115
OGEKOD_comp_0	success	UFF_1	key_equal	slot_renumber	key_equal	slot_renumber	6.62	100	100
OGEKUJ_comp_2	success	UFF_1	byte_exact	-	byte_exact	-	1.04	40	40
OGOJEZ_comp_0	success	UFF_1	byte_exact	-	byte_exact	-	4.35	106	106
OGONOP_comp_0	success	UFF_1	byte_exact	-	byte_exact	-	31.88	118	118
OGONUV_comp_0	success	UFF_1	byte_exact	-	byte_exact	-	21.50	119	119
OGOTAH_comp_0	success	UFF_1	byte_exact	-	byte_exact	-	4.67	66	66
OGOTOV_comp_0	success	UFF_1	byte_exact	-	byte_exact	-	3.08	87	87
OGUWOD_comp_0	success	UFF_1	byte_exact	-	byte_exact	-	8.03	107	107
OGUYAQ_comp_0	success	UFF_1	byte_exact	-	byte_exact	-	14.25	89	89
OHABII_comp_0	success	UFF_1	byte_exact	-	byte_exact	-	17.49	163	163
OHAPIW_comp_0	success	UFF_1	byte_exact	-	byte_exact	-	7.53	72	72
OHEHEP_comp_0	success	UFF_1	byte_exact	-	byte_exact	-	2.41	77	77
OHEQOI_comp_0	success	UFF_1	byte_exact	-	byte_exact	-	2.71	87	87
OHIJIY_comp_0	success	UFF_1	byte_exact	-	byte_exact	-	13.75	127	127
OHIQIH_comp_0	success	UFF_1	byte_exact	-	byte_exact	-	8.53	104	104
OHIQON_comp_0	success	UFF_1	structural	-	byte_exact	-	14.97	111	97
OHOZAN_comp_0	success	UFF_1	byte_exact	-	byte_exact	-	6.10	123	123
OHUMAF_comp_0	success	UFF_1	byte_exact	-	byte_exact	-	5.11	148	148
OHUSOA_comp_0	success	UFF_1	byte_exact	-	byte_exact	-	3.05	59	59
OHUTIV_comp_0	success	UFF_1	byte_exact	-	byte_exact	-	3.91	62	62
OHUTOB_comp_0	success	UFF_1	byte_exact	-	byte_exact	-	5.45	68	68
OJEKAP_comp_0	success	UFF_1	byte_exact	-	byte_exact	-	3.48	101	101
OJEKET_comp_0	success	UFF_1	key_equal	slot_renumber	key_equal	slot_renumber	16.43	102	102
OJELEU_comp_0	success	UFF_1	key_equal	slot_renumber	key_equal	slot_renumber	6.21	146	146
OJERUR_comp_0	success	UFF_1	byte_exact	-	byte_exact	-	2.15	71	71
OJIMEA_comp_0	success	UFF_1	byte_exact	-	byte_exact	-	6.93	81	81
OJIVIM_comp_0	success	UFF_1	byte_exact	-	byte_exact	-	3.10	72	72
OJOHAW_comp_0	success	UFF_1	byte_exact	-	byte_exact	-	1.83	79	79
OJOHOK_comp_0	success	UFF_1	byte_exact	-	byte_exact	-	2.98	114	114
OJOQAG_comp_0	success	UFF_1	byte_exact	-	byte_exact	-	2.21	108	108
OJOWAL_comp_0	success	UFF_1	structural	-	byte_exact	-	37.17	110	91
OJUNOX_comp_0	success	UFF_1	byte_exact	-	byte_exact	-	2.07	87	87
OJUWIZ_comp_0	success	UFF_1	byte_exact	-	byte_exact	-	9.90	87	87
OJUYUO_comp_0	success	UFF_1	byte_exact	-	byte_exact	-	3.74	105	105
OJUZAV_comp_0	success	UFF_1	byte_exact	-	byte_exact	-	4.46	108	108
OKAPEX_comp_0	success	UFF_1	structural	-	byte_exact	-	105.04	129	103
OKEWEI_comp_0	success	UFF_1	structural	-	byte_exact	-	19.41	81	64
OKOFID_comp_0	success	UFF_1	byte_exact	-	byte_exact	-	4.49	78	78
OKOFOJ_comp_0	success	UFF_1	byte_exact	-	byte_exact	-	10.03	91	91
OKOHAX_comp_0	success	UFF_1	byte_exact	-	byte_exact	-	3.66	84	84
OKOQIO_comp_0	success	UFF_1	byte_exact	-	key_equal	rdkit_canonical	3.96	87	87
OKUTET_comp_0	success	UFF_1	byte_exact	-	byte_exact	-	1.55	90	90
OLEFES_comp_0	success	UFF_1	byte_exact	-	byte_exact	-	1.54	66	66
OLEKUN_comp_0	success	UFF_1	byte_exact	-	byte_exact	-	3.00	75	75
OLEZEM_comp_0	success	UFF_1	key_equal	rdkit_canonical	byte_exact	-	11.29	78	75
OLOHIH_comp_0	success	UFF_1	byte_exact	-	byte_exact	-	5.43	76	76
OLUNIT_comp_0	success	UFF_1	byte_exact	-	byte_exact	-	1.41	48	48
OLUNOZ_comp_0	success	UFF_1	byte_exact	-	byte_exact	-	2.05	66	66
OLUXEZ_comp_0	success	UFF_1	structural	-	key_equal	slot_renumber	22.23	124	125
OMAZUZ_comp_0	success	UFF_1	byte_exact	-	byte_exact	-	1.48	59	59
OMEDAM_comp_0	success	UFF_1	byte_exact	-	byte_exact	-	5.22	96	96
OMEMIC_comp_0	success	UFF_1	byte_exact	-	byte_exact	-	7.14	87	87
OMEYUA_comp_0	failed	-	encode_fail	-	encode_fail	-	300.45	0	0
OMINOP_comp_0	success	UFF_1	byte_exact	-	byte_exact	-	2.18	82	82
OMOBIC_comp_0	success	UFF_1	structural	-	key_equal	slot_renumber	24.35	134	130
OMOBUO_comp_0	success	UFF_1	key_equal	slot_renumber	key_equal	slot_renumber	9.63	114	114
ONEGUK_comp_0	success	UFF_1	byte_exact	-	byte_exact	-	3.62	122	122
ONOXOG_comp_0	failed	-	hard_fail	-	hard_fail	-	300.04	119	0
ONUGIO_comp_0	success	UFF_1	structural	-	byte_exact	-	18.79	96	64
ONUMIU_comp_0	success	UFF_1	byte_exact	-	byte_exact	-	1.55	61	61
OPALOI_comp_0	success	UFF_1	byte_exact	-	byte_exact	-	1.65	70	70
OPEHOI_comp_0	success	UFF_1	structural	-	byte_exact	-	56.46	97	62
OPEKOL_comp_0	success	UFF_1	byte_exact	-	byte_exact	-	2.33	83	83
OPEZUG_comp_0	success	UFF_1	byte_exact	-	byte_exact	-	4.42	83	83
OPOJEK_comp_0	success	UFF_1	byte_exact	-	byte_exact	-	1.62	53	53
OPUCUZ_comp_0	failed	-	hard_fail	-	hard_fail	-	300.27	154	0
OPUPAR_comp_0	success	UFF_1	byte_exact	-	byte_exact	-	2.85	96	96
OQACUF_comp_0	success	UFF_1	byte_exact	-	byte_exact	-	5.98	98	98
OQALIC_comp_0	success	UFF_1	byte_exact	-	byte_exact	-	2.26	59	59
OQAPED_comp_0	failed	-	hard_fail	-	hard_fail	-	300.07	130	0
OQECUJ_comp_0	success	UFF_1	byte_exact	-	byte_exact	-	2.75	109	109
OQIFEA_comp_0	failed	-	hard_fail	-	hard_fail	-	337.22	116	108
OQIJAB_comp_0	success	UFF_1	byte_exact	-	byte_exact	-	4.46	75	75
OQODUU_comp_0	success	UFF_1	byte_exact	-	byte_exact	-	2.27	61	61
OQOLEM_comp_0	success	UFF_1	byte_exact	-	byte_exact	-	3.65	78	78
OQUBAF_comp_0	success	UFF_1	byte_exact	-	byte_exact	-	5.10	85	85
ORALEA_comp_0	success	UFF_1	byte_exact	-	byte_exact	-	2.38	98	98
OREYIU_comp_0	success	UFF_1	byte_exact	-	byte_exact	-	2.89	94	94
ORIYEV_comp_0	success	UFF_1	byte_exact	-	byte_exact	-	5.48	119	119
OROFEH_comp_0	success	UFF_1	byte_exact	-	byte_exact	-	1.54	56	56
OROJUB_comp_0	success	UFF_1	structural	-	byte_exact	-	80.80	124	127
OROWOJ_comp_0	success	UFF_1	byte_exact	-	byte_exact	-	3.08	63	63
ORUDAH_comp_0	success	UFF_1	byte_exact	-	byte_exact	-	2.64	100	100
ORUJAN_comp_0	success	UFF_1	byte_exact	-	byte_exact	-	1.18	52	52
ORUVOO_comp_1	success	UFF_1	byte_exact	-	byte_exact	-	1.76	91	91
OSALEA_comp_0	success	UFF_1	byte_exact	-	byte_exact	-	1.98	68	68
OSIBEZ_comp_0	success	UFF_1	structural	-	byte_exact	-	20.54	84	92
OSIBID_comp_0	success	UFF_1	byte_exact	-	byte_exact	-	30.40	94	94
OSOPUI_comp_0	success	UFF_1	byte_exact	-	byte_exact	-	3.05	81	81
OSOQAP_comp_0	success	UFF_1	byte_exact	-	byte_exact	-	2.78	88	88
OSUTOM_comp_0	success	UFF_1	byte_exact	-	byte_exact	-	2.68	98	98
OTAGIA_comp_0	success	UFF_1	byte_exact	-	byte_exact	-	6.12	148	148
OTIGIJ_comp_0	success	UFF_1	structural	-	byte_exact	-	70.64	168	166
OTIYIB_comp_0	success	UFF_1	byte_exact	-	byte_exact	-	3.65	75	75
OTOLAL_comp_0	failed	-	hard_fail	-	hard_fail	-	187.85	183	0
OTULEV_comp_0	success	UFF_1	byte_exact	-	byte_exact	-	1.61	60	60
OVAHUP_comp_0	success	UFF_1	byte_exact	-	byte_exact	-	2.77	100	100
OVELIM_comp_0	success	UFF_1	byte_exact	-	byte_exact	-	9.06	120	120
OVELOR_comp_0	success	UFF_1	key_equal	slot_renumber	key_equal	slot_renumber	6.17	94	94
OVEQAI_comp_0	success	UFF_1	key_equal	slot_renumber	key_equal	slot_renumber	2.16	80	80
OVERAJ_comp_0	success	UFF_1	byte_exact	-	byte_exact	-	2.30	106	106
OVIJAG_comp_0	success	UFF_1	byte_exact	-	byte_exact	-	2.21	73	73
OVOHOY_comp_0	success	UFF_1	byte_exact	-	byte_exact	-	5.80	92	92
OVOJEQ_comp_0	success	UFF_1	byte_exact	-	byte_exact	-	6.25	85	85
OVOKIU_comp_0	success	UFF_1	byte_exact	-	byte_exact	-	1.63	58	58
OVOTOK_comp_0	success	UFF_1	key_equal	slot_renumber	key_equal	slot_renumber	9.24	107	107
OVUFUI_comp_0	success	UFF_1	structural	-	byte_exact	-	53.73	130	111
OVUGET_comp_0	success	UFF_1	structural	-	byte_exact	-	43.65	110	95
OWEGAZ_comp_0	success	g-xTB_1	byte_exact	-	byte_exact	-	104.40	61	61
OWEJIL_comp_0	success	UFF_1	byte_exact	-	byte_exact	-	1.80	67	67
OWEJOR_comp_0	success	UFF_1	byte_exact	-	byte_exact	-	2.30	81	81
OWEWAQ_comp_0	failed	-	hard_fail	-	hard_fail	-	300.19	109	0
OWEXIZ_comp_0	success	UFF_1	structural	-	key_equal	rdkit_canonical	22.03	106	85
OWIBOM_comp_0	success	UFF_1	byte_exact	-	byte_exact	-	9.31	86	86
OWODUA_comp_0	failed	-	hard_fail	-	hard_fail	-	414.98	116	116
OWULIC_comp_0	success	UFF_1	byte_exact	-	byte_exact	-	1.38	55	55
OXAFAV_comp_0	success	UFF_1	byte_exact	-	byte_exact	-	1.58	53	53
OXEDOL_comp_0	success	UFF_1	byte_exact	-	byte_exact	-	1.60	61	61
OXIGEJ_comp_0	success	UFF_1	byte_exact	-	byte_exact	-	3.08	94	94
OXIWUP_comp_0	success	UFF_1	byte_exact	-	byte_exact	-	4.36	132	132
OXONEV_comp_0	success	UFF_1	byte_exact	-	byte_exact	-	3.00	122	122
OYINOA_comp_0	success	UFF_1	byte_exact	-	byte_exact	-	9.74	128	128
OYUFOE_comp_0	success	UFF_1	byte_exact	-	byte_exact	-	8.94	74	74
OYUKOK_comp_0	success	UFF_1	key_equal	slot_renumber	key_equal	slot_renumber	16.18	168	168
OZADAW_comp_0	failed	-	hard_fail	-	hard_fail	-	318.45	132	130
OZETOD_comp_0	success	UFF_1	byte_exact	-	byte_exact	-	10.14	102	102
OZIHIQ_comp_0	success	UFF_1	byte_exact	-	byte_exact	-	3.37	91	91
OZIHOW_comp_0	success	UFF_1	byte_exact	-	byte_exact	-	3.50	111	111
OZIHUC_comp_0	success	UFF_1	byte_exact	-	byte_exact	-	9.33	99	99
OZIJAK_comp_0	success	UFF_1	byte_exact	-	byte_exact	-	1.65	67	67
OZOWAC_comp_0	success	UFF_1	byte_exact	-	byte_exact	-	2.23	78	78
OZUZEQ_comp_0	success	UFF_1	structural	-	key_equal	slot_renumber	251.84	122	128
PABJUA_comp_0	success	UFF_1	byte_exact	-	byte_exact	-	44.14	148	148
PABKIP_comp_0	success	UFF_1	byte_exact	-	byte_exact	-	3.29	85	85
PABVIY_comp_0	success	UFF_1	byte_exact	-	byte_exact	-	2.44	109	109
PACBIG_comp_0	success	UFF_1	byte_exact	-	byte_exact	-	2.51	92	92
PACLIR_comp_0	success	UFF_1	byte_exact	-	byte_exact	-	2.65	81	81
PACMEL_comp_0	success	UFF_1	structural	-	byte_exact	-	145.32	100	109
PACYOJ_comp_0	success	UFF_1	byte_exact	-	byte_exact	-	5.15	76	76
PADQIW_comp_0	success	UFF_1	byte_exact	-	byte_exact	-	2.31	75	75
PADTIZ_comp_0	success	UFF_1	structural	-	key_equal	slot_renumber	8.32	73	75
PAFFEI_comp_0	success	UFF_1	byte_exact	-	byte_exact	-	3.42	73	73
PAFZUS_comp_0	failed	-	hard_fail	-	hard_fail	-	189.25	143	0
PAGHOV_comp_0	success	UFF_1	byte_exact	-	byte_exact	-	3.86	110	110
PAGKAL_comp_0	success	UFF_1	byte_exact	-	byte_exact	-	9.23	125	125
PAGLUH_comp_0	success	UFF_1	byte_exact	-	byte_exact	-	1.74	86	86
PAGWIF_comp_0	success	UFF_1	byte_exact	-	byte_exact	-	2.10	68	68
PAJLUJ_comp_0	success	UFF_1	byte_exact	-	byte_exact	-	3.01	93	93
PAJPAT_comp_0	success	UFF_1	byte_exact	-	byte_exact	-	2.23	78	78
PAKMAQ_comp_0	success	UFF_1	byte_exact	-	byte_exact	-	2.32	80	80
PAKTIG_comp_0	success	UFF_1	byte_exact	-	byte_exact	-	16.95	137	137
PAKVAA_comp_0	success	UFF_1	key_equal	rdkit_canonical	key_equal	slot_renumber	5.36	127	115
PAKWAB_comp_0	success	UFF_1	byte_exact	-	byte_exact	-	93.87	128	128
PALBOV_comp_0	success	UFF_1	byte_exact	-	byte_exact	-	6.37	127	127
PALDEN_comp_0	success	UFF_1	structural	-	key_equal	rdkit_canonical	98.47	115	130
PALKAQ_comp_0	success	UFF_1	byte_exact	-	byte_exact	-	2.36	54	54
PALKEU_comp_0	success	UFF_1	byte_exact	-	byte_exact	-	2.27	54	54
PALZUY_comp_0	success	UFF_1	byte_exact	-	byte_exact	-	4.82	72	72
PAMRAZ_comp_0	success	UFF_1	byte_exact	-	byte_exact	-	1.62	69	69
PANHUJ_comp_0	success	UFF_1	structural	-	byte_exact	-	28.35	94	66
PANJOD_comp_0	success	UFF_1	byte_exact	-	byte_exact	-	2.60	103	103
PAPDOA_comp_0	success	UFF_1	byte_exact	-	byte_exact	-	1.84	61	61
PAPMAV_comp_0	success	UFF_1	byte_exact	-	byte_exact	-	4.37	73	73
PAQCAM_comp_0	failed	-	hard_fail	-	hard_fail	-	297.56	175	0
PARBAM_comp_0	success	UFF_1	byte_exact	-	byte_exact	-	5.89	96	96
PARJAU_comp_0	success	UFF_1	byte_exact	-	byte_exact	-	1.80	62	62
PARJEY_comp_0	success	UFF_1	byte_exact	-	byte_exact	-	1.81	63	63
PARPAC_comp_0	success	UFF_1	byte_exact	-	byte_exact	-	14.85	126	126
PAVHIE_comp_0	success	UFF_1	byte_exact	-	byte_exact	-	1.83	74	74
PAWJED_comp_0	failed	-	hard_fail	-	hard_fail	-	352.49	111	87
PAXJUT_comp_0	success	UFF_1	structural	-	byte_exact	-	85.51	162	109
PAXMAD_comp_0	success	UFF_1	byte_exact	-	byte_exact	-	2.16	77	77
PAXWOD_comp_0	success	UFF_1	byte_exact	-	byte_exact	-	2.92	85	85
PAXZOG_comp_0	success	UFF_1	byte_exact	-	byte_exact	-	1.18	39	39
PAYSUE_comp_0	success	UFF_1	byte_exact	-	byte_exact	-	4.20	102	102
PAYWOE_comp_0	success	UFF_1	byte_exact	-	byte_exact	-	3.61	106	106
PAZJIK_comp_0	success	UFF_1	byte_exact	-	byte_exact	-	4.30	64	64
PAZXEV_comp_0	success	UFF_1	byte_exact	-	byte_exact	-	1.70	68	68
PDTPOR_comp_0	failed	-	hard_fail	-	hard_fail	-	375.47	139	135
PEBLUF_comp_0	success	UFF_1	structural	-	byte_exact	-	13.55	90	91
PEBVEZ_comp_0	success	UFF_1	byte_exact	-	byte_exact	-	1.75	68	68
PEDHOW_comp_0	success	UFF_1	byte_exact	-	byte_exact	-	1.71	68	68
PEDMEQ_comp_0	success	UFF_1	byte_exact	-	byte_exact	-	16.15	108	108
PEDPEW_comp_0	failed	-	byte_exact	-	structural	-	575.89	80	80
PEDPOG_comp_0	failed	-	byte_exact	-	structural	-	585.33	88	88
PEFYEF_comp_0	success	UFF_1	byte_exact	-	byte_exact	-	3.98	73	73
PEGNEW_comp_0	success	UFF_1	byte_exact	-	byte_exact	-	1.83	70	70
PEKRAB_comp_0	failed	-	hard_fail	-	hard_fail	-	300.27	133	0
PEKTEF_comp_0	success	UFF_1	byte_exact	-	byte_exact	-	2.33	69	69
PEKXAF_comp_0	success	UFF_1	byte_exact	-	byte_exact	-	10.93	105	105
PEMCIV_comp_0	success	UFF_1	byte_exact	-	byte_exact	-	3.36	110	110
PEMDAO_comp_0	success	UFF_1	byte_exact	-	byte_exact	-	2.13	78	78
PEMDES_comp_0	success	UFF_1	byte_exact	-	byte_exact	-	2.67	104	104
PEMLOK_comp_0	success	UFF_1	byte_exact	-	byte_exact	-	6.76	80	80
PEMRUV_comp_0	success	UFF_1	byte_exact	-	byte_exact	-	3.60	94	94
PEMVUA_comp_0	success	UFF_1	byte_exact	-	byte_exact	-	26.31	100	100
PENJIC_comp_1	success	UFF_1	byte_exact	-	byte_exact	-	15.19	124	124
PENLAY_comp_0	success	UFF_1	byte_exact	-	byte_exact	-	3.39	126	126
PEPJEA_comp_0	success	UFF_1	byte_exact	-	byte_exact	-	9.76	141	141
PEPQIM_comp_0	success	UFF_1	byte_exact	-	byte_exact	-	1.70	65	65
PEQQAG_comp_1	success	UFF_1	structural	-	byte_exact	-	37.80	100	88
PEQVUF_comp_0	success	UFF_1	byte_exact	-	byte_exact	-	2.49	100	100
PERDOH_comp_0	success	UFF_1	byte_exact	-	byte_exact	-	2.71	97	97
PERHEC_comp_0	success	UFF_1	structural	-	key_equal	slot_renumber	45.62	135	135
PERPIO_comp_0	success	UFF_1	structural	-	byte_exact	-	23.38	121	84
PERPOU_comp_0	success	UFF_1	byte_exact	-	byte_exact	-	2.32	82	82
PERYUJ_comp_0	success	UFF_1	structural	-	byte_exact	-	21.67	115	78
PETHAY_comp_0	success	UFF_1	byte_exact	-	byte_exact	-	2.79	97	97
PETJEG_comp_0	success	UFF_1	byte_exact	-	byte_exact	-	4.85	124	124
PETJIK_comp_0	success	UFF_1	byte_exact	-	byte_exact	-	4.67	116	116
PEWWOF_comp_0	success	UFF_1	key_equal	slot_renumber	key_equal	slot_renumber	1.55	54	54
PEXKUB_comp_0	success	UFF_1	byte_exact	-	byte_exact	-	1.61	65	65
PEYQIV_comp_0	success	UFF_1	byte_exact	-	byte_exact	-	1.80	58	58
PEZCEF_comp_0	success	UFF_1	byte_exact	-	byte_exact	-	4.93	80	80
PEZWOH_comp_1	success	UFF_1	byte_exact	-	byte_exact	-	1.92	62	62
PIBDEK_comp_0	success	UFF_1	key_equal	rdkit_canonical	byte_exact	-	3.72	118	103
PICPEY_comp_0	success	UFF_1	byte_exact	-	byte_exact	-	4.58	143	143
PICVII_comp_0	failed	-	hard_fail	-	hard_fail	-	1.01	93	0
PICVUT_comp_0	failed	-	hard_fail	-	hard_fail	-	317.24	78	75
PICWAA_comp_0	failed	-	hard_fail	-	hard_fail	-	337.85	113	99
PIDNOG_comp_0	success	UFF_1	byte_exact	-	byte_exact	-	3.13	106	106
PIGCAL_comp_0	success	UFF_1	byte_exact	-	byte_exact	-	10.58	116	116
PIGHUJ_comp_0	success	UFF_1	byte_exact	-	byte_exact	-	5.59	97	97
PIGQIH_comp_0	success	UFF_1	byte_exact	-	byte_exact	-	2.25	79	79
PIGXAG_comp_0	success	UFF_1	structural	-	byte_exact	-	12.30	82	75
PIJNUT_comp_0	success	UFF_1	byte_exact	-	byte_exact	-	2.54	98	98
PIJPAB_comp_0	failed	-	hard_fail	-	hard_fail	-	1.04	99	0
PIJWEK_comp_0	failed	-	hard_fail	-	hard_fail	-	300.41	143	0
PIJWOW_comp_0	success	UFF_1	byte_exact	-	byte_exact	-	2.13	66	66
PIJZOY_comp_0	success	UFF_1	key_equal	slot_renumber	key_equal	slot_renumber	7.33	101	101
PIKJAW_comp_0	success	UFF_1	byte_exact	-	byte_exact	-	1.47	65	65
PIKKOL_comp_0	success	UFF_1	byte_exact	-	byte_exact	-	4.84	116	116
PIKLOM_comp_0	success	UFF_1	structural	-	byte_exact	-	85.38	156	122
PIKMED_comp_0	success	UFF_1	byte_exact	-	byte_exact	-	3.18	118	118
PIKROS_comp_0	success	UFF_1	structural	-	byte_exact	-	28.82	106	87
PILXEO_comp_0	success	UFF_1	byte_exact	-	byte_exact	-	2.48	91	91
PIMTOX_comp_0	success	UFF_1	byte_exact	-	byte_exact	-	2.29	66	66
PIPGED_comp_0	success	UFF_1	byte_exact	-	byte_exact	-	2.08	72	72
PIPMUW_comp_0	success	UFF_1	byte_exact	-	byte_exact	-	4.48	72	72
PIPPIQ_comp_0	success	UFF_1	byte_exact	-	byte_exact	-	3.15	128	128
PIPXIV_comp_0	success	UFF_1	byte_exact	-	byte_exact	-	4.81	116	116
PIQMIN_comp_0	success	UFF_1	byte_exact	-	byte_exact	-	2.12	79	79
PIQREP_comp_0	success	UFF_1	key_equal	rdkit_canonical	byte_exact	-	7.48	115	85
PIQVUI_comp_0	success	UFF_1	byte_exact	-	byte_exact	-	2.33	82	82
PITHUY_comp_0	success	UFF_1	structural	-	byte_exact	-	18.10	96	102
PITVIY_comp_0	success	UFF_1	byte_exact	-	byte_exact	-	3.66	120	120
PIVQER_comp_0	success	UFF_1	byte_exact	-	byte_exact	-	16.01	106	106
PIWHUZ_comp_0	success	UFF_1	byte_exact	-	byte_exact	-	2.75	79	79
PIWXOK_comp_0	success	UFF_1	byte_exact	-	byte_exact	-	2.24	94	94
PIXGIP_comp_0	success	UFF_1	structural	-	byte_exact	-	60.41	126	93
PIXGUB_comp_0	success	UFF_1	structural	-	byte_exact	-	57.95	126	93
PIXHIQ_comp_0	success	UFF_1	structural	-	byte_exact	-	59.58	125	95
PIYBAD_comp_0	success	UFF_1	byte_exact	-	byte_exact	-	1.36	66	66
PIYBEH_comp_0	success	UFF_1	byte_exact	-	byte_exact	-	1.75	71	71
PIYBIL_comp_0	success	UFF_1	byte_exact	-	byte_exact	-	1.89	68	68
PIYDAD_comp_0	success	UFF_1	key_equal	slot_renumber	key_equal	slot_renumber	22.80	113	113
PIYNER_comp_0	success	UFF_1	byte_exact	-	byte_exact	-	2.27	93	93
PIYNOC_comp_0	success	UFF_1	byte_exact	-	byte_exact	-	2.65	83	83
PIYQUL_comp_1	success	UFF_1	byte_exact	-	byte_exact	-	21.90	125	125
PIYVIF_comp_0	success	UFF_1	byte_exact	-	byte_exact	-	2.62	94	94
PIZBUW_comp_0	success	UFF_1	structural	-	byte_exact	-	24.93	120	98
PIZGIQ_comp_0	success	UFF_1	byte_exact	-	byte_exact	-	1.98	78	78
PIZGOW_comp_0	success	UFF_1	byte_exact	-	byte_exact	-	3.96	78	78
PIZKEP_comp_2	success	UFF_1	byte_exact	-	byte_exact	-	0.98	24	24
POBDUH_comp_0	success	UFF_1	byte_exact	-	byte_exact	-	1.86	78	78
POBYUA_comp_0	success	UFF_1	byte_exact	-	byte_exact	-	2.62	120	120
PODZEO_comp_0	failed	-	hard_fail	-	hard_fail	-	300.06	126	0
POFFOG_comp_0	success	g-xTB_1	byte_exact	-	byte_exact	-	82.11	65	65
POFQUZ_comp_0	success	UFF_1	key_equal	slot_renumber	key_equal	slot_renumber	4.64	97	97
POFSUA_comp_0	success	UFF_1	byte_exact	-	byte_exact	-	1.92	88	88
POHCUL_comp_0	success	UFF_1	byte_exact	-	byte_exact	-	2.87	115	115
POJDEA_comp_0	success	UFF_1	key_equal	slot_renumber	key_equal	slot_renumber	5.23	116	116
POJDUQ_comp_0	success	UFF_1	key_equal	slot_renumber	key_equal	slot_renumber	4.89	104	104
POJFOK_comp_0	success	UFF_1	byte_exact	-	byte_exact	-	2.73	94	94
POJPUZ_comp_0	success	UFF_1	key_equal	rdkit_canonical	byte_exact	-	4.82	134	104
POKGAZ_comp_1	success	UFF_1	byte_exact	-	byte_exact	-	1.66	63	63
POKSIS_comp_0	success	UFF_1	byte_exact	-	byte_exact	-	2.10	62	62
POLCUR_comp_0	success	UFF_1	byte_exact	-	byte_exact	-	2.58	114	114
POLFIG_comp_0	success	UFF_1	byte_exact	-	byte_exact	-	4.47	82	82
POMZID_comp_0	success	UFF_1	byte_exact	-	byte_exact	-	3.52	112	112
POPRUH_comp_0	success	UFF_1	byte_exact	-	byte_exact	-	2.04	88	88
POQTEW_comp_0	success	UFF_1	byte_exact	-	byte_exact	-	3.57	74	74
PORKUF_comp_0	failed	-	byte_exact	-	structural	-	482.57	110	110
PORNOA_comp_0	success	UFF_1	byte_exact	-	byte_exact	-	2.63	92	92
POSCOQ_comp_0	success	UFF_1	byte_exact	-	byte_exact	-	2.36	70	70
POSWUQ_comp_0	success	UFF_1	byte_exact	-	byte_exact	-	6.27	164	164
POVPUM_comp_0	success	UFF_1	byte_exact	-	byte_exact	-	6.96	156	156
POVQAT_comp_1	success	UFF_1	byte_exact	-	byte_exact	-	5.88	140	140
POVQOH_comp_0	success	UFF_1	structural	-	byte_exact	-	36.12	138	138
POWFEP_comp_0	success	UFF_1	byte_exact	-	byte_exact	-	10.73	133	133
POWGAM_comp_0	success	UFF_1	byte_exact	-	byte_exact	-	18.20	120	120
POXGUF_comp_0	success	UFF_1	byte_exact	-	byte_exact	-	1.66	62	62
POXREC_comp_0	success	UFF_1	byte_exact	-	byte_exact	-	1.46	56	56
POYGEQ_comp_0	success	UFF_1	structural	-	byte_exact	-	14.71	89	92
POYHUH_comp_0	success	UFF_1	byte_exact	-	byte_exact	-	2.48	86	86
POZPEA_comp_0	success	UFF_1	byte_exact	-	byte_exact	-	2.99	102	102
POZPOK_comp_0	success	UFF_1	byte_exact	-	byte_exact	-	2.66	102	102
POZSIG_comp_0	success	UFF_1	structural	-	byte_exact	-	103.89	141	110
PUCKIJ_comp_0	success	UFF_1	byte_exact	-	byte_exact	-	1.72	84	84
PUGVOC_comp_0	success	UFF_1	structural	-	key_equal	slot_renumber	75.39	121	118
PUHBEZ_comp_0	success	UFF_1	facmer_divergent	-	byte_exact	-	19.07	110	69
PUHMIO_comp_0	success	UFF_1	byte_exact	-	byte_exact	-	2.25	124	124
PUJPEP_comp_0	success	UFF_1	byte_exact	-	byte_exact	-	1.16	40	40
PUJYIE_comp_0	success	UFF_1	byte_exact	-	byte_exact	-	2.09	92	92
PUMDAC_comp_0	success	UFF_1	byte_exact	-	byte_exact	-	2.56	97	97
PUMKUD_comp_0	failed	-	hard_fail	-	hard_fail	-	334.07	116	119
PUMLEP_comp_0	success	UFF_1	byte_exact	-	byte_exact	-	295.71	242	242
PUMLOZ_comp_0	success	UFF_1	byte_exact	-	byte_exact	-	1.86	60	60
PUMMER_comp_0	success	UFF_1	byte_exact	-	byte_exact	-	2.48	90	90
PUNCIM_comp_1	success	UFF_1	byte_exact	-	byte_exact	-	1.28	53	53
PUNGEL_comp_0	success	UFF_1	byte_exact	-	byte_exact	-	16.10	133	133
PUNJOX_comp_0	success	UFF_1	byte_exact	-	byte_exact	-	2.95	79	79
PUNPEV_comp_0	success	UFF_1	structural	-	byte_exact	-	21.00	98	72
PUNTAV_comp_0	success	UFF_1	key_equal	slot_renumber	key_equal	slot_renumber	3.77	83	83
PUPHUF_comp_0	success	UFF_1	byte_exact	-	byte_exact	-	2.69	82	82
PUPKIW_comp_0	success	UFF_1	byte_exact	-	byte_exact	-	2.35	95	95
PUQPUO_comp_0	success	UFF_1	byte_exact	-	byte_exact	-	3.12	128	128
PUQRAW_comp_0	success	UFF_1	byte_exact	-	byte_exact	-	62.11	169	169
PURROJ_comp_0	failed	-	hard_fail	-	hard_fail	-	300.32	107	0
PUSSUT_comp_0	success	UFF_1	byte_exact	-	byte_exact	-	4.40	102	102
PUTTAZ_comp_0	success	UFF_1	byte_exact	-	byte_exact	-	1.49	57	57
PUVLEY_comp_0	success	UFF_1	byte_exact	-	byte_exact	-	2.49	92	92
PUVWEK_comp_0	failed	-	structural	-	structural	-	554.75	96	91
PUWMID_comp_0	success	UFF_1	key_equal	slot_renumber	key_equal	slot_renumber	4.48	124	124
PUYBIU_comp_0	success	UFF_1	key_equal	slot_renumber	key_equal	slot_renumber	3.61	84	84
QABSIY_comp_0	success	UFF_1	byte_exact	-	byte_exact	-	3.25	68	68
QAFJIT_comp_0	success	UFF_1	byte_exact	-	byte_exact	-	2.20	78	78
QAFKIU_comp_0	success	UFF_1	byte_exact	-	byte_exact	-	2.07	78	78
QAFZAB_comp_1	success	UFF_1	byte_exact	-	byte_exact	-	1.10	40	40
QAGROG_comp_0	success	UFF_1	byte_exact	-	byte_exact	-	2.40	95	95
QAHCAD_comp_0	success	UFF_1	byte_exact	-	byte_exact	-	2.27	80	80
QAHCUY_comp_0	success	UFF_1	byte_exact	-	byte_exact	-	3.33	98	98
QAHJAK_comp_0	success	UFF_1	byte_exact	-	byte_exact	-	7.01	120	120
QAHXUU_comp_0	success	UFF_1	byte_exact	-	byte_exact	-	1.92	73	73
QAHZUU_comp_0	success	UFF_1	facmer_divergent	-	byte_exact	-	13.41	83	58
QAJDEN_comp_1	success	UFF_1	byte_exact	-	byte_exact	-	5.78	89	89
QAJVAB_comp_0	success	UFF_1	byte_exact	-	byte_exact	-	6.05	95	95
QAKHUF_comp_0	success	UFF_1	key_equal	rdkit_canonical	key_equal	rdkit_canonical	11.63	91	101
QAKLET_comp_0	success	UFF_1	byte_exact	-	byte_exact	-	19.37	117	117
QAKXAE_comp_0	success	UFF_1	byte_exact	-	byte_exact	-	1.21	45	45
QALQUS_comp_0	success	UFF_1	byte_exact	-	byte_exact	-	2.95	108	108
QALVEG_comp_0	success	UFF_1	byte_exact	-	byte_exact	-	1.13	37	37
QALVOQ_comp_0	success	UFF_1	byte_exact	-	byte_exact	-	1.43	43	43
QALWEH_comp_0	success	UFF_1	byte_exact	-	byte_exact	-	79.19	180	180
QAMJAP_comp_0	failed	-	hard_fail	-	hard_fail	-	300.18	168	0
QAMTUV_comp_0	success	UFF_1	byte_exact	-	byte_exact	-	3.68	140	140
QAMYUB_comp_0	success	UFF_1	byte_exact	-	byte_exact	-	2.61	81	81
QANFOD_comp_0	success	UFF_1	structural	-	byte_exact	-	3.13	62	54
QAPLUQ_comp_0	success	UFF_1	byte_exact	-	byte_exact	-	2.90	80	80
QAPWAF_comp_0	success	UFF_1	byte_exact	-	byte_exact	-	3.62	100	100
QAPXIP_comp_0	success	UFF_1	byte_exact	-	byte_exact	-	11.78	159	159
QAQBIV_comp_0	success	UFF_1	byte_exact	-	byte_exact	-	1.48	59	59
QAQTOS_comp_0	success	UFF_1	byte_exact	-	byte_exact	-	1.72	70	70
QAQZAK_comp_0	success	UFF_1	structural	-	byte_exact	-	48.52	108	73
QARQEH_comp_0	success	UFF_1	byte_exact	-	byte_exact	-	1.56	52	52
QARQUV_comp_0	success	UFF_1	byte_exact	-	byte_exact	-	2.15	99	99
QASGAV_comp_0	success	UFF_1	byte_exact	-	byte_exact	-	2.52	101	101
QASRUA_comp_0	success	UFF_1	structural	-	byte_exact	-	27.70	87	60
QASWUC_comp_0	success	UFF_1	byte_exact	-	byte_exact	-	3.55	149	149
QATFIC_comp_0	success	UFF_1	byte_exact	-	byte_exact	-	3.90	126	126
QATFUO_comp_0	success	UFF_1	byte_exact	-	byte_exact	-	2.02	82	82
QATKUT_comp_0	success	UFF_1	byte_exact	-	byte_exact	-	2.27	77	77
QAVDID_comp_0	success	UFF_1	byte_exact	-	byte_exact	-	2.75	104	104
QAVJII_comp_0	success	UFF_1	byte_exact	-	byte_exact	-	1.72	58	58
QAVJOO_comp_0	success	UFF_1	byte_exact	-	byte_exact	-	1.94	74	74
QAWGAZ_comp_0	success	UFF_1	byte_exact	-	byte_exact	-	4.71	100	100
QAWXAO_comp_0	success	UFF_1	byte_exact	-	byte_exact	-	2.91	114	114
QAWYOF_comp_0	success	UFF_1	byte_exact	-	byte_exact	-	3.29	119	119
QAXBOJ_comp_0	success	UFF_1	byte_exact	-	byte_exact	-	1.53	67	67
QAXLAE_comp_0	success	UFF_1	byte_exact	-	byte_exact	-	1.78	89	89
QAXMAF_comp_0	success	UFF_1	byte_exact	-	byte_exact	-	2.42	98	98
QAXMUZ_comp_0	success	UFF_1	byte_exact	-	byte_exact	-	2.63	104	104
QAXNEK_comp_0	success	UFF_1	byte_exact	-	byte_exact	-	2.49	98	98
QAYMUB_comp_0	success	UFF_1	byte_exact	-	byte_exact	-	6.93	101	101
QAYNEM_comp_0	success	UFF_1	byte_exact	-	byte_exact	-	6.30	103	103
QAYRUD_comp_0	success	UFF_1	key_equal	slot_renumber	key_equal	slot_renumber	3.05	83	83
QAZLOV_comp_0	success	UFF_1	byte_exact	-	byte_exact	-	4.12	71	71
QAZWAS_comp_0	success	UFF_1	byte_exact	-	byte_exact	-	2.02	72	72
QEBKUG_comp_0	success	UFF_1	structural	-	byte_exact	-	193.35	117	105
QEBPES_comp_0	success	UFF_1	byte_exact	-	byte_exact	-	14.86	162	162
QEBXUS_comp_1	success	UFF_1	structural	-	key_equal	rdkit_canonical	21.78	77	93
QEDGIP_comp_0	success	UFF_1	byte_exact	-	byte_exact	-	3.93	63	63
QEFSOJ_comp_0	success	UFF_1	structural	-	byte_exact	-	18.33	95	64
QEFXIK_comp_0	success	UFF_1	byte_exact	-	byte_exact	-	6.54	155	155
QEGBUC_comp_0	success	UFF_1	byte_exact	-	byte_exact	-	2.75	108	108
QEHPIC_comp_0	success	UFF_1	byte_exact	-	byte_exact	-	7.86	92	92
QEHPOI_comp_0	success	UFF_1	byte_exact	-	byte_exact	-	3.90	89	89
QEHTAB_comp_0	success	UFF_1	byte_exact	-	byte_exact	-	4.38	109	109
QEJVOQ_comp_0	success	UFF_1	byte_exact	-	byte_exact	-	2.37	94	94
QEJWEK_comp_0	success	UFF_1	byte_exact	-	byte_exact	-	3.51	101	101
QEKLAU_comp_0	success	UFF_1	byte_exact	-	byte_exact	-	2.61	89	89
QEKLEA_comp_0	success	UFF_1	byte_exact	-	byte_exact	-	5.86	111	111
QELJOH_comp_1	success	UFF_1	byte_exact	-	byte_exact	-	7.87	172	172
QEMNIF_comp_0	success	UFF_1	byte_exact	-	byte_exact	-	2.12	125	125
QENDAP_comp_0	success	UFF_1	byte_exact	-	byte_exact	-	4.68	86	86
QENLUT_comp_0	success	UFF_1	byte_exact	-	byte_exact	-	5.51	120	120
QENYOY_comp_0	success	UFF_1	key_equal	rdkit_canonical	byte_exact	-	7.18	108	93
QEPHAU_comp_0	success	UFF_1	byte_exact	-	byte_exact	-	3.30	120	120
QEPKII_comp_0	success	UFF_1	byte_exact	-	byte_exact	-	21.75	128	128
QEQXEQ_comp_0	success	UFF_1	byte_exact	-	byte_exact	-	1.95	76	76
QERPOT_comp_0	success	UFF_1	byte_exact	-	byte_exact	-	1.59	59	59
QESRUE_comp_0	success	UFF_1	byte_exact	-	byte_exact	-	2.56	115	115
QESXEU_comp_0	success	UFF_1	byte_exact	-	byte_exact	-	3.27	101	101
QETJAA_comp_0	success	UFF_1	byte_exact	-	byte_exact	-	1.77	67	67
QETYEU_comp_0	success	UFF_1	byte_exact	-	byte_exact	-	1.28	72	72
QEVNUB_comp_0	success	UFF_1	key_equal	slot_renumber	key_equal	slot_renumber	6.45	112	112
QEWDEC_comp_0	success	UFF_1	key_equal	slot_renumber	key_equal	slot_renumber	2.48	91	91
QEWJOS_comp_0	failed	-	hard_fail	-	hard_fail	-	346.42	122	122
QEXFOP_comp_0	success	UFF_1	byte_exact	-	byte_exact	-	2.01	95	95
QEXHEH_comp_0	failed	-	hard_fail	-	hard_fail	-	300.25	126	0
QEXRAP_comp_0	success	UFF_1	byte_exact	-	byte_exact	-	1.21	62	62
QEYMAJ_comp_0	success	UFF_1	structural	-	byte_exact	-	55.60	133	124
QEYYEZ_comp_0	success	UFF_1	byte_exact	-	byte_exact	-	1.88	84	84
QIBPID_comp_0	success	UFF_1	byte_exact	-	byte_exact	-	2.27	95	95
QICNOG_comp_0	success	UFF_1	byte_exact	-	byte_exact	-	5.02	76	76
QICVUV_comp_0	success	UFF_1	key_equal	slot_renumber	key_equal	slot_renumber	9.48	138	138
QICWEF_comp_0	success	UFF_1	byte_exact	-	byte_exact	-	2.55	74	74
QICZUZ_comp_0	success	UFF_1	byte_exact	-	byte_exact	-	3.77	95	95
QIDDAK_comp_0	success	UFF_1	byte_exact	-	byte_exact	-	11.02	120	120
QIDGOB_comp_0	success	UFF_1	byte_exact	-	byte_exact	-	1.63	71	71
QIDGUI_comp_0	success	UFF_1	byte_exact	-	byte_exact	-	3.55	95	95
QIDHEQ_comp_0	failed	-	hard_fail	-	hard_fail	-	179.41	185	0
QIDKIZ_comp_0	success	UFF_1	structural	-	byte_exact	-	148.18	101	104
QIDKUL_comp_0	failed	-	hard_fail	-	hard_fail	-	300.21	140	0
QIDNEX_comp_0	success	UFF_1	structural	-	byte_exact	-	17.41	76	68
QIDQOL_comp_0	success	UFF_1	byte_exact	-	byte_exact	-	3.13	115	115
QIFHIY_comp_0	failed	-	hard_fail	-	hard_fail	-	324.56	147	141
QIGQII_comp_0	success	UFF_1	byte_exact	-	byte_exact	-	2.48	106	106
QIGQOM_comp_0	success	UFF_1	byte_exact	-	byte_exact	-	4.90	126	126
QIGQUS_comp_0	success	UFF_1	byte_exact	-	byte_exact	-	2.79	98	98
QIGTEH_comp_0	success	UFF_1	byte_exact	-	byte_exact	-	3.58	111	111
QIGYUC_comp_0	success	UFF_1	key_equal	rdkit_canonical	byte_exact	-	17.68	153	135
QIGZUD_comp_0	success	UFF_1	byte_exact	-	byte_exact	-	2.92	94	94
QIHBIU_comp_0	success	UFF_1	structural	-	byte_exact	-	32.98	94	78
QIHBUG_comp_0	success	UFF_1	key_equal	rdkit_canonical	byte_exact	-	7.15	108	102
QIJSOR_comp_0	success	g-xTB_1	byte_exact	-	byte_exact	-	59.72	62	62
QIKFEX_comp_0	success	UFF_1	key_equal	slot_renumber	key_equal	slot_renumber	28.95	118	118
QILJEA_comp_0	success	UFF_1	byte_exact	-	byte_exact	-	2.44	92	92
QILKON_comp_0	success	UFF_1	byte_exact	-	byte_exact	-	4.59	177	177
QILPOS_comp_0	success	UFF_1	byte_exact	-	byte_exact	-	3.01	89	89
QINYIV_comp_1	success	UFF_1	byte_exact	-	byte_exact	-	34.08	144	144
QIPKIM_comp_0	success	UFF_1	byte_exact	-	byte_exact	-	7.27	130	130
QIQLIN_comp_0	success	UFF_1	byte_exact	-	byte_exact	-	1.93	72	72
QIRGUW_comp_0	success	UFF_1	byte_exact	-	byte_exact	-	6.83	139	139
QIVRIX_comp_0	success	UFF_1	byte_exact	-	byte_exact	-	2.69	80	80
QIWNEQ_comp_0	success	UFF_1	byte_exact	-	byte_exact	-	2.11	76	76
QIWNIU_comp_0	failed	-	structural	-	structural	-	311.00	62	64
QIXCOR_comp_0	success	UFF_1	byte_exact	-	byte_exact	-	1.35	62	62
QIXDIK_comp_0	success	UFF_1	byte_exact	-	byte_exact	-	7.58	106	106
QIXDUZ_comp_0	success	UFF_1	byte_exact	-	byte_exact	-	2.78	106	106
QIXFAH_comp_0	success	UFF_1	byte_exact	-	byte_exact	-	2.46	79	79
QIXGOW_comp_1	success	UFF_1	key_equal	rdkit_canonical	byte_exact	-	10.10	91	85
QIXLUF_comp_0	success	UFF_1	byte_exact	-	byte_exact	-	1.43	60	60
QIYTUP_comp_0	success	UFF_1	byte_exact	-	byte_exact	-	6.95	86	86
QIYVAX_comp_0	success	UFF_1	byte_exact	-	byte_exact	-	6.42	84	84
QIYVEB_comp_0	success	UFF_1	byte_exact	-	byte_exact	-	6.80	86	86
QIYYED_comp_0	failed	-	hard_fail	-	hard_fail	-	332.70	140	192
QIYYON_comp_0	failed	-	hard_fail	-	hard_fail	-	345.16	168	178
QIZNIW_comp_0	success	UFF_1	byte_exact	-	byte_exact	-	2.93	108	108
QIZNOC_comp_0	success	UFF_1	byte_exact	-	byte_exact	-	2.32	92	92
QIZTAX_comp_0	success	UFF_1	byte_exact	-	byte_exact	-	5.84	110	110
QOBFEV_comp_0	success	UFF_1	byte_exact	-	byte_exact	-	1.77	70	70
QOBSOR_comp_0	success	UFF_1	byte_exact	-	byte_exact	-	1.44	49	49
QOBTOS_comp_0	success	UFF_1	byte_exact	-	byte_exact	-	1.66	62	62
QOBTOT_comp_0	success	UFF_1	byte_exact	-	byte_exact	-	2.31	68	68
QOCHAT_comp_0	failed	-	hard_fail	-	hard_fail	-	347.24	148	76
QOCLAY_comp_0	success	UFF_1	byte_exact	-	byte_exact	-	14.31	156	156
QOCZIR_comp_0	success	UFF_1	byte_exact	-	byte_exact	-	2.05	72	72
QODMOM_comp_0	success	UFF_1	byte_exact	-	byte_exact	-	2.53	95	95
QODQIM_comp_0	success	UFF_1	byte_exact	-	byte_exact	-	2.30	91	91
QOFKON_comp_0	success	UFF_1	byte_exact	-	byte_exact	-	11.46	127	127
QOFTOV_comp_0	success	UFF_1	byte_exact	-	byte_exact	-	6.09	86	86
QOFTUA_comp_0	failed	-	hard_fail	-	hard_fail	-	220.51	142	0
QOHZOC_comp_0	success	UFF_1	structural	-	key_equal	slot_renumber	56.19	121	102
QOJDUQ_comp_0	success	UFF_1	byte_exact	-	byte_exact	-	2.34	76	76
QOJKUW_comp_0	failed	-	hard_fail	-	hard_fail	-	554.33	134	118
QOJRUD_comp_0	success	UFF_1	key_equal	slot_renumber	key_equal	slot_renumber	3.31	84	84
QOKWUK_comp_0	success	UFF_1	byte_exact	-	byte_exact	-	3.25	93	93
QOMKAF_comp_0	success	UFF_1	byte_exact	-	byte_exact	-	5.88	99	99
QOMKEJ_comp_0	success	UFF_1	byte_exact	-	byte_exact	-	4.20	125	125
QOMLUA_comp_0	success	UFF_1	byte_exact	-	byte_exact	-	4.59	116	116
QOMMAH_comp_0	success	UFF_1	byte_exact	-	byte_exact	-	8.54	78	78
QONNAK_comp_0	failed	-	hard_fail	-	hard_fail	-	300.16	130	0
QOPHAG_comp_0	success	UFF_1	byte_exact	-	byte_exact	-	11.64	138	138
QOPLEO_comp_0	success	UFF_1	byte_exact	-	byte_exact	-	4.11	119	119
QOPSIZ_comp_0	success	UFF_1	byte_exact	-	byte_exact	-	2.45	87	87
QOQGEK_comp_0	success	UFF_1	key_equal	slot_renumber	key_equal	slot_renumber	3.96	96	96
QOQGIO_comp_0	success	UFF_1	key_equal	slot_renumber	key_equal	slot_renumber	3.80	84	84
QOQMUF_comp_1	success	UFF_1	structural	-	byte_exact	-	37.96	97	80
QORCOQ_comp_0	success	UFF_1	byte_exact	-	byte_exact	-	5.18	93	93
QORKEO_comp_0	success	UFF_1	byte_exact	-	byte_exact	-	9.84	94	94
QOSFOU_comp_0	success	UFF_1	byte_exact	-	byte_exact	-	2.49	77	77
QOSHAI_comp_0	success	UFF_1	byte_exact	-	byte_exact	-	2.89	83	83
QOSHIQ_comp_0	success	UFF_1	byte_exact	-	byte_exact	-	3.12	90	90
QOSHOW_comp_0	success	UFF_1	byte_exact	-	byte_exact	-	2.59	82	82
QOSJOY_comp_0	success	UFF_1	key_equal	rdkit_canonical	byte_exact	-	3.36	74	71
QOSKAL_comp_0	success	UFF_1	structural	-	byte_exact	-	26.64	85	69
QOSTUO_comp_0	success	UFF_1	byte_exact	-	byte_exact	-	4.81	130	130
QOVMIZ_comp_0	success	UFF_1	byte_exact	-	byte_exact	-	5.72	83	83
QOWZAF_comp_0	success	UFF_1	byte_exact	-	byte_exact	-	3.05	97	97
QOYTEE_comp_0	success	UFF_1	byte_exact	-	byte_exact	-	1.54	53	53
QOZBIS_comp_0	success	UFF_1	byte_exact	-	byte_exact	-	2.34	72	72
QOZCEP_comp_0	success	UFF_1	byte_exact	-	byte_exact	-	3.12	103	103
QOZNIE_comp_0	success	UFF_1	byte_exact	-	byte_exact	-	1.86	62	62
QOZYEL_comp_0	success	UFF_1	byte_exact	-	byte_exact	-	6.07	140	140
QUBJUT_comp_0	success	UFF_1	byte_exact	-	byte_exact	-	1.73	55	55
QUBYAP_comp_0	success	UFF_1	byte_exact	-	byte_exact	-	6.58	71	71
QUBYET_comp_0	success	UFF_1	byte_exact	-	byte_exact	-	6.22	63	63
QUBYUJ_comp_0	success	UFF_1	byte_exact	-	byte_exact	-	3.18	57	57
QUCXUJ_comp_0	success	UFF_1	key_equal	rdkit_canonical	byte_exact	-	20.27	145	138
QUDDUP_comp_0	success	UFF_1	byte_exact	-	byte_exact	-	1.31	70	70
QUFQAK_comp_0	success	UFF_1	byte_exact	-	byte_exact	-	13.88	102	102
QUHJAG_comp_0	success	UFF_1	byte_exact	-	byte_exact	-	2.93	104	104
QUHKIO_comp_0	success	UFF_1	structural	-	byte_exact	-	26.71	94	94
QUHNIS_comp_0	success	UFF_1	byte_exact	-	byte_exact	-	1.62	94	94
QUHVIZ_comp_0	success	UFF_1	byte_exact	-	byte_exact	-	2.14	89	89
QUHZAV_comp_0	success	UFF_1	byte_exact	-	byte_exact	-	3.05	70	70
QUJMUF_comp_0	success	UFF_1	byte_exact	-	byte_exact	-	19.70	112	112
QUKQOE_comp_0	success	UFF_1	byte_exact	-	byte_exact	-	7.45	115	115
QULFAF_comp_0	success	UFF_1	byte_exact	-	byte_exact	-	4.59	144	144
QULZON_comp_0	success	UFF_1	structural	-	byte_exact	-	28.46	87	56
QUMHUD_comp_0	success	UFF_1	byte_exact	-	byte_exact	-	10.31	130	130
QUMKEO_comp_0	success	UFF_1	byte_exact	-	byte_exact	-	8.59	90	90
QUMSEY_comp_0	success	UFF_1	byte_exact	-	byte_exact	-	2.77	120	120
QUMXAZ_comp_0	success	UFF_1	byte_exact	-	byte_exact	-	6.03	82	82
QUNCUZ_comp_0	success	UFF_1	byte_exact	-	byte_exact	-	4.83	63	63
QUNHOX_comp_0	success	UFF_1	byte_exact	-	byte_exact	-	3.68	92	92
QUNJUF_comp_0	success	UFF_1	byte_exact	-	byte_exact	-	2.13	102	102
QUNXAY_comp_0	success	UFF_1	byte_exact	-	byte_exact	-	39.78	133	133
QUQMIY_comp_0	success	UFF_1	byte_exact	-	byte_exact	-	2.62	94	94
QUQMOE_comp_0	success	UFF_1	byte_exact	-	byte_exact	-	3.29	114	114
QURGAL_comp_0	success	UFF_1	byte_exact	-	byte_exact	-	1.85	88	88
QURGEP_comp_0	success	UFF_1	byte_exact	-	byte_exact	-	1.57	80	80
QUSJAQ_comp_0	success	UFF_1	byte_exact	-	byte_exact	-	1.61	74	74
QUTQAX_comp_0	success	UFF_1	byte_exact	-	byte_exact	-	12.54	96	96
QUVYOX_comp_1	success	UFF_1	structural	-	byte_exact	-	64.25	113	97
QUXNAZ_comp_0	success	UFF_1	key_equal	rdkit_canonical	key_equal	rdkit_canonical	62.97	123	131
RABGUZ_comp_0	success	UFF_1	byte_exact	-	byte_exact	-	1.86	71	71
RACNUH_comp_0	success	UFF_1	byte_exact	-	byte_exact	-	8.40	113	113
RACZOL_comp_0	success	UFF_1	byte_exact	-	byte_exact	-	3.31	92	92
RAFJIS_comp_0	success	UFF_1	byte_exact	-	byte_exact	-	1.54	72	72
RAFJOY_comp_0	success	UFF_1	byte_exact	-	byte_exact	-	1.65	72	72
RAHBUY_comp_0	success	UFF_1	byte_exact	-	byte_exact	-	2.15	68	68
RAHCAF_comp_0	success	UFF_1	byte_exact	-	byte_exact	-	2.60	76	76
RAHKIV_comp_0	success	UFF_1	byte_exact	-	byte_exact	-	10.21	97	97
RAHREX_comp_0	success	UFF_1	byte_exact	-	byte_exact	-	2.82	90	90
RAJBEK_comp_0	success	UFF_1	byte_exact	-	byte_exact	-	3.57	106	106
RAJHIU_comp_0	success	UFF_1	byte_exact	-	byte_exact	-	3.09	74	74
RAJNIC_comp_0	failed	-	hard_fail	-	hard_fail	-	171.56	172	0
RAJNUM_comp_0	success	UFF_1	byte_exact	-	byte_exact	-	2.04	71	71
RAJYIM_comp_0	success	UFF_1	byte_exact	-	byte_exact	-	3.07	128	128
RAJYUY_comp_0	success	UFF_1	byte_exact	-	byte_exact	-	3.13	110	110
RAKNOH_comp_0	success	UFF_1	byte_exact	-	byte_exact	-	5.23	132	132
RALYOU_comp_0	success	UFF_1	byte_exact	-	byte_exact	-	2.44	106	106
RAMDIU_comp_0	success	UFF_1	byte_exact	-	byte_exact	-	2.00	68	68
RAMHUL_comp_0	success	UFF_1	byte_exact	-	byte_exact	-	20.28	166	166
RAMLAT_comp_0	success	UFF_1	byte_exact	-	byte_exact	-	7.57	96	96
RAMLEX_comp_0	success	UFF_1	byte_exact	-	byte_exact	-	6.51	102	102
RAMPOM_comp_0	success	UFF_1	byte_exact	-	byte_exact	-	4.93	97	97
RANBIT_comp_0	success	UFF_1	key_equal	slot_renumber	key_equal	slot_renumber	32.72	124	124
RANDAO_comp_0	success	UFF_1	byte_exact	-	byte_exact	-	38.37	148	148
RANHIZ_comp_0	success	UFF_1	byte_exact	-	byte_exact	-	2.22	88	88
RANRAB_comp_0	success	UFF_1	key_equal	slot_renumber	key_equal	slot_renumber	2.86	92	92
RAPKOK_comp_0	success	UFF_1	byte_exact	-	byte_exact	-	3.37	95	95
RAPLAX_comp_0	success	UFF_1	byte_exact	-	byte_exact	-	5.99	96	96
RAPMIG_comp_0	success	UFF_1	structural	-	byte_exact	-	22.80	102	108
RAPQEG_comp_0	success	UFF_1	byte_exact	-	key_equal	rdkit_canonical	1.98	75	75
RAPRAD_comp_0	success	UFF_1	byte_exact	-	byte_exact	-	2.49	78	78
RAPTUX_comp_0	success	UFF_1	byte_exact	-	byte_exact	-	2.90	101	101
RAQKIE_comp_0	success	UFF_1	byte_exact	-	byte_exact	-	1.92	76	76
RARFEV_comp_0	success	UFF_1	byte_exact	-	byte_exact	-	8.84	81	81
RARJEA_comp_0	success	UFF_1	key_equal	slot_renumber	key_equal	slot_renumber	5.34	91	91
RATJII_comp_0	success	UFF_1	byte_exact	-	byte_exact	-	5.25	98	98
RATROV_comp_0	success	UFF_1	structural	-	byte_exact	-	29.00	94	102
RATVIS_comp_0	success	UFF_1	byte_exact	-	byte_exact	-	1.74	58	58
RATXOZ_comp_0	failed	-	hard_fail	-	hard_fail	-	300.21	112	0
RAVROY_comp_0	success	UFF_1	byte_exact	-	byte_exact	-	10.82	122	122
RAWCEY_comp_0	success	UFF_1	key_equal	slot_renumber	key_equal	slot_renumber	5.85	126	126
RAWDEZ_comp_0	success	UFF_1	byte_exact	-	byte_exact	-	6.64	99	99
RAWJEG_comp_0	success	UFF_1	byte_exact	-	byte_exact	-	1.98	106	106
RAXDUR_comp_0	success	UFF_1	byte_exact	-	byte_exact	-	1.43	56	56
RAXJEH_comp_0	failed	-	hard_fail	-	hard_fail	-	300.18	130	0
RAXVAN_comp_0	success	UFF_1	structural	-	byte_exact	-	19.92	103	75
RAYCEC_comp_0	failed	-	hard_fail	-	hard_fail	-	300.47	168	0
RAYSOC_comp_0	success	UFF_1	byte_exact	-	byte_exact	-	3.33	112	112
RAYVEV_comp_0	success	UFF_1	byte_exact	-	byte_exact	-	2.77	106	106
RAZLOW_comp_0	success	UFF_1	byte_exact	-	byte_exact	-	7.80	117	117
RECGEO_comp_0	success	UFF_1	byte_exact	-	byte_exact	-	4.58	82	82
RECKAN_comp_0	success	UFF_1	key_equal	slot_renumber	byte_exact	-	5.25	97	97
RECKUH_comp_0	success	UFF_1	structural	-	byte_exact	-	18.84	75	60
RECXUT_comp_0	success	UFF_1	byte_exact	-	byte_exact	-	2.33	99	99
REDKUI_comp_1	success	UFF_1	byte_exact	-	byte_exact	-	3.11	86	86
REDTOM_comp_0	success	UFF_1	byte_exact	-	byte_exact	-	1.29	44	44
REDXUW_comp_0	success	UFF_1	byte_exact	-	byte_exact	-	1.71	58	58
REFPOH_comp_0	success	g-xTB_1	key_equal	rdkit_canonical	key_equal	rdkit_canonical	120.05	81	91
REHPAY_comp_0	success	UFF_1	byte_exact	-	byte_exact	-	2.06	84	84
REJCEQ_comp_0	success	UFF_1	byte_exact	-	byte_exact	-	6.39	90	90
REKBEQ_comp_0	success	UFF_1	byte_exact	-	byte_exact	-	10.94	126	126
REKDAO_comp_0	success	UFF_1	key_equal	slot_renumber	key_equal	slot_renumber	11.83	110	110
REKFAQ_comp_0	success	UFF_1	structural	-	byte_exact	-	89.19	108	86
REMFIY_comp_0	success	UFF_1	byte_exact	-	byte_exact	-	2.25	68	68
REMMIH_comp_0	success	UFF_1	byte_exact	-	byte_exact	-	2.89	74	74
REMVIQ_comp_0	failed	-	hard_fail	-	hard_fail	-	319.63	110	101
REMYEQ_comp_0	success	UFF_1	byte_exact	-	byte_exact	-	1.92	85	85
RENCOD_comp_0	success	UFF_1	byte_exact	-	byte_exact	-	7.53	73	73
RENKIH_comp_0	success	UFF_1	byte_exact	-	byte_exact	-	8.24	141	141
REQSUD_comp_0	success	UFF_1	byte_exact	-	byte_exact	-	2.20	72	72
RERBEX_comp_0	success	UFF_1	byte_exact	-	byte_exact	-	2.96	63	63
RERCUP_comp_0	success	UFF_1	byte_exact	-	byte_exact	-	1.67	66	66
RERZEW_comp_0	success	UFF_1	byte_exact	-	byte_exact	-	2.90	81	81
RETHUW_comp_0	success	UFF_1	byte_exact	-	byte_exact	-	1.95	73	73
REVMEL_comp_0	success	UFF_1	structural	-	byte_exact	-	103.89	155	163
REVRAN_comp_0	success	UFF_1	byte_exact	-	byte_exact	-	5.14	152	152
REVTUH_comp_0	success	UFF_1	byte_exact	-	byte_exact	-	2.34	85	85
REVVET_comp_0	success	UFF_1	byte_exact	-	byte_exact	-	2.21	91	91
REWWEX_comp_0	success	UFF_1	byte_exact	-	byte_exact	-	37.20	120	120
REYVOH_comp_0	success	UFF_1	byte_exact	-	byte_exact	-	1.76	70	70
RIBZAG_comp_0	success	UFF_1	byte_exact	-	byte_exact	-	4.96	130	130
RICGIV_comp_1	success	UFF_1	byte_exact	-	byte_exact	-	2.13	85	85
RICPOK_comp_0	success	UFF_1	byte_exact	-	byte_exact	-	4.05	113	113
RIFBUD_comp_0	success	UFF_1	byte_exact	-	byte_exact	-	2.61	106	106
RIFKID_comp_0	success	UFF_1	byte_exact	-	byte_exact	-	1.81	59	59
RIFPIF_comp_0	success	UFF_1	byte_exact	-	byte_exact	-	2.88	90	90
RIFPOO_comp_0	success	UFF_1	structural	-	byte_exact	-	29.85	108	79
RIFTIL_comp_0	success	UFF_1	byte_exact	-	byte_exact	-	2.46	77	77
RIFVEJ_comp_0	success	UFF_1	byte_exact	-	byte_exact	-	4.51	71	71
RIFWEL_comp_0	success	UFF_1	byte_exact	-	byte_exact	-	4.04	88	88
RIFXEL_comp_0	success	UFF_1	key_equal	rdkit_canonical	byte_exact	-	13.78	111	102
RIGCIV_comp_0	success	UFF_1	byte_exact	-	byte_exact	-	1.79	59	59
RIGHOF_comp_0	success	UFF_1	structural	-	byte_exact	-	15.62	95	58
RIHXOV_comp_0	success	UFF_1	structural	-	byte_exact	-	78.28	115	108
RIJJUR_comp_0	success	UFF_1	structural	-	byte_exact	-	18.41	104	107
RIJLON_comp_0	success	UFF_1	byte_exact	-	byte_exact	-	3.17	91	91
RILBOG_comp_0	success	UFF_1	structural	-	byte_exact	-	39.30	92	64
RILGAW_comp_0	success	UFF_1	structural	-	byte_exact	-	51.73	129	135
RILGIE_comp_0	success	UFF_1	key_equal	slot_renumber	byte_exact	-	11.59	123	123
RILKOM_comp_0	success	UFF_1	byte_exact	-	byte_exact	-	2.43	99	99
RINLAD_comp_0	success	UFF_1	byte_exact	-	byte_exact	-	3.20	96	96
RIPDEA_comp_0	success	UFF_1	hard_fail	-	key_equal	slot_renumber	61.84	95	0
RIPWAR_comp_0	success	UFF_1	byte_exact	-	byte_exact	-	1.42	46	46
RIQFIH_comp_0	success	UFF_1	byte_exact	-	byte_exact	-	26.71	102	102
RIQNUC_comp_0	success	UFF_1	structural	-	byte_exact	-	34.81	102	59
RIRKOV_comp_0	success	UFF_1	structural	-	key_equal	rdkit_canonical	167.03	105	114
RIRYOJ_comp_0	failed	-	hard_fail	-	hard_fail	-	407.18	94	82
RISKUC_comp_0	success	UFF_1	byte_exact	-	byte_exact	-	2.72	94	94
RISLIR_comp_0	success	UFF_1	byte_exact	-	byte_exact	-	2.76	94	94
RISZIF_comp_0	success	UFF_1	byte_exact	-	byte_exact	-	2.10	77	77
RISZUO_comp_0	success	UFF_1	byte_exact	-	byte_exact	-	8.56	86	86
RITJAH_comp_0	success	UFF_1	byte_exact	-	byte_exact	-	5.61	78	78
RITRIY_comp_0	success	UFF_1	byte_exact	-	byte_exact	-	11.87	101	101
RITRUJ_comp_0	success	UFF_1	byte_exact	-	byte_exact	-	7.24	101	101
RITVEX_comp_0	success	UFF_1	byte_exact	-	byte_exact	-	2.09	71	71
RIVNUG_comp_0	success	UFF_1	structural	-	byte_exact	-	81.11	98	95
RIVNUH_comp_0	success	UFF_1	byte_exact	-	byte_exact	-	1.82	52	52
RIVPAP_comp_0	success	UFF_1	byte_exact	-	byte_exact	-	2.28	69	69
RIWKEO_comp_0	failed	-	hard_fail	-	hard_fail	-	300.25	181	0
RIXBAD_comp_0	success	UFF_1	byte_exact	-	byte_exact	-	3.13	93	93
RIXROH_comp_0	success	UFF_1	structural	-	byte_exact	-	18.43	75	59
RIXSAU_comp_1	failed	-	hard_fail	-	hard_fail	-	300.12	154	0
RIXVAX_comp_0	success	UFF_1	structural	-	key_equal	slot_renumber	79.92	137	121
RIYHEM_comp_0	success	UFF_1	key_equal	rdkit_canonical	byte_exact	-	4.71	95	80
RIYYUW_comp_0	success	UFF_1	byte_exact	-	byte_exact	-	5.78	148	148
ROBFAR_comp_1	success	UFF_1	byte_exact	-	byte_exact	-	3.17	79	79
ROBWOW_comp_0	success	UFF_1	byte_exact	-	byte_exact	-	4.69	76	76
ROCDUK_comp_0	success	UFF_1	byte_exact	-	byte_exact	-	6.09	94	94
ROCWAK_comp_0	success	UFF_1	structural	-	byte_exact	-	8.39	77	77
ROCZAN_comp_0	success	UFF_1	structural	-	byte_exact	-	29.12	128	122
RODDAS_comp_0	success	UFF_1	byte_exact	-	byte_exact	-	2.56	113	113
ROFKOP_comp_1	success	UFF_1	byte_exact	-	byte_exact	-	1.96	72	72
ROGYES_comp_0	success	UFF_1	structural	-	key_equal	slot_renumber	31.82	80	55
ROGZOF_comp_0	success	UFF_1	byte_exact	-	byte_exact	-	2.29	98	98
ROHBIC_comp_0	success	UFF_1	byte_exact	-	byte_exact	-	4.77	94	94
ROHCOI_comp_0	success	UFF_1	byte_exact	-	byte_exact	-	1.27	34	34
ROHDID_comp_0	success	UFF_1	byte_exact	-	byte_exact	-	1.58	66	66
ROHFAX_comp_0	success	UFF_1	byte_exact	-	byte_exact	-	13.03	88	88
ROHFEB_comp_0	success	UFF_1	byte_exact	-	byte_exact	-	4.21	95	95
ROHGIG_comp_1	success	UFF_1	byte_exact	-	byte_exact	-	2.79	66	66
ROHMIM_comp_0	success	UFF_1	byte_exact	-	byte_exact	-	49.41	134	134
ROHNOS_comp_0	success	UFF_1	byte_exact	-	byte_exact	-	4.18	104	104
ROHZEV_comp_0	success	UFF_1	structural	-	byte_exact	-	51.31	77	67
ROJKOQ_comp_0	success	UFF_1	byte_exact	-	byte_exact	-	4.24	96	96
ROLPOY_comp_0	success	UFF_1	byte_exact	-	byte_exact	-	2.36	82	82
ROLSET_comp_0	success	UFF_1	structural	-	byte_exact	-	35.23	102	103
ROLYIB_comp_0	failed	-	hard_fail	-	hard_fail	-	300.51	101	0
ROMHUZ_comp_0	success	UFF_1	byte_exact	-	byte_exact	-	3.33	120	120
ROMSER_comp_0	failed	-	hard_fail	-	hard_fail	-	648.80	110	100
RONHEK_comp_0	success	UFF_1	byte_exact	-	byte_exact	-	1.44	71	71
RONHIO_comp_0	success	UFF_1	byte_exact	-	byte_exact	-	2.05	79	79
RONNOA_comp_0	failed	-	hard_fail	-	hard_fail	-	300.38	279	0
RONQET_comp_0	failed	-	hard_fail	-	hard_fail	-	300.35	282	0
RONQOD_comp_0	failed	-	hard_fail	-	hard_fail	-	64.74	291	0
ROPVID_comp_0	success	UFF_1	byte_exact	-	byte_exact	-	2.02	71	71
ROSLOC_comp_0	success	UFF_1	byte_exact	-	byte_exact	-	2.34	95	95
ROWLAS_comp_0	success	UFF_1	byte_exact	-	byte_exact	-	3.75	109	109
ROWPAW_comp_0	success	UFF_1	byte_exact	-	byte_exact	-	2.57	117	117
ROWPOK_comp_0	success	UFF_1	byte_exact	-	byte_exact	-	10.37	122	122
ROWQAX_comp_0	success	UFF_1	byte_exact	-	byte_exact	-	2.13	107	107
ROZNIE_comp_0	success	UFF_1	structural	-	byte_exact	-	19.70	97	66
RUBLOQ_comp_0	success	UFF_1	byte_exact	-	byte_exact	-	2.28	110	110
RUBPAH_comp_0	success	UFF_1	byte_exact	-	byte_exact	-	11.64	94	94
RUGBAW_comp_0	success	UFF_1	byte_exact	-	byte_exact	-	3.91	105	105
RUHNEP_comp_0	success	UFF_1	byte_exact	-	byte_exact	-	2.76	91	91
RUJZAZ_comp_0	success	UFF_1	byte_exact	-	byte_exact	-	5.54	146	146
RUKTIA_comp_0	success	UFF_1	byte_exact	-	byte_exact	-	2.84	100	100
RUKVAU_comp_0	success	UFF_1	structural	-	byte_exact	-	64.22	146	105
RUKWOL_comp_0	failed	-	hard_fail	-	hard_fail	-	67.41	106	0
RULKOZ_comp_0	success	UFF_1	byte_exact	-	byte_exact	-	2.35	63	63
RULMOA_comp_2	failed	-	hard_fail	-	hard_fail	-	0.88	160	0
RULWEB_comp_0	success	UFF_1	structural	-	key_equal	slot_renumber	10.78	88	83
RUPHAL_comp_0	success	UFF_1	byte_exact	-	byte_exact	-	1.95	75	75
RUPWEF_comp_0	success	UFF_1	byte_exact	-	byte_exact	-	1.38	80	80
RUQKAQ_comp_0	success	UFF_1	key_equal	slot_renumber	key_equal	slot_renumber	2.95	111	111
RUQMAS_comp_0	success	UFF_1	byte_exact	-	byte_exact	-	2.59	83	83
RUQMEW_comp_0	success	UFF_1	byte_exact	-	byte_exact	-	1.54	52	52
RURHUH_comp_0	success	UFF_1	structural	-	byte_exact	-	28.75	146	80
RURMUO_comp_0	success	UFF_1	key_equal	slot_renumber	key_equal	slot_renumber	8.04	90	90
RURTAA_comp_0	success	UFF_1	key_equal	slot_renumber	key_equal	slot_renumber	7.70	96	96
RURTII_comp_0	success	UFF_1	byte_exact	-	byte_exact	-	2.60	117	117
RUSKOG_comp_0	success	UFF_1	byte_exact	-	byte_exact	-	7.95	96	96
RUSKOH_comp_0	success	UFF_1	byte_exact	-	byte_exact	-	2.82	106	106
RUSLIC_comp_0	success	UFF_1	structural	-	byte_exact	-	32.05	90	65
RUWNEE_comp_0	success	UFF_1	byte_exact	-	byte_exact	-	3.64	133	133
RUXDUK_comp_0	success	UFF_1	byte_exact	-	byte_exact	-	2.35	72	72
RUYDUM_comp_0	success	UFF_1	structural	-	byte_exact	-	45.75	121	84
RUYFOI_comp_0	success	UFF_1	byte_exact	-	byte_exact	-	11.18	107	107
RUZNUW_comp_0	success	UFF_1	key_equal	rdkit_canonical	byte_exact	-	2.35	95	86
RUZYAO_comp_0	success	UFF_1	byte_exact	-	byte_exact	-	3.20	64	64
SABDAB_comp_0	success	UFF_1	structural	-	byte_exact	-	248.68	117	121
SACJIS_comp_0	success	UFF_1	byte_exact	-	byte_exact	-	3.94	111	111
SADKAM_comp_0	success	UFF_1	byte_exact	-	byte_exact	-	1.24	40	40
SADMOC_comp_0	success	UFF_1	structural	-	byte_exact	-	58.03	87	71
SADNIX_comp_0	success	UFF_1	byte_exact	-	byte_exact	-	3.14	126	126
SADQET_comp_0	success	UFF_1	byte_exact	-	byte_exact	-	20.58	135	135
SADVID_comp_0	success	UFF_1	byte_exact	-	byte_exact	-	62.22	104	104
SADXEC_comp_0	success	UFF_1	byte_exact	-	byte_exact	-	18.05	106	106
SAFHOY_comp_0	success	UFF_1	structural	-	byte_exact	-	11.43	62	70
SAGBEK_comp_0	success	UFF_1	byte_exact	-	byte_exact	-	2.35	89	89
SAHBIP_comp_0	success	UFF_1	byte_exact	-	byte_exact	-	2.03	86	86
SAHHIT_comp_0	success	UFF_1	byte_exact	-	byte_exact	-	9.75	138	138
SAJDUF_comp_0	success	UFF_1	byte_exact	-	byte_exact	-	3.64	76	76
SAJVEF_comp_0	success	UFF_1	byte_exact	-	byte_exact	-	3.77	80	80
SAKLOI_comp_0	success	UFF_1	structural	-	byte_exact	-	32.60	67	70
SALVAD_comp_0	success	UFF_1	byte_exact	-	byte_exact	-	1.43	56	56
SANNIE_comp_0	success	UFF_1	structural	-	byte_exact	-	9.62	76	51
SAPPUU_comp_0	success	UFF_1	byte_exact	-	byte_exact	-	3.82	118	118
SAQJEC_comp_0	success	UFF_1	byte_exact	-	byte_exact	-	2.48	94	94
SAQLEE_comp_0	success	UFF_1	byte_exact	-	byte_exact	-	2.63	88	88
SAQXEO_comp_0	success	UFF_1	byte_exact	-	byte_exact	-	1.33	74	74
SARFAU_comp_0	success	UFF_1	byte_exact	-	byte_exact	-	2.46	84	84
SARFEZ_comp_0	success	UFF_1	byte_exact	-	byte_exact	-	5.13	109	109
SARFOJ_comp_0	success	UFF_1	byte_exact	-	byte_exact	-	11.48	90	90
SARKEC_comp_0	success	UFF_1	key_equal	rdkit_canonical	byte_exact	-	6.19	123	116
SARSUB_comp_0	success	UFF_1	byte_exact	-	byte_exact	-	3.04	93	93
SASBAS_comp_0	success	UFF_1	byte_exact	-	byte_exact	-	3.04	100	100
SASBEW_comp_0	success	UFF_1	byte_exact	-	byte_exact	-	2.77	100	100
SASRIP_comp_0	success	UFF_1	byte_exact	-	byte_exact	-	1.99	80	80
SASRIQ_comp_0	success	UFF_1	byte_exact	-	byte_exact	-	1.34	56	56
SASSUB_comp_0	success	UFF_1	key_equal	slot_renumber	key_equal	slot_renumber	64.89	97	97
SASWOB_comp_0	success	UFF_1	byte_exact	-	byte_exact	-	2.98	116	116
SASZIX_comp_0	success	UFF_1	byte_exact	-	byte_exact	-	3.31	118	118
SATGEC_comp_0	success	UFF_1	byte_exact	-	byte_exact	-	1.81	67	67
SATGIG_comp_0	success	UFF_1	byte_exact	-	byte_exact	-	3.67	76	76
SATGOM_comp_0	success	UFF_1	byte_exact	-	byte_exact	-	1.45	56	56
SATGUS_comp_0	success	UFF_1	byte_exact	-	byte_exact	-	1.92	64	64
SAVCUP_comp_0	success	UFF_1	key_equal	slot_renumber	key_equal	slot_renumber	28.26	140	140
SAVQIQ_comp_0	success	UFF_1	byte_exact	-	byte_exact	-	2.22	81	81
SAVREP_comp_1	success	UFF_1	byte_exact	-	byte_exact	-	2.42	86	86
SAWHUU_comp_0	success	UFF_1	byte_exact	-	byte_exact	-	3.08	83	83
SAXGUU_comp_0	success	UFF_1	byte_exact	-	byte_exact	-	4.08	76	76
SAYZOI_comp_0	success	UFF_1	byte_exact	-	byte_exact	-	2.11	73	73
SAZWOI_comp_1	success	UFF_1	byte_exact	-	byte_exact	-	4.18	133	133
SEBPUL_comp_1	failed	-	byte_exact	-	structural	-	437.63	77	77
SEBZOR_comp_0	success	UFF_1	byte_exact	-	byte_exact	-	4.48	84	84
SECKUH_comp_0	success	UFF_1	byte_exact	-	byte_exact	-	1.92	103	103
SECSOJ_comp_0	success	UFF_1	structural	-	byte_exact	-	109.88	102	108
SEFDEO_comp_0	success	UFF_1	byte_exact	-	byte_exact	-	2.54	108	108
SEFDIS_comp_0	success	UFF_1	byte_exact	-	byte_exact	-	2.41	109	109
SEGXAG_comp_0	success	UFF_1	byte_exact	-	byte_exact	-	1.44	62	62
SEHPIG_comp_0	success	UFF_1	byte_exact	-	byte_exact	-	4.50	82	82
SEHPOM_comp_0	success	UFF_1	byte_exact	-	byte_exact	-	8.52	96	96
SEHQED_comp_0	success	UFF_1	key_equal	slot_renumber	key_equal	slot_renumber	30.12	101	101
SEJMIF_comp_0	success	UFF_1	byte_exact	-	byte_exact	-	3.41	97	97
SEJXIQ_comp_0	success	UFF_1	byte_exact	-	byte_exact	-	5.29	67	67
SEKCIW_comp_0	success	UFF_1	byte_exact	-	byte_exact	-	2.29	77	77
SEKPUV_comp_0	success	UFF_1	byte_exact	-	byte_exact	-	8.67	137	137
SEKRUV_comp_0	success	UFF_1	byte_exact	-	byte_exact	-	1.59	62	62
SEMNIK_comp_0	success	UFF_1	byte_exact	-	byte_exact	-	3.08	86	86
SEMPEF_comp_0	failed	-	hard_fail	-	hard_fail	-	358.05	123	119
SEMPIJ_comp_0	success	UFF_1	structural	-	byte_exact	-	68.36	122	113
SEMPOP_comp_0	failed	-	hard_fail	-	hard_fail	-	367.58	159	121
SEMVUD_comp_0	failed	-	hard_fail	-	hard_fail	-	178.99	156	0
SENLAB_comp_0	success	UFF_1	byte_exact	-	byte_exact	-	7.36	98	98
SENWAK_comp_0	success	UFF_1	byte_exact	-	byte_exact	-	2.32	157	157
SEQFOM_comp_0	success	UFF_1	byte_exact	-	byte_exact	-	1.70	69	69
SEQKOQ_comp_0	success	UFF_1	byte_exact	-	byte_exact	-	2.54	93	93
SEQPAG_comp_0	success	UFF_1	byte_exact	-	byte_exact	-	10.36	106	106
SEQPIO_comp_0	success	UFF_1	key_equal	slot_renumber	key_equal	slot_renumber	2.82	95	95
SEQVEP_comp_0	failed	-	hard_fail	-	hard_fail	-	318.70	102	87
SERCOI_comp_0	failed	-	hard_fail	-	hard_fail	-	300.52	159	0
SERSIT_comp_0	success	UFF_1	byte_exact	-	byte_exact	-	2.66	59	59
SETXAR_comp_0	success	UFF_1	byte_exact	-	byte_exact	-	1.81	66	66
SEVCUS_comp_0	success	UFF_1	byte_exact	-	byte_exact	-	1.97	73	73
SEWNOY_comp_0	success	UFF_1	byte_exact	-	byte_exact	-	4.28	93	93
SEWZOM_comp_0	success	UFF_1	byte_exact	-	byte_exact	-	4.67	94	94
SEWZUS_comp_0	success	UFF_1	byte_exact	-	byte_exact	-	2.71	94	94
SEYCIK_comp_0	success	UFF_1	byte_exact	-	byte_exact	-	15.77	102	102
SEYYED_comp_0	success	UFF_1	byte_exact	-	byte_exact	-	13.38	169	169
SEZWUQ_comp_0	success	UFF_1	byte_exact	-	byte_exact	-	13.03	109	109
SIBRIG_comp_0	success	UFF_1	byte_exact	-	byte_exact	-	3.03	73	73
SIBTOO_comp_0	success	UFF_1	byte_exact	-	byte_exact	-	4.73	93	93
SIBXOS_comp_0	success	UFF_1	byte_exact	-	byte_exact	-	3.62	102	102
SICKUM_comp_0	success	UFF_1	byte_exact	-	byte_exact	-	1.94	75	75
SICLOH_comp_0	success	UFF_1	key_equal	slot_renumber	key_equal	slot_renumber	8.73	110	110
SICNIC_comp_0	failed	-	hard_fail	-	hard_fail	-	383.25	129	142
SICSED_comp_0	success	UFF_1	byte_exact	-	byte_exact	-	1.83	65	65
SICSON_comp_0	success	UFF_1	byte_exact	-	byte_exact	-	1.67	65	65
SICWOR_comp_0	success	UFF_1	byte_exact	-	byte_exact	-	4.78	90	90
SIDNOK_comp_0	success	UFF_1	byte_exact	-	byte_exact	-	4.13	66	66
SIDNUQ_comp_0	success	UFF_1	key_equal	slot_renumber	key_equal	slot_renumber	4.01	66	66
SIGDIX_comp_0	success	UFF_1	byte_exact	-	byte_exact	-	3.62	123	123
SIGLOM_comp_0	success	UFF_1	byte_exact	-	byte_exact	-	2.80	82	82
SIGMOM_comp_0	success	UFF_1	byte_exact	-	byte_exact	-	1.52	55	55
SIGSOS_comp_0	success	UFF_1	byte_exact	-	byte_exact	-	4.06	131	131
SIGTAG_comp_0	success	UFF_1	byte_exact	-	byte_exact	-	2.68	97	97
SIGYAL_comp_0	failed	-	hard_fail	-	hard_fail	-	300.23	135	0
SIGZOZ_comp_0	success	UFF_1	byte_exact	-	byte_exact	-	4.00	93	93
SIHBES_comp_0	success	UFF_1	byte_exact	-	byte_exact	-	4.12	91	91
SIHLAY_comp_0	success	UFF_1	byte_exact	-	byte_exact	-	7.76	171	171
SIHRIM_comp_0	success	UFF_1	key_equal	slot_renumber	key_equal	slot_renumber	1.81	66	66
SIJROU_comp_0	success	UFF_1	structural	-	byte_exact	-	16.38	80	66
SILCEY_comp_0	success	UFF_1	byte_exact	-	byte_exact	-	2.35	102	102
SILLAD_comp_0	success	UFF_1	byte_exact	-	byte_exact	-	2.14	84	84
SILLIL_comp_0	success	UFF_1	byte_exact	-	byte_exact	-	2.60	90	90
SIMDEA_comp_0	success	UFF_1	byte_exact	-	byte_exact	-	10.88	149	149
SIMKAD_comp_0	success	UFF_1	byte_exact	-	byte_exact	-	1.69	66	66
SIMLEH_comp_0	success	UFF_1	byte_exact	-	byte_exact	-	2.70	87	87
SIMNOT_comp_0	success	UFF_1	byte_exact	-	byte_exact	-	6.20	91	91
SINCAW_comp_0	success	UFF_1	byte_exact	-	byte_exact	-	4.67	110	110
SINFUQ_comp_0	success	UFF_1	byte_exact	-	byte_exact	-	2.98	66	66
SINLOQ_comp_0	success	UFF_1	byte_exact	-	byte_exact	-	10.96	82	82
SIPFIG_comp_0	success	UFF_1	byte_exact	-	byte_exact	-	2.59	80	80
SIPPOW_comp_0	success	UFF_1	byte_exact	-	byte_exact	-	3.89	58	58
SIPQEN_comp_0	success	UFF_1	byte_exact	-	byte_exact	-	2.13	67	67
SIQHAE_comp_0	success	UFF_1	byte_exact	-	byte_exact	-	2.05	71	71
SIQHUW_comp_0	success	UFF_1	byte_exact	-	byte_exact	-	2.09	81	81
SIQNAK_comp_0	success	UFF_1	byte_exact	-	byte_exact	-	2.07	76	76
SIRZUP_comp_0	success	UFF_1	byte_exact	-	byte_exact	-	14.24	116	116
SISBIG_comp_0	success	UFF_1	key_equal	slot_renumber	byte_exact	-	5.67	121	121
SISBOM_comp_0	success	UFF_1	key_equal	slot_renumber	byte_exact	-	6.08	132	132
SITHOU_comp_0	success	UFF_1	key_equal	slot_renumber	key_equal	slot_renumber	3.43	74	74
SITHUA_comp_0	success	UFF_1	key_equal	slot_renumber	key_equal	slot_renumber	3.23	73	73
SITTIZ_comp_0	success	UFF_1	byte_exact	-	byte_exact	-	2.21	80	80
SIVCEF_comp_0	success	UFF_1	byte_exact	-	byte_exact	-	1.79	56	56
SIVJOZ_comp_0	success	UFF_1	byte_exact	-	byte_exact	-	2.38	91	91
SIVLUF_comp_0	success	UFF_1	byte_exact	-	byte_exact	-	3.20	118	118
SIVMAM_comp_0	success	UFF_1	byte_exact	-	byte_exact	-	4.38	144	144
SIVSIA_comp_0	success	UFF_1	byte_exact	-	byte_exact	-	2.57	72	72
SIWJIS_comp_0	success	UFF_1	byte_exact	-	byte_exact	-	8.71	127	127
SIWRAS_comp_0	success	UFF_1	byte_exact	-	byte_exact	-	2.27	111	111
SIWXUT_comp_0	success	UFF_1	byte_exact	-	byte_exact	-	9.57	98	98
SIXCAG_comp_0	success	UFF_1	byte_exact	-	byte_exact	-	2.25	71	71
SIXCOU_comp_0	success	UFF_1	byte_exact	-	byte_exact	-	1.92	63	63
SIXROJ_comp_0	success	UFF_1	key_equal	slot_renumber	key_equal	slot_renumber	6.66	117	117
SIYKEQ_comp_0	success	UFF_1	byte_exact	-	byte_exact	-	4.01	66	66
SIYMAQ_comp_0	success	UFF_1	byte_exact	-	byte_exact	-	2.83	81	81
SIYMEU_comp_0	success	UFF_1	byte_exact	-	byte_exact	-	3.67	89	89
SIYQEY_comp_0	success	UFF_1	byte_exact	-	byte_exact	-	1.97	83	83
SIYQOJ_comp_0	success	UFF_1	byte_exact	-	byte_exact	-	1.46	56	56
SIYQUP_comp_0	success	UFF_1	byte_exact	-	byte_exact	-	1.35	56	56
SIZWUV_comp_0	success	UFF_1	byte_exact	-	byte_exact	-	5.62	103	103
SOBKEB_comp_0	success	UFF_1	byte_exact	-	byte_exact	-	2.11	74	74
SOBPAC_comp_0	success	UFF_1	byte_exact	-	byte_exact	-	2.62	65	65
SOBPEG_comp_0	success	UFF_1	byte_exact	-	byte_exact	-	2.69	65	65
SOBPOQ_comp_0	success	UFF_1	byte_exact	-	byte_exact	-	2.70	65	65
SOCJUS_comp_0	success	UFF_1	byte_exact	-	byte_exact	-	1.72	57	57
SODFAV_comp_0	success	UFF_1	byte_exact	-	byte_exact	-	2.21	118	118
SODSIO_comp_0	success	UFF_1	byte_exact	-	byte_exact	-	7.50	75	75
SODYIU_comp_0	success	UFF_1	byte_exact	-	byte_exact	-	1.72	69	69
SODZAO_comp_0	success	UFF_1	byte_exact	-	byte_exact	-	3.76	138	138
SOFCAS_comp_0	success	UFF_1	byte_exact	-	byte_exact	-	3.59	126	126
SOFJAB_comp_0	success	UFF_1	byte_exact	-	byte_exact	-	4.23	113	113
SOHLUY_comp_0	success	UFF_1	byte_exact	-	byte_exact	-	1.77	58	58
SOHRAK_comp_0	success	UFF_1	byte_exact	-	byte_exact	-	1.70	68	68
SOJCAX_comp_0	success	UFF_1	byte_exact	-	byte_exact	-	46.93	139	139
SOJJEJ_comp_0	success	UFF_1	byte_exact	-	byte_exact	-	2.45	104	104
SOJZAT_comp_0	success	UFF_1	byte_exact	-	byte_exact	-	2.86	78	78
SOKQUE_comp_0	success	UFF_1	byte_exact	-	byte_exact	-	4.51	71	71
SOKROB_comp_0	success	UFF_1	structural	-	byte_exact	-	17.73	103	99
SOLYUP_comp_0	success	UFF_1	byte_exact	-	byte_exact	-	4.90	78	78
SOMDEG_comp_0	success	UFF_1	byte_exact	-	byte_exact	-	10.40	106	106
SOMKOX_comp_0	success	UFF_1	facmer_divergent	-	byte_exact	-	4.67	86	24
SOMKOX_comp_1	success	UFF_1	structural	-	byte_exact	-	4.74	57	60
SOMWOI_comp_0	success	UFF_1	structural	-	byte_exact	-	43.21	112	101
SOMYEZ_comp_0	success	UFF_1	byte_exact	-	byte_exact	-	5.67	63	63
SONBAZ_comp_0	success	UFF_1	byte_exact	-	byte_exact	-	1.61	61	61
SONLAJ_comp_0	success	UFF_1	byte_exact	-	byte_exact	-	3.74	121	121
SOPROE_comp_0	success	UFF_1	byte_exact	-	byte_exact	-	2.54	127	127
SOQHEL_comp_0	success	UFF_1	structural	-	byte_exact	-	140.25	159	128
SOQHIP_comp_0	success	UFF_1	structural	-	byte_exact	-	53.77	143	103
SOQKEQ_comp_0	failed	-	hard_fail	-	hard_fail	-	295.74	168	0
SOQKEQ_comp_1	success	UFF_1	byte_exact	-	byte_exact	-	1.12	44	44
SOQTUN_comp_0	success	UFF_1	byte_exact	-	byte_exact	-	6.22	78	78
SORHEN_comp_0	success	UFF_1	structural	-	byte_exact	-	14.79	62	69
SOSMAQ_comp_2	success	UFF_1	byte_exact	-	byte_exact	-	9.48	220	220
SOSNUM_comp_0	success	UFF_1	byte_exact	-	byte_exact	-	3.90	99	99
SOSPEW_comp_0	success	UFF_1	structural	-	byte_exact	-	48.59	103	72
SOSPIA_comp_1	success	UFF_1	byte_exact	-	byte_exact	-	12.47	130	130
SOSXOO_comp_0	success	UFF_1	byte_exact	-	byte_exact	-	2.46	108	108
SOVBEM_comp_0	success	UFF_1	byte_exact	-	byte_exact	-	4.13	122	122
SOVVUX_comp_0	success	UFF_1	byte_exact	-	byte_exact	-	2.85	116	116
SOVWAE_comp_0	success	UFF_1	byte_exact	-	byte_exact	-	5.92	112	112
SOWFEQ_comp_0	success	UFF_1	byte_exact	-	byte_exact	-	7.36	87	87
SOWNUQ_comp_0	success	UFF_1	structural	-	byte_exact	-	22.17	83	81
SOXBIT_comp_0	success	UFF_1	byte_exact	-	byte_exact	-	1.60	65	65
SOXCUF_comp_0	success	UFF_1	byte_exact	-	byte_exact	-	4.21	107	107
SOYKEZ_comp_0	success	UFF_1	byte_exact	-	byte_exact	-	2.07	53	53
SOYSOR_comp_0	success	UFF_1	byte_exact	-	byte_exact	-	10.65	96	96
SOYVUZ_comp_0	success	UFF_1	byte_exact	-	byte_exact	-	1.82	64	64
SUBPOU_comp_0	success	UFF_1	byte_exact	-	byte_exact	-	1.98	94	94
SUCNUB_comp_0	success	UFF_1	byte_exact	-	byte_exact	-	6.27	74	74
SUCNUB_comp_1	success	UFF_1	byte_exact	-	byte_exact	-	6.27	74	74
SUCVAP_comp_0	success	UFF_1	byte_exact	-	byte_exact	-	1.95	98	98
SUCVET_comp_0	success	UFF_1	byte_exact	-	byte_exact	-	2.69	104	104
SUDQEP_comp_0	success	UFF_1	key_equal	slot_renumber	key_equal	slot_renumber	9.64	97	97
SUGKEM_comp_0	success	UFF_1	byte_exact	-	byte_exact	-	1.59	70	70
SUGQOA_comp_0	failed	-	encode_fail	-	encode_fail	-	300.50	0	0
SUJCAD_comp_0	success	UFF_1	byte_exact	-	byte_exact	-	7.73	104	104
SUJDAC_comp_0	failed	-	hard_fail	-	hard_fail	-	340.83	107	69
SUJVAW_comp_0	success	UFF_1	byte_exact	-	byte_exact	-	8.01	66	66
SUKTAV_comp_1	success	UFF_1	byte_exact	-	byte_exact	-	3.71	87	87
SULFEK_comp_0	success	UFF_1	key_equal	rdkit_canonical	byte_exact	-	16.82	119	116
SUMQAT_comp_0	failed	-	hard_fail	-	hard_fail	-	445.29	96	90
SUMQOH_comp_0	success	UFF_1	byte_exact	-	byte_exact	-	5.73	140	140
SUMRAU_comp_0	success	UFF_1	byte_exact	-	byte_exact	-	3.84	112	112
SUNROK_comp_0	failed	-	hard_fail	-	hard_fail	-	338.55	139	159
SUNWEF_comp_0	success	UFF_1	byte_exact	-	byte_exact	-	3.54	99	99
SUPMAT_comp_0	success	UFF_1	byte_exact	-	byte_exact	-	4.61	110	110
SUQGER_comp_0	success	UFF_1	byte_exact	-	byte_exact	-	3.35	110	110
SUQSON_comp_0	success	UFF_1	byte_exact	-	byte_exact	-	1.75	63	63
SUQXAD_comp_0	success	UFF_1	structural	-	byte_exact	-	5.48	62	70
SUQZUB_comp_0	success	UFF_1	byte_exact	-	byte_exact	-	2.52	81	81
SURFEQ_comp_0	success	UFF_1	key_equal	slot_renumber	key_equal	slot_renumber	2.24	73	73
SURFIV_comp_0	success	UFF_1	byte_exact	-	byte_exact	-	4.26	111	111
SURFOB_comp_0	success	UFF_1	byte_exact	-	byte_exact	-	2.52	116	116
SURLEX_comp_0	success	UFF_1	byte_exact	-	byte_exact	-	11.20	103	103
SUSGOC_comp_0	success	UFF_1	structural	-	byte_exact	-	103.51	145	105
SUSLOJ_comp_0	success	UFF_1	byte_exact	-	byte_exact	-	4.72	114	114
SUVREH_comp_0	failed	-	hard_fail	-	hard_fail	-	322.88	115	112
SUWHEY_comp_0	success	UFF_1	byte_exact	-	byte_exact	-	16.64	149	149
SUWROS_comp_0	success	UFF_1	byte_exact	-	byte_exact	-	2.51	100	100
SUXJOM_comp_0	failed	-	hard_fail	-	hard_fail	-	326.59	134	119
SUXJUS_comp_0	failed	-	hard_fail	-	hard_fail	-	321.98	135	122
SUZGOL_comp_0	success	UFF_1	byte_exact	-	byte_exact	-	6.64	177	177
SUZTIS_comp_0	success	UFF_1	byte_exact	-	byte_exact	-	4.89	129	129
TABLEP_comp_0	success	UFF_1	byte_exact	-	byte_exact	-	3.57	86	86
TABSOF_comp_0	success	UFF_1	byte_exact	-	byte_exact	-	4.43	94	94
TACNOC_comp_0	success	UFF_1	byte_exact	-	byte_exact	-	2.92	115	115
TACVAV_comp_0	success	UFF_1	byte_exact	-	byte_exact	-	7.40	92	92
TADZIK_comp_0	success	UFF_1	byte_exact	-	byte_exact	-	9.60	97	97
TAFGUE_comp_0	success	UFF_1	byte_exact	-	byte_exact	-	5.35	78	78
TAHFUE_comp_0	success	UFF_1	key_equal	rdkit_canonical	key_equal	rdkit_canonical	202.94	169	169
TAHJUI_comp_0	success	UFF_1	byte_exact	-	byte_exact	-	20.10	154	154
TAHQID_comp_0	success	UFF_1	byte_exact	-	byte_exact	-	3.42	87	87
TAHRIF_comp_0	success	UFF_1	byte_exact	-	byte_exact	-	1.70	90	90
TAHWOQ_comp_0	success	UFF_1	byte_exact	-	byte_exact	-	6.41	70	70
TAHWUW_comp_0	success	UFF_1	byte_exact	-	byte_exact	-	5.98	82	82
TAHYOS_comp_0	success	UFF_1	byte_exact	-	byte_exact	-	1.50	70	70
TAJBEO_comp_0	success	UFF_1	byte_exact	-	byte_exact	-	2.71	86	86
TAJBUE_comp_0	success	UFF_1	byte_exact	-	byte_exact	-	3.06	87	87
TAJCEP_comp_0	success	UFF_1	byte_exact	-	byte_exact	-	22.69	142	142
TAJJUM_comp_0	success	UFF_1	byte_exact	-	byte_exact	-	3.11	83	83
TAJKAT_comp_0	success	UFF_1	byte_exact	-	byte_exact	-	2.82	104	104
TAJNUN_comp_0	success	UFF_1	byte_exact	-	byte_exact	-	1.47	68	68
TAJXOS_comp_0	success	UFF_1	byte_exact	-	byte_exact	-	9.96	111	111
TAKTUW_comp_0	success	UFF_1	key_equal	slot_renumber	byte_exact	-	3.34	91	91
TAKVUY_comp_0	success	UFF_1	byte_exact	-	key_equal	slot_renumber	3.74	103	103
TANROQ_comp_0	failed	-	hard_fail	-	hard_fail	-	300.23	125	0
TAPKIF_comp_0	success	UFF_1	byte_exact	-	byte_exact	-	1.44	46	46
TAPLIG_comp_0	success	UFF_1	byte_exact	-	byte_exact	-	3.76	112	112
TAPTEM_comp_0	success	UFF_1	byte_exact	-	byte_exact	-	13.87	145	145
TAQLUS_comp_0	success	UFF_1	key_equal	rdkit_canonical	byte_exact	-	1.32	91	67
TAQQIO_comp_0	success	UFF_1	byte_exact	-	byte_exact	-	5.23	164	164
TAQTUB_comp_0	success	UFF_1	byte_exact	-	byte_exact	-	3.59	54	54
TARQUZ_comp_0	success	UFF_1	byte_exact	-	byte_exact	-	2.32	114	114
TASBIB_comp_0	success	UFF_1	byte_exact	-	byte_exact	-	2.31	79	79
TASCUO_comp_0	success	UFF_1	byte_exact	-	byte_exact	-	4.08	85	85
TASVEQ_comp_0	success	UFF_1	byte_exact	-	byte_exact	-	5.67	110	110
TASVIU_comp_0	success	UFF_1	byte_exact	-	byte_exact	-	5.53	103	103
TATTAL_comp_0	success	UFF_1	byte_exact	-	byte_exact	-	6.88	62	62
TATWOD_comp_0	success	UFF_1	byte_exact	-	byte_exact	-	17.14	114	114
TAVROZ_comp_1	success	UFF_1	byte_exact	-	byte_exact	-	5.25	78	78
TAVYEU_comp_0	success	UFF_1	byte_exact	-	byte_exact	-	2.70	68	68
TAWMIQ_comp_0	success	UFF_1	byte_exact	-	byte_exact	-	4.40	80	80
TAWNEN_comp_0	success	UFF_1	byte_exact	-	byte_exact	-	1.15	39	39
TAWNIO_comp_0	success	UFF_1	byte_exact	-	byte_exact	-	1.51	74	74
TAWPEP_comp_0	success	UFF_1	byte_exact	-	byte_exact	-	1.80	75	75
TAWVIZ_comp_0	success	UFF_1	byte_exact	-	byte_exact	-	2.81	92	92
TAXBOM_comp_0	success	UFF_1	byte_exact	-	byte_exact	-	2.12	56	56
TAXSOC_comp_0	success	UFF_1	structural	-	byte_exact	-	14.48	94	66
TAYDUT_comp_0	success	UFF_1	byte_exact	-	byte_exact	-	3.30	132	132
TAYDUV_comp_0	success	UFF_1	key_equal	slot_renumber	key_equal	slot_renumber	2.72	78	78
TAZYUP_comp_0	success	UFF_1	byte_exact	-	byte_exact	-	1.37	46	46
TEBXED_comp_0	success	UFF_1	byte_exact	-	byte_exact	-	2.22	76	76
TEBXIH_comp_0	success	UFF_1	byte_exact	-	byte_exact	-	3.31	76	76
TECJUJ_comp_0	success	UFF_1	byte_exact	-	byte_exact	-	3.25	84	84
TECMAR_comp_0	success	UFF_1	byte_exact	-	byte_exact	-	2.08	70	70
TEDCOX_comp_0	success	UFF_1	byte_exact	-	byte_exact	-	3.52	95	95
TEFREE_comp_0	success	UFF_1	byte_exact	-	byte_exact	-	4.81	117	117
TEGFIX_comp_0	success	UFF_1	byte_exact	-	byte_exact	-	1.75	74	74
TEGKEX_comp_0	success	UFF_1	byte_exact	-	byte_exact	-	2.31	79	79
TEGKIA_comp_0	success	UFF_1	byte_exact	-	byte_exact	-	2.53	88	88
TEGVOR_comp_0	failed	-	hard_fail	-	hard_fail	-	300.20	136	0
TEGWOS_comp_0	failed	-	hard_fail	-	hard_fail	-	300.51	119	0
TEGXEJ_comp_0	success	UFF_1	structural	-	byte_exact	-	13.57	89	93
TEKJEB_comp_0	success	UFF_1	byte_exact	-	byte_exact	-	2.01	97	97
TEKQAE_comp_0	success	UFF_1	structural	-	byte_exact	-	25.55	96	59
TELSEL_comp_0	success	UFF_1	structural	-	byte_exact	-	27.19	103	78
TEMCIA_comp_0	success	UFF_1	byte_exact	-	byte_exact	-	2.18	70	70
TEMHAX_comp_0	success	UFF_1	byte_exact	-	byte_exact	-	7.11	75	75
TENWOB_comp_0	success	UFF_1	structural	-	byte_exact	-	20.64	80	80
TENWUH_comp_0	success	UFF_1	byte_exact	-	byte_exact	-	2.36	104	104
TEPBAT_comp_0	success	UFF_1	key_equal	slot_renumber	key_equal	slot_renumber	6.00	107	107
TEPBEX_comp_0	success	UFF_1	key_equal	slot_renumber	key_equal	slot_renumber	4.95	129	129
TEPGED_comp_0	failed	-	hard_fail	-	hard_fail	-	315.26	128	124
TEPYIY_comp_0	success	UFF_1	byte_exact	-	byte_exact	-	2.29	88	88
TEQGIH_comp_0	success	UFF_1	byte_exact	-	byte_exact	-	1.80	74	74
TEQHIG_comp_0	success	UFF_1	structural	-	key_equal	rdkit_canonical	131.94	102	66
TEQHOM_comp_0	failed	-	hard_fail	-	hard_fail	-	333.69	94	74
TERCOK_comp_0	success	UFF_1	byte_exact	-	byte_exact	-	1.77	53	53
TERDAX_comp_0	success	UFF_1	byte_exact	-	byte_exact	-	2.52	63	63
TERWAP_comp_0	success	UFF_1	byte_exact	-	byte_exact	-	2.15	100	100
TESCIE_comp_0	success	UFF_1	key_equal	slot_renumber	key_equal	slot_renumber	4.83	57	57
TETHEG_comp_0	success	UFF_1	byte_exact	-	byte_exact	-	3.77	67	67
TETNAK_comp_0	success	UFF_1	byte_exact	-	byte_exact	-	7.39	93	93
TETQAL_comp_0	success	UFF_1	structural	-	key_equal	slot_renumber	24.12	102	110
TEVCOO_comp_0	success	UFF_1	byte_exact	-	byte_exact	-	20.49	104	104
TEVDAB_comp_0	success	UFF_1	byte_exact	-	byte_exact	-	51.44	109	109
TEVSEV_comp_0	success	UFF_1	structural	-	byte_exact	-	71.21	122	104
TEWLEP_comp_0	success	UFF_1	byte_exact	-	byte_exact	-	5.07	84	84
TEWREU_comp_1	success	UFF_1	byte_exact	-	byte_exact	-	2.33	73	73
TEWXEZ_comp_0	success	UFF_1	byte_exact	-	byte_exact	-	9.52	102	102
TEWZOM_comp_0	success	UFF_1	byte_exact	-	byte_exact	-	2.21	80	80
TEXJIQ_comp_0	success	UFF_1	byte_exact	-	byte_exact	-	2.65	91	91
TEYCOQ_comp_0	failed	-	hard_fail	-	hard_fail	-	300.37	157	0
TEYSIA_comp_0	success	UFF_1	byte_exact	-	byte_exact	-	5.63	81	81
TEYSOG_comp_0	success	UFF_1	byte_exact	-	byte_exact	-	3.09	87	87
TEZSEY_comp_0	success	UFF_1	byte_exact	-	byte_exact	-	6.27	122	122
TEZTID_comp_0	success	UFF_1	byte_exact	-	byte_exact	-	2.79	121	121
TIBWAF_comp_0	success	UFF_1	byte_exact	-	byte_exact	-	3.26	75	75
TICNUP_comp_0	success	UFF_1	structural	-	byte_exact	-	7.69	68	69
TIDCUH_comp_0	success	UFF_1	byte_exact	-	byte_exact	-	10.80	88	88
TIDHUL_comp_0	success	UFF_1	byte_exact	-	byte_exact	-	3.95	78	78
TIFBUH_comp_0	success	UFF_1	byte_exact	-	byte_exact	-	1.85	74	74
TIFCIW_comp_0	success	UFF_1	byte_exact	-	byte_exact	-	1.83	74	74
TIFHAR_comp_0	success	UFF_1	key_equal	rdkit_canonical	key_equal	slot_renumber	28.19	171	159
TIFVAF_comp_0	success	UFF_1	byte_exact	-	byte_exact	-	1.84	66	66
TIHLIF_comp_0	success	UFF_1	byte_exact	-	byte_exact	-	8.30	125	125
TIHRIL_comp_0	success	UFF_1	byte_exact	-	byte_exact	-	6.13	91	91
TIHYIS_comp_0	success	UFF_1	byte_exact	-	byte_exact	-	2.21	82	82
TIJDOI_comp_0	success	UFF_1	byte_exact	-	byte_exact	-	10.14	65	65
TIJROT_comp_0	success	UFF_1	byte_exact	-	byte_exact	-	2.50	81	81
TIKRUC_comp_0	success	UFF_1	byte_exact	-	byte_exact	-	4.68	98	98
TIKVOB_comp_1	failed	-	hard_fail	-	hard_fail	-	300.10	188	0
TILGOM_comp_0	success	UFF_1	key_equal	slot_renumber	key_equal	slot_renumber	12.42	115	115
TILTAL_comp_0	success	UFF_1	byte_exact	-	byte_exact	-	2.85	91	91
TILXIX_comp_0	success	UFF_1	byte_exact	-	byte_exact	-	2.19	73	73
TIPDIG_comp_0	failed	-	hard_fail	-	hard_fail	-	300.49	145	0
TIQGUX_comp_0	success	UFF_1	byte_exact	-	byte_exact	-	1.60	63	63
TIQSEU_comp_0	success	UFF_1	byte_exact	-	byte_exact	-	11.62	97	97
TIQWUN_comp_0	success	UFF_1	key_equal	slot_renumber	key_equal	slot_renumber	7.04	109	109
TIRCAB_comp_0	success	UFF_1	byte_exact	-	byte_exact	-	4.42	117	117
TIRCOO_comp_0	success	UFF_1	byte_exact	-	byte_exact	-	2.42	94	94
TIRQIW_comp_0	success	UFF_1	byte_exact	-	byte_exact	-	11.51	101	101
TISDUX_comp_0	success	UFF_1	byte_exact	-	byte_exact	-	2.60	113	113
TITCEE_comp_0	success	UFF_1	byte_exact	-	byte_exact	-	2.59	73	73
TITFOT_comp_0	success	UFF_1	byte_exact	-	byte_exact	-	6.58	78	78
TITQAP_comp_0	success	UFF_1	byte_exact	-	byte_exact	-	7.77	116	116
TIVNAQ_comp_0	success	g-xTB_1	byte_exact	-	byte_exact	-	248.30	91	91
TIWHOX_comp_0	success	UFF_1	byte_exact	-	byte_exact	-	7.25	97	97
TIWJEQ_comp_0	success	UFF_1	byte_exact	-	byte_exact	-	4.04	130	130
TIWJIT_comp_0	success	UFF_1	byte_exact	-	byte_exact	-	6.96	100	100
TIWLIU_comp_0	success	UFF_1	byte_exact	-	byte_exact	-	2.32	85	85
TIXWEC_comp_0	success	UFF_1	structural	-	byte_exact	-	14.71	136	44
TIZLAQ_comp_0	success	UFF_1	structural	-	byte_exact	-	25.31	92	96
TIZLEU_comp_0	failed	-	hard_fail	-	hard_fail	-	350.82	101	97
TOBBIY_comp_0	success	UFF_1	byte_exact	-	byte_exact	-	1.64	65	65
TOCZES_comp_0	failed	-	structural	-	structural	-	384.39	134	140
TOFWES_comp_0	success	UFF_1	structural	-	byte_exact	-	14.09	91	101
TOFYAR_comp_0	success	UFF_1	byte_exact	-	byte_exact	-	1.67	70	70
TOGJOQ_comp_0	success	UFF_1	byte_exact	-	byte_exact	-	1.94	61	61
TOGKOR_comp_0	success	UFF_1	structural	-	byte_exact	-	89.17	135	116
TOGMOT_comp_0	success	UFF_1	key_equal	slot_renumber	byte_exact	-	8.02	125	125
TOHCAX_comp_0	success	UFF_1	structural	-	byte_exact	-	32.98	110	79
TOJHUW_comp_0	success	UFF_1	byte_exact	-	byte_exact	-	8.22	99	99
TOJJIM_comp_0	success	UFF_1	byte_exact	-	byte_exact	-	8.91	90	90
TOJMUB_comp_0	success	UFF_1	byte_exact	-	byte_exact	-	2.38	104	104
TOKDUU_comp_0	success	UFF_1	byte_exact	-	byte_exact	-	8.05	84	84
TOKGIK_comp_0	success	UFF_1	byte_exact	-	byte_exact	-	5.36	97	97
TOKHEI_comp_0	success	UFF_1	byte_exact	-	byte_exact	-	4.05	74	74
TOLJAF_comp_0	success	UFF_1	byte_exact	-	byte_exact	-	9.10	72	72
TOLREU_comp_0	success	UFF_1	byte_exact	-	byte_exact	-	7.93	146	146
TOMKAH_comp_0	success	UFF_1	byte_exact	-	byte_exact	-	8.49	105	105
TOMZON_comp_0	success	UFF_1	byte_exact	-	byte_exact	-	1.42	50	50
TONPAP_comp_1	success	UFF_1	byte_exact	-	byte_exact	-	1.37	24	24
TOQBEH_comp_0	success	UFF_1	byte_exact	-	byte_exact	-	5.97	75	75
TOQPEV_comp_0	success	UFF_1	byte_exact	-	byte_exact	-	1.85	68	68
TOQQEW_comp_0	success	UFF_1	byte_exact	-	byte_exact	-	1.92	59	59
TOQXEE_comp_0	success	UFF_1	key_equal	slot_renumber	key_equal	slot_renumber	3.64	78	78
TOQXUU_comp_0	failed	-	hard_fail	-	hard_fail	-	300.18	93	0
TORHUD_comp_0	success	UFF_1	key_equal	slot_renumber	key_equal	slot_renumber	28.65	95	95
TORJEP_comp_0	success	UFF_1	key_equal	slot_renumber	key_equal	slot_renumber	3.64	74	74
TORLAN_comp_0	success	UFF_1	key_equal	rdkit_canonical	byte_exact	-	12.67	103	85
TORXUT_comp_0	success	UFF_1	byte_exact	-	byte_exact	-	2.57	72	72
TOTQUQ_comp_0	success	UFF_1	byte_exact	-	byte_exact	-	1.58	55	55
TOTREB_comp_0	success	UFF_1	byte_exact	-	byte_exact	-	1.44	64	64
TOVTOP_comp_0	success	UFF_1	structural	-	byte_exact	-	32.49	105	74
TOWWUX_comp_0	success	UFF_1	structural	-	byte_exact	-	181.35	139	111
TOWXUA_comp_0	success	UFF_1	byte_exact	-	byte_exact	-	4.80	77	77
TOXDIV_comp_0	failed	-	hard_fail	-	hard_fail	-	27.10	78	78
TUCDEB_comp_0	success	UFF_1	byte_exact	-	byte_exact	-	1.82	88	88
TUCDOL_comp_0	success	UFF_1	byte_exact	-	byte_exact	-	2.72	104	104
TUDREQ_comp_0	success	UFF_1	byte_exact	-	byte_exact	-	2.42	84	84
TUFVOH_comp_0	success	UFF_1	byte_exact	-	byte_exact	-	5.28	117	117
TUKGUB_comp_0	success	UFF_1	byte_exact	-	byte_exact	-	7.26	80	80
TUKPOG_comp_0	success	UFF_1	byte_exact	-	byte_exact	-	2.36	63	63
TUKRAU_comp_0	success	UFF_1	byte_exact	-	byte_exact	-	5.24	67	67
TUKREY_comp_0	success	UFF_1	byte_exact	-	byte_exact	-	3.12	69	69
TUKZUV_comp_0	success	UFF_1	byte_exact	-	byte_exact	-	5.56	139	139
TULBUX_comp_0	success	UFF_1	byte_exact	-	byte_exact	-	9.05	127	127
TULTAX_comp_0	failed	-	structural	-	facmer_divergent	-	195.03	86	83
TULZEG_comp_0	success	UFF_1	byte_exact	-	byte_exact	-	2.02	70	70
TULZIK_comp_0	success	UFF_1	byte_exact	-	byte_exact	-	2.81	95	95
TUMLEU_comp_0	success	UFF_1	byte_exact	-	byte_exact	-	3.91	85	85
TUMPEY_comp_0	success	UFF_1	byte_exact	-	byte_exact	-	3.78	89	89
TURTIL_comp_0	success	UFF_1	byte_exact	-	byte_exact	-	5.57	79	79
TUTQEE_comp_0	success	UFF_1	byte_exact	-	byte_exact	-	5.24	89	89
TUVBUH_comp_0	success	UFF_1	byte_exact	-	byte_exact	-	6.15	112	112
TUVCIX_comp_0	failed	-	hard_fail	-	hard_fail	-	1.13	112	0
TUVDUK_comp_0	success	UFF_1	byte_exact	-	byte_exact	-	2.20	79	79
TUVFIB_comp_0	success	UFF_1	byte_exact	-	byte_exact	-	3.38	81	81
TUVJOJ_comp_0	success	UFF_1	byte_exact	-	byte_exact	-	14.38	81	81
TUVJUP_comp_0	success	UFF_1	byte_exact	-	byte_exact	-	5.88	82	82
TUVWEO_comp_0	success	UFF_1	byte_exact	-	byte_exact	-	2.61	86	86
TUVWOW_comp_0	success	UFF_1	byte_exact	-	byte_exact	-	3.19	104	104
TUWQUZ_comp_0	success	UFF_1	byte_exact	-	byte_exact	-	4.81	158	158
TUWSOU_comp_0	success	UFF_1	byte_exact	-	byte_exact	-	85.89	128	128
TUXGOK_comp_0	success	UFF_1	structural	-	byte_exact	-	31.93	102	71
UBARUN_comp_0	success	UFF_1	structural	-	byte_exact	-	48.43	113	67
UBEDAJ_comp_0	success	UFF_1	byte_exact	-	byte_exact	-	10.12	86	86
UBIHOE_comp_0	success	UFF_1	byte_exact	-	byte_exact	-	2.95	104	104
UBONII_comp_0	success	UFF_1	byte_exact	-	byte_exact	-	1.74	63	63
UBOTOU_comp_0	success	UFF_1	byte_exact	-	byte_exact	-	4.32	122	122
UBOXIV_comp_0	success	UFF_1	byte_exact	-	byte_exact	-	2.69	66	66
UBOXOB_comp_0	success	UFF_1	byte_exact	-	byte_exact	-	2.11	71	71
UBUCUS_comp_0	success	UFF_1	byte_exact	-	byte_exact	-	3.15	113	113
UBUSIT_comp_0	success	UFF_1	byte_exact	-	byte_exact	-	4.05	100	100
UBUYOI_comp_0	success	UFF_1	byte_exact	-	byte_exact	-	4.52	68	68
UCAWAX_comp_0	success	UFF_1	byte_exact	-	byte_exact	-	1.91	71	71
UCEWUX_comp_0	success	UFF_1	byte_exact	-	byte_exact	-	4.43	112	112
UCIKUO_comp_0	success	UFF_1	byte_exact	-	byte_exact	-	3.06	96	96
UCISEH_comp_0	success	UFF_1	byte_exact	-	byte_exact	-	2.34	86	86
UCIYEL_comp_0	success	UFF_1	byte_exact	-	byte_exact	-	7.32	69	69
UCIYOX_comp_0	success	UFF_1	structural	-	byte_exact	-	17.52	89	43
UCIYUD_comp_0	success	UFF_1	byte_exact	-	byte_exact	-	5.29	92	92
UCOHAX_comp_0	success	UFF_1	byte_exact	-	byte_exact	-	3.57	70	70
UCOJON_comp_0	success	UFF_1	byte_exact	-	byte_exact	-	16.26	93	93
UCOLUV_comp_0	success	UFF_1	byte_exact	-	byte_exact	-	51.52	86	86
UCOREK_comp_0	success	UFF_1	byte_exact	-	byte_exact	-	4.17	130	130
UCUBEA_comp_0	success	UFF_1	byte_exact	-	byte_exact	-	3.30	107	107
UDAMAN_comp_0	success	UFF_1	byte_exact	-	byte_exact	-	3.29	110	110
UDARIC_comp_0	success	UFF_1	structural	-	byte_exact	-	182.03	174	155
UDEJOC_comp_0	success	UFF_1	byte_exact	-	byte_exact	-	4.23	60	60
UDEJUI_comp_0	success	UFF_1	byte_exact	-	byte_exact	-	2.57	67	67
UDEPID_comp_0	success	UFF_1	byte_exact	-	byte_exact	-	2.76	119	119
UDOXOD_comp_0	success	UFF_1	byte_exact	-	byte_exact	-	10.49	109	109
UFAHUH_comp_0	success	UFF_1	byte_exact	-	byte_exact	-	6.62	96	96
UFAQAT_comp_0	success	UFF_1	byte_exact	-	byte_exact	-	5.57	95	95
UFIYOA_comp_0	success	UFF_1	byte_exact	-	byte_exact	-	8.15	96	96
UFOHAZ_comp_0	success	UFF_1	structural	-	key_equal	slot_renumber	13.60	73	86
UFONIP_comp_0	success	UFF_1	byte_exact	-	byte_exact	-	6.34	76	76
UFOZEV_comp_0	success	UFF_1	byte_exact	-	byte_exact	-	1.97	69	69
UFOZUL_comp_0	success	UFF_1	byte_exact	-	byte_exact	-	5.54	77	77
UGALIY_comp_0	success	UFF_1	byte_exact	-	byte_exact	-	4.69	116	116
UGAXEG_comp_0	success	UFF_1	byte_exact	-	byte_exact	-	5.40	76	76
UGINOO_comp_0	success	UFF_1	structural	-	key_equal	rdkit_canonical	22.29	80	93
UGUQIX_comp_0	success	UFF_1	key_equal	slot_renumber	key_equal	slot_renumber	2.30	92	92
UHATAY_comp_0	success	UFF_1	structural	-	byte_exact	-	11.69	83	69
UHIJOL_comp_0	success	UFF_1	byte_exact	-	byte_exact	-	2.85	91	91
UHILON_comp_0	success	UFF_1	byte_exact	-	byte_exact	-	6.24	98	98
UHIMEE_comp_0	success	UFF_1	key_equal	rdkit_canonical	byte_exact	-	11.41	92	80
UHINAC_comp_0	success	UFF_1	key_equal	slot_renumber	key_equal	slot_renumber	5.07	87	87
UHIPEI_comp_0	success	UFF_1	key_equal	slot_renumber	key_equal	slot_renumber	7.53	139	139
UHOGAA_comp_0	success	UFF_1	byte_exact	-	byte_exact	-	5.93	82	82
UJATAA_comp_0	success	UFF_1	byte_exact	-	byte_exact	-	2.10	69	69
UJAVOR_comp_0	success	UFF_1	byte_exact	-	byte_exact	-	3.24	76	76
UJEHAT_comp_0	success	UFF_1	structural	-	byte_exact	-	47.90	93	71
UJIZOC_comp_0	success	UFF_1	byte_exact	-	byte_exact	-	4.36	101	101
UKEBAO_comp_0	success	UFF_1	byte_exact	-	byte_exact	-	1.51	54	54
UKEYOY_comp_0	success	UFF_1	byte_exact	-	byte_exact	-	3.69	108	108
UKOQIV_comp_0	success	UFF_1	byte_exact	-	byte_exact	-	20.71	91	91
UKULAP_comp_0	success	UFF_1	byte_exact	-	byte_exact	-	2.75	80	80
UKUMAP_comp_0	success	UFF_1	key_equal	rdkit_canonical	byte_exact	-	23.36	107	98
UKUMET_comp_0	success	UFF_1	facmer_divergent	-	byte_exact	-	25.81	108	95
UKUMUJ_comp_0	success	UFF_1	byte_exact	-	byte_exact	-	5.36	85	85
UKUROH_comp_0	success	UFF_1	byte_exact	-	byte_exact	-	3.02	128	128
UKUXEE_comp_0	success	UFF_1	byte_exact	-	byte_exact	-	1.83	68	68
ULIDIE_comp_0	success	UFF_1	structural	-	key_equal	slot_renumber	60.21	99	96
ULOFEG_comp_0	failed	-	hard_fail	-	hard_fail	-	171.38	184	0
ULOGOS_comp_0	success	UFF_1	byte_exact	-	byte_exact	-	3.61	116	116
ULOJAH_comp_0	success	UFF_1	key_equal	rdkit_canonical	key_equal	rdkit_canonical	6.98	74	74
ULOQET_comp_0	success	UFF_1	structural	-	byte_exact	-	83.99	94	78
ULOQIX_comp_0	failed	-	hard_fail	-	hard_fail	-	47.86	80	80
ULOQOD_comp_0	failed	-	hard_fail	-	hard_fail	-	300.36	114	0
ULORAQ_comp_0	failed	-	hard_fail	-	hard_fail	-	419.87	99	79
ULORIY_comp_0	success	UFF_1	structural	-	key_equal	rdkit_canonical	180.58	79	78
ULOTEV_comp_0	success	UFF_1	byte_exact	-	byte_exact	-	7.21	106	106
ULOTOF_comp_0	success	UFF_1	byte_exact	-	byte_exact	-	3.86	92	92
ULULAP_comp_0	success	UFF_1	byte_exact	-	byte_exact	-	2.51	82	82
UMADUJ_comp_0	success	UFF_1	byte_exact	-	byte_exact	-	7.87	100	100
UMASAD_comp_0	success	UFF_1	byte_exact	-	byte_exact	-	4.66	108	108
UMECOE_comp_0	success	UFF_1	byte_exact	-	byte_exact	-	1.52	50	50
UMENEG_comp_0	success	UFF_1	key_equal	rdkit_canonical	byte_exact	-	5.66	90	87
UMENIK_comp_0	success	UFF_1	byte_exact	-	byte_exact	-	3.54	112	112
UMOZEC_comp_0	success	UFF_1	byte_exact	-	byte_exact	-	8.20	71	71
UMUCEL_comp_0	success	UFF_1	byte_exact	-	byte_exact	-	8.18	77	77
UNAFOG_comp_0	success	UFF_1	structural	-	byte_exact	-	69.60	121	84
UNAZUF_comp_0	success	UFF_1	byte_exact	-	byte_exact	-	2.15	99	99
UNECOG_comp_0	success	UFF_1	byte_exact	-	byte_exact	-	6.15	119	119
UNEGEB_comp_0	success	UFF_1	byte_exact	-	byte_exact	-	5.61	100	100
UNEGEB_comp_1	success	UFF_1	byte_exact	-	byte_exact	-	6.23	100	100
UNEHOK_comp_0	success	UFF_1	byte_exact	-	byte_exact	-	7.98	79	79
UNEXOC_comp_0	success	UFF_1	byte_exact	-	key_equal	rdkit_canonical	8.38	85	85
UNIVIY_comp_0	success	UFF_1	byte_exact	-	byte_exact	-	1.90	69	69
UNODUX_comp_0	success	UFF_1	byte_exact	-	byte_exact	-	1.88	69	69
UPABUK_comp_0	failed	-	hard_fail	-	hard_fail	-	22.28	106	106
UPIKEK_comp_0	success	UFF_1	byte_exact	-	byte_exact	-	20.58	92	92
UPIKIO_comp_0	success	UFF_1	byte_exact	-	byte_exact	-	65.11	95	95
UPUDUG_comp_0	success	UFF_1	byte_exact	-	byte_exact	-	4.19	99	99
UPURII_comp_0	success	UFF_1	byte_exact	-	byte_exact	-	4.32	102	102
UPUTEF_comp_0	success	UFF_1	byte_exact	-	byte_exact	-	1.97	82	82
UQIMAJ_comp_0	success	UFF_1	key_equal	slot_renumber	key_equal	slot_renumber	2.40	81	81
UQUXAG_comp_0	failed	-	hard_fail	-	hard_fail	-	425.98	99	71
URALAC_comp_0	success	UFF_1	byte_exact	-	byte_exact	-	20.90	98	98
UREKEJ_comp_0	success	UFF_1	byte_exact	-	byte_exact	-	2.69	63	63
UROFUD_comp_0	failed	-	encode_fail	-	encode_fail	-	300.48	0	0
UROGAK_comp_0	failed	-	hard_fail	-	hard_fail	-	300.09	145	0
URONUL_comp_0	success	UFF_1	byte_exact	-	byte_exact	-	15.82	70	70
UROPOH_comp_0	success	UFF_1	key_equal	slot_renumber	key_equal	slot_renumber	8.80	80	80
UROTAX_comp_0	success	UFF_1	byte_exact	-	byte_exact	-	116.94	99	99
URUQIJ_comp_0	success	UFF_1	byte_exact	-	byte_exact	-	2.58	69	69
USAKUW_comp_0	success	UFF_1	byte_exact	-	byte_exact	-	1.28	38	38
USAPOU_comp_0	failed	-	hard_fail	-	hard_fail	-	300.41	114	0
USEKAF_comp_0	success	UFF_1	structural	-	byte_exact	-	23.54	89	73
USIRUK_comp_0	success	UFF_1	byte_exact	-	byte_exact	-	3.85	66	66
USITOG_comp_0	success	UFF_1	byte_exact	-	byte_exact	-	11.65	79	79
USONEX_comp_0	success	UFF_1	byte_exact	-	byte_exact	-	5.71	56	56
USUSUX_comp_0	success	UFF_1	byte_exact	-	byte_exact	-	7.36	93	93
UTEMIR_comp_0	failed	-	hard_fail	-	hard_fail	-	28.41	63	0
UTEQAN_comp_0	success	UFF_1	byte_exact	-	byte_exact	-	2.82	124	124
UTIWEB_comp_1	success	UFF_1	byte_exact	-	byte_exact	-	6.02	76	76
UTOJEU_comp_0	failed	-	hard_fail	-	hard_fail	-	300.55	180	0
UTUVEL_comp_0	success	UFF_1	byte_exact	-	byte_exact	-	4.10	88	88
UVIKOB_comp_0	success	UFF_1	byte_exact	-	byte_exact	-	1.78	58	58
UVIWIG_comp_0	failed	-	encode_fail	-	encode_fail	-	300.51	0	0
UVOWAE_comp_0	success	UFF_1	byte_exact	-	byte_exact	-	1.58	70	70
UVOZOV_comp_0	success	UFF_1	byte_exact	-	byte_exact	-	7.71	89	89
UVOZUB_comp_0	success	UFF_1	byte_exact	-	byte_exact	-	5.26	84	84
UVULAZ_comp_0	success	UFF_1	byte_exact	-	byte_exact	-	5.96	80	80
UWALOU_comp_0	success	UFF_1	key_equal	rdkit_canonical	byte_exact	-	3.86	90	69
UWARIU_comp_0	success	UFF_1	byte_exact	-	byte_exact	-	2.46	62	62
UWILUI_comp_0	success	UFF_1	byte_exact	-	byte_exact	-	2.89	100	100
UWINUK_comp_0	success	UFF_1	byte_exact	-	byte_exact	-	7.25	128	128
UWONUQ_comp_0	success	UFF_1	byte_exact	-	byte_exact	-	3.92	88	88
UWOPIH_comp_0	success	UFF_1	byte_exact	-	byte_exact	-	7.73	78	78
UWOTEH_comp_0	success	UFF_1	byte_exact	-	byte_exact	-	2.47	89	89
UWUJAY_comp_0	success	UFF_1	byte_exact	-	byte_exact	-	2.17	86	86
UWULEE_comp_0	success	UFF_1	structural	-	byte_exact	-	25.42	122	130
UWULEF_comp_0	success	UFF_1	byte_exact	-	byte_exact	-	5.39	73	73
UXADAZ_comp_0	success	UFF_1	byte_exact	-	byte_exact	-	5.12	100	100
UXENIV_comp_0	success	UFF_1	byte_exact	-	byte_exact	-	14.87	134	134
UXEPAP_comp_0	success	UFF_1	byte_exact	-	byte_exact	-	4.51	126	126
UXIKUI_comp_0	success	UFF_1	byte_exact	-	byte_exact	-	2.97	80	80
UXOCAN_comp_0	success	UFF_1	key_equal	rdkit_canonical	byte_exact	-	3.16	68	71
UXUQEK_comp_0	success	UFF_1	byte_exact	-	byte_exact	-	4.67	104	104
UXUWAM_comp_0	success	UFF_1	byte_exact	-	byte_exact	-	6.78	134	134
UYEQIZ_comp_0	success	UFF_1	byte_exact	-	byte_exact	-	3.76	97	97
UYETIC_comp_0	success	UFF_1	byte_exact	-	byte_exact	-	6.14	106	106
UYIZOS_comp_0	success	UFF_1	byte_exact	-	byte_exact	-	1.94	67	67
UZAHEJ_comp_0	success	UFF_1	byte_exact	-	byte_exact	-	2.54	84	84
UZEHIR_comp_0	success	UFF_1	byte_exact	-	byte_exact	-	13.09	161	161
UZEVAY_comp_0	failed	-	hard_fail	-	hard_fail	-	300.29	174	0
UZIFAM_comp_0	success	UFF_1	byte_exact	-	byte_exact	-	2.64	87	87
UZITED_comp_0	success	UFF_1	byte_exact	-	byte_exact	-	3.25	79	79
VABLOC_comp_0	success	UFF_1	byte_exact	-	byte_exact	-	6.35	97	97
VABMIX_comp_0	success	UFF_1	byte_exact	-	byte_exact	-	3.27	96	96
VACMEU_comp_0	success	UFF_1	byte_exact	-	byte_exact	-	6.82	110	110
VACXAZ_comp_0	success	UFF_1	byte_exact	-	byte_exact	-	12.10	100	100
VADCEI_comp_0	failed	-	hard_fail	-	hard_fail	-	300.50	146	0
VAFLOF_comp_0	success	UFF_1	byte_exact	-	byte_exact	-	2.42	70	70
VAFMIA_comp_0	success	UFF_1	byte_exact	-	byte_exact	-	124.91	100	100
VAFPAU_comp_0	success	UFF_1	byte_exact	-	byte_exact	-	11.67	105	105
VAFQEY_comp_0	success	g-xTB_1	key_equal	rdkit_canonical	key_equal	rdkit_canonical	200.37	75	85
VAHLUO_comp_0	success	UFF_1	byte_exact	-	byte_exact	-	3.77	102	102
VAHMID_comp_0	success	UFF_1	structural	-	byte_exact	-	21.82	100	68
VAJVOS_comp_0	success	UFF_1	structural	-	byte_exact	-	59.62	144	110
VAKDUI_comp_0	success	UFF_1	byte_exact	-	byte_exact	-	4.46	100	100
VAKKAV_comp_0	success	UFF_1	key_equal	slot_renumber	key_equal	slot_renumber	4.90	118	118
VAKSUY_comp_0	success	UFF_1	byte_exact	-	byte_exact	-	6.69	88	88
VAMDUJ_comp_0	success	UFF_1	key_equal	rdkit_canonical	key_equal	rdkit_canonical	262.01	152	152
VANQUZ_comp_1	success	UFF_1	byte_exact	-	byte_exact	-	2.38	58	58
VANTUA_comp_0	success	UFF_1	byte_exact	-	byte_exact	-	2.41	95	95
VAPSIQ_comp_0	success	UFF_1	byte_exact	-	byte_exact	-	37.07	158	158
VAQRAH_comp_0	success	UFF_1	structural	-	key_equal	slot_renumber	55.77	131	124
VARTOZ_comp_0	success	UFF_1	key_equal	rdkit_canonical	byte_exact	-	24.43	137	122
VASJIJ_comp_0	success	UFF_1	byte_exact	-	byte_exact	-	11.44	101	101
VASJOP_comp_0	success	UFF_1	byte_exact	-	byte_exact	-	5.58	99	99
VASYEV_comp_0	success	UFF_1	byte_exact	-	byte_exact	-	2.17	68	68
VATQUE_comp_0	success	UFF_1	structural	-	byte_exact	-	30.27	90	59
VATRAL_comp_0	success	UFF_1	structural	-	byte_exact	-	32.84	86	55
VAVFED_comp_0	success	UFF_1	byte_exact	-	byte_exact	-	7.15	130	130
VAWDUV_comp_0	success	UFF_1	byte_exact	-	byte_exact	-	35.28	124	124
VAYHEK_comp_1	success	UFF_1	byte_exact	-	byte_exact	-	11.59	79	79
VAZBEF_comp_0	success	UFF_1	byte_exact	-	byte_exact	-	9.34	141	141
VAZHUB_comp_0	success	UFF_1	byte_exact	-	byte_exact	-	3.04	90	90
VAZWUP_comp_1	success	UFF_1	byte_exact	-	byte_exact	-	1.63	51	51
VEBXAD_comp_0	success	UFF_1	byte_exact	-	byte_exact	-	42.91	94	94
VECHAP_comp_0	success	UFF_1	byte_exact	-	byte_exact	-	9.29	76	76
VECLEX_comp_0	success	UFF_1	byte_exact	-	byte_exact	-	8.20	88	88
VECLIB_comp_0	success	UFF_1	byte_exact	-	byte_exact	-	4.45	80	80
VECPIE_comp_0	success	UFF_1	byte_exact	-	byte_exact	-	1.44	63	63
VECYOU_comp_0	success	UFF_1	structural	-	key_equal	slot_renumber	48.65	101	85
VEDPAX_comp_0	success	UFF_1	byte_exact	-	byte_exact	-	2.09	66	66
VEDQIG_comp_1	success	UFF_1	byte_exact	-	byte_exact	-	11.11	105	105
VEHLEZ_comp_0	success	UFF_1	byte_exact	-	byte_exact	-	2.82	93	93
VEHMOM_comp_0	success	UFF_1	byte_exact	-	byte_exact	-	8.81	98	98
VEJRUX_comp_0	success	UFF_1	byte_exact	-	byte_exact	-	21.79	133	133
VEJVEO_comp_0	success	UFF_1	byte_exact	-	byte_exact	-	1.98	64	64
VEJXOZ_comp_0	failed	-	hard_fail	-	hard_fail	-	34.71	148	0
VEKJUT_comp_0	success	UFF_1	byte_exact	-	byte_exact	-	8.40	102	102
VEKWEQ_comp_0	success	UFF_1	byte_exact	-	byte_exact	-	21.25	92	92
VEKWOA_comp_0	success	UFF_1	byte_exact	-	byte_exact	-	2.59	100	100
VEMQAH_comp_0	success	UFF_1	byte_exact	-	byte_exact	-	3.94	68	68
VEMQIP_comp_0	success	UFF_1	structural	-	byte_exact	-	116.80	129	117
VEPMUA_comp_0	success	UFF_1	byte_exact	-	byte_exact	-	1.22	58	58
VEPZOG_comp_0	success	UFF_1	byte_exact	-	byte_exact	-	7.33	81	81
VEQFUT_comp_0	failed	-	hard_fail	-	hard_fail	-	300.29	246	0
VERFIJ_comp_0	success	UFF_1	byte_exact	-	byte_exact	-	2.17	90	90
VESQIT_comp_0	success	UFF_1	byte_exact	-	byte_exact	-	1.80	60	60
VETBEE_comp_0	success	UFF_1	byte_exact	-	byte_exact	-	7.95	117	117
VEVSOG_comp_0	success	UFF_1	byte_exact	-	byte_exact	-	9.31	111	111
VEWVAV_comp_0	success	UFF_1	byte_exact	-	byte_exact	-	10.47	90	90
VEXHIR_comp_0	success	UFF_1	byte_exact	-	byte_exact	-	41.16	154	154
VEXXIH_comp_0	success	UFF_1	byte_exact	-	byte_exact	-	1.21	47	47
VEXYAA_comp_0	success	UFF_1	byte_exact	-	byte_exact	-	1.73	72	72
VEYWOO_comp_0	success	UFF_1	byte_exact	-	byte_exact	-	1.63	67	67
VEZGEO_comp_0	success	UFF_1	byte_exact	-	byte_exact	-	1.82	75	75
VEZGIR_comp_0	success	UFF_1	byte_exact	-	byte_exact	-	4.60	59	59
VEZXIJ_comp_0	success	UFF_1	byte_exact	-	byte_exact	-	3.91	52	52
VIBBIS_comp_0	success	UFF_1	byte_exact	-	byte_exact	-	2.49	98	98
VIBDIU_comp_0	success	UFF_1	byte_exact	-	byte_exact	-	2.62	91	91
VIBJEY_comp_0	success	UFF_1	byte_exact	-	byte_exact	-	4.50	116	116
VIBJEY_comp_3	success	UFF_1	byte_exact	-	byte_exact	-	4.58	116	116
VIBQIG_comp_0	success	UFF_1	byte_exact	-	byte_exact	-	4.82	58	58
VIBYEL_comp_0	success	UFF_1	byte_exact	-	byte_exact	-	6.78	108	108
VICPII_comp_0	success	UFF_1	byte_exact	-	byte_exact	-	1.74	66	66
VICROR_comp_0	success	UFF_1	key_equal	slot_renumber	key_equal	slot_renumber	4.62	116	116
VIFKEB_comp_0	success	UFF_1	structural	-	byte_exact	-	12.34	72	75
VIFMOP_comp_0	success	UFF_1	key_equal	slot_renumber	key_equal	slot_renumber	6.99	104	104
VIFWIT_comp_0	success	UFF_1	byte_exact	-	byte_exact	-	11.26	97	97
VIFXEP_comp_0	success	UFF_1	byte_exact	-	byte_exact	-	4.38	78	78
VIFXOZ_comp_0	success	UFF_1	byte_exact	-	byte_exact	-	14.59	78	78
VIGMEG_comp_0	success	UFF_1	byte_exact	-	byte_exact	-	2.66	81	81
VIGWAM_comp_0	success	UFF_1	byte_exact	-	byte_exact	-	10.60	106	106
VIGXER_comp_0	success	UFF_1	byte_exact	-	byte_exact	-	36.19	131	131
VIGXOZ_comp_0	success	UFF_1	structural	-	byte_exact	-	76.56	103	72
VIGYES_comp_0	success	UFF_1	structural	-	byte_exact	-	181.59	149	115
VIGZER_comp_0	success	UFF_1	byte_exact	-	key_equal	rdkit_canonical	2.98	107	107
VIHCUM_comp_0	success	UFF_1	byte_exact	-	byte_exact	-	3.41	150	150
VIHDAT_comp_0	success	UFF_1	byte_exact	-	byte_exact	-	3.03	130	130
VIHDOH_comp_0	success	UFF_1	byte_exact	-	byte_exact	-	4.68	110	110
VIHXOB_comp_0	success	UFF_1	byte_exact	-	byte_exact	-	4.59	99	99
VIKKOR_comp_0	success	UFF_1	byte_exact	-	byte_exact	-	4.12	68	68
VIKPUC_comp_0	success	UFF_1	byte_exact	-	byte_exact	-	121.77	159	159
VILDEB_comp_0	success	UFF_1	byte_exact	-	byte_exact	-	3.98	70	70
VILDUR_comp_0	success	UFF_1	byte_exact	-	byte_exact	-	4.62	79	79
VILFUS_comp_0	success	UFF_1	byte_exact	-	byte_exact	-	20.63	106	106
VILSIU_comp_0	success	UFF_1	byte_exact	-	byte_exact	-	4.42	89	89
VILTOA_comp_0	success	UFF_1	byte_exact	-	byte_exact	-	1.99	56	56
VIMDUS_comp_1	success	UFF_1	byte_exact	-	byte_exact	-	2.45	98	98
VIMFOO_comp_0	success	UFF_1	byte_exact	-	byte_exact	-	2.12	67	67
VIMJOR_comp_0	success	UFF_1	byte_exact	-	byte_exact	-	3.00	139	139
VIMPUD_comp_0	success	UFF_1	byte_exact	-	byte_exact	-	4.34	92	92
VIMQAJ_comp_0	success	UFF_1	key_equal	slot_renumber	key_equal	slot_renumber	6.51	71	71
VIMQOA_comp_0	success	UFF_1	byte_exact	-	byte_exact	-	3.64	113	113
VIMTET_comp_0	failed	-	hard_fail	-	hard_fail	-	312.53	99	94
VIMVUL_comp_0	success	UFF_1	structural	-	byte_exact	-	13.73	93	62
VIMWAS_comp_0	success	UFF_1	structural	-	byte_exact	-	30.11	107	75
VINVUL_comp_0	success	UFF_1	byte_exact	-	byte_exact	-	1.91	68	68
VIPMUF_comp_0	success	UFF_1	byte_exact	-	byte_exact	-	19.46	120	120
VIQQAN_comp_0	failed	-	hard_fail	-	hard_fail	-	300.18	174	0
VIQQOB_comp_0	success	UFF_1	structural	-	byte_exact	-	21.93	99	77
VIQSAP_comp_0	success	UFF_1	structural	-	byte_exact	-	21.04	95	69
VIQWEY_comp_0	success	UFF_1	byte_exact	-	byte_exact	-	3.76	130	130
VIRKOX_comp_0	success	UFF_1	byte_exact	-	byte_exact	-	2.54	85	85
VISBUV_comp_1	success	UFF_1	key_equal	slot_renumber	key_equal	slot_renumber	15.19	70	70
VISDOS_comp_1	success	UFF_1	key_equal	slot_renumber	key_equal	slot_renumber	5.49	81	81
VISGAI_comp_0	success	UFF_1	byte_exact	-	byte_exact	-	1.56	60	60
VISLOZ_comp_0	success	UFF_1	byte_exact	-	byte_exact	-	7.17	109	109
VISVEA_comp_0	success	UFF_1	key_equal	slot_renumber	byte_exact	-	7.64	86	86
VISWUR_comp_0	success	UFF_1	byte_exact	-	byte_exact	-	2.37	60	60
VISXOL_comp_0	success	UFF_1	byte_exact	-	byte_exact	-	2.52	71	71
VITQUK_comp_0	success	UFF_1	byte_exact	-	byte_exact	-	5.34	132	132
VIWKIY_comp_0	success	UFF_1	key_equal	slot_renumber	key_equal	slot_renumber	5.54	134	134
VIWLOD_comp_0	success	UFF_1	byte_exact	-	byte_exact	-	6.73	85	85
VIXRAW_comp_0	success	UFF_1	byte_exact	-	byte_exact	-	1.79	68	68
VIYDIS_comp_0	success	UFF_1	key_equal	slot_renumber	key_equal	slot_renumber	4.50	88	88
VIYRIF_comp_0	success	UFF_1	byte_exact	-	byte_exact	-	5.63	79	79
VIZKEW_comp_0	success	UFF_1	key_equal	slot_renumber	key_equal	slot_renumber	5.62	98	98
VIZMIC_comp_0	success	UFF_1	byte_exact	-	byte_exact	-	3.84	67	67
VIZPIG_comp_0	success	UFF_1	byte_exact	-	byte_exact	-	9.44	95	95
VIZVUY_comp_0	success	UFF_1	byte_exact	-	byte_exact	-	4.28	117	117
VIZZAH_comp_0	success	UFF_1	byte_exact	-	byte_exact	-	4.71	93	93
VOCDEY_comp_0	success	UFF_1	structural	-	byte_exact	-	50.69	89	77
VOCFUO_comp_0	success	UFF_1	byte_exact	-	byte_exact	-	2.60	81	81
VOCSOY_comp_0	success	UFF_1	structural	-	byte_exact	-	51.14	93	80
VOCVUH_comp_0	success	UFF_1	byte_exact	-	byte_exact	-	2.25	96	96
VODXOC_comp_0	success	UFF_1	byte_exact	-	byte_exact	-	1.54	67	67
VOFCOL_comp_0	success	UFF_1	byte_exact	-	byte_exact	-	3.19	69	69
VOFQAI_comp_0	success	UFF_1	byte_exact	-	byte_exact	-	5.23	124	124
VOFYUL_comp_0	success	UFF_1	byte_exact	-	byte_exact	-	7.36	136	136
VOGBEZ_comp_0	success	UFF_1	structural	-	byte_exact	-	49.79	125	94
VOGCUS_comp_0	success	UFF_1	byte_exact	-	byte_exact	-	2.50	84	84
VOGSEQ_comp_0	success	UFF_1	byte_exact	-	byte_exact	-	2.12	87	87
VOHMEM_comp_0	success	UFF_1	byte_exact	-	byte_exact	-	2.33	94	94
VOHNEN_comp_0	success	UFF_1	key_equal	rdkit_canonical	byte_exact	-	26.00	101	80
VOHXOI_comp_0	success	UFF_1	byte_exact	-	byte_exact	-	6.47	134	134
VOHXUO_comp_0	success	UFF_1	byte_exact	-	byte_exact	-	5.98	134	134
VOHYAU_comp_0	success	UFF_1	key_equal	slot_renumber	byte_exact	-	2.68	76	76
VOHYEY_comp_0	success	UFF_1	byte_exact	-	byte_exact	-	1.70	72	72
VOJMAL_comp_0	success	UFF_1	structural	-	key_equal	slot_renumber	44.90	104	85
VOLGOV_comp_0	success	UFF_1	byte_exact	-	byte_exact	-	37.36	102	102
VOLHAI_comp_0	success	UFF_1	byte_exact	-	byte_exact	-	9.12	103	103
VOLHIQ_comp_0	success	UFF_1	byte_exact	-	byte_exact	-	39.20	125	125
VOLPUK_comp_0	success	UFF_1	byte_exact	-	byte_exact	-	35.83	139	139
VOPQOJ_comp_0	failed	-	hard_fail	-	hard_fail	-	356.93	152	160
VOQPOJ_comp_0	success	UFF_1	byte_exact	-	byte_exact	-	5.37	107	107
VOQQAW_comp_0	success	UFF_1	byte_exact	-	byte_exact	-	9.52	87	87
VORQUQ_comp_0	success	UFF_1	byte_exact	-	byte_exact	-	5.77	84	84
VORROM_comp_0	success	UFF_1	byte_exact	-	byte_exact	-	2.79	93	93
VORRUS_comp_0	success	UFF_1	byte_exact	-	byte_exact	-	6.07	97	97
VOSPAW_comp_0	success	UFF_1	byte_exact	-	byte_exact	-	2.45	78	78
VOTYOU_comp_0	success	UFF_1	byte_exact	-	byte_exact	-	12.09	115	115
VOVDUH_comp_0	success	UFF_1	byte_exact	-	byte_exact	-	5.32	70	70
VOYJAU_comp_0	success	UFF_1	byte_exact	-	byte_exact	-	3.81	72	72
VOYJIC_comp_0	success	UFF_1	byte_exact	-	byte_exact	-	1.88	79	79
VOYNUU_comp_0	success	UFF_1	byte_exact	-	byte_exact	-	1.70	74	74
VUCGIK_comp_0	success	UFF_1	byte_exact	-	byte_exact	-	5.26	67	67
VUCPOZ_comp_0	success	UFF_1	byte_exact	-	byte_exact	-	2.78	75	75
VUCQOA_comp_0	success	UFF_1	byte_exact	-	byte_exact	-	30.23	125	125
VUCVEW_comp_0	success	UFF_1	byte_exact	-	byte_exact	-	6.24	88	88
VUCZUP_comp_0	success	UFF_1	byte_exact	-	byte_exact	-	3.12	92	92
VUDGEH_comp_0	success	UFF_1	byte_exact	-	byte_exact	-	3.91	74	74
VUDHUY_comp_0	success	UFF_1	byte_exact	-	byte_exact	-	5.21	83	83
VUDTIY_comp_0	success	UFF_1	byte_exact	-	byte_exact	-	5.08	91	91
VUDYOK_comp_0	success	UFF_1	byte_exact	-	byte_exact	-	8.60	109	109
VUFPOD_comp_0	success	UFF_1	byte_exact	-	byte_exact	-	4.59	70	70
VUFQIX_comp_0	success	UFF_1	byte_exact	-	byte_exact	-	1.72	60	60
VUFVAV_comp_0	success	UFF_1	byte_exact	-	byte_exact	-	2.03	79	79
VUGDUX_comp_0	success	UFF_1	byte_exact	-	byte_exact	-	7.14	77	77
VUGJAJ_comp_0	success	UFF_1	byte_exact	-	byte_exact	-	7.97	116	116
VUGJEN_comp_0	success	UFF_1	structural	-	byte_exact	-	48.55	120	89
VUGNUI_comp_1	success	UFF_1	structural	-	byte_exact	-	98.04	88	77
VUGPAQ_comp_0	success	UFF_1	byte_exact	-	byte_exact	-	6.63	69	69
VUGRAR_comp_0	success	UFF_1	byte_exact	-	byte_exact	-	5.14	121	121
VUHCIL_comp_0	success	UFF_1	byte_exact	-	byte_exact	-	2.20	98	98
VUJMOE_comp_0	success	UFF_1	byte_exact	-	byte_exact	-	3.52	97	97
VUJPOH_comp_0	success	UFF_1	byte_exact	-	byte_exact	-	3.52	78	78
VUMBEL_comp_0	success	UFF_1	byte_exact	-	byte_exact	-	13.68	80	80
VUMMAS_comp_0	success	UFF_1	byte_exact	-	byte_exact	-	2.72	76	76
VUMWIK_comp_0	success	UFF_1	byte_exact	-	byte_exact	-	3.29	104	104
VUMWUX_comp_0	success	UFF_1	byte_exact	-	byte_exact	-	5.15	74	74
VUNBAJ_comp_0	success	UFF_1	key_equal	rdkit_canonical	key_equal	rdkit_canonical	80.15	143	143
VUNJIZ_comp_0	success	UFF_1	byte_exact	-	byte_exact	-	6.92	73	73
VUNVOQ_comp_0	success	UFF_1	byte_exact	-	byte_exact	-	4.17	58	58
VUPQEE_comp_0	failed	-	byte_exact	-	structural	-	64.22	60	60
VUPRUT_comp_0	success	UFF_1	key_equal	rdkit_canonical	byte_exact	-	2.47	77	65
VUPVOT_comp_0	success	UFF_1	byte_exact	-	byte_exact	-	2.83	89	89
VURKAV_comp_0	success	UFF_1	byte_exact	-	byte_exact	-	8.51	77	77
VURKID_comp_0	success	UFF_1	byte_exact	-	byte_exact	-	17.37	93	93
VUTDOF_comp_0	success	UFF_1	byte_exact	-	byte_exact	-	6.43	170	170
VUVCOF_comp_0	success	UFF_1	byte_exact	-	byte_exact	-	2.15	112	112
VUVVOZ_comp_0	success	UFF_1	byte_exact	-	byte_exact	-	3.71	95	95
VUVWIT_comp_0	success	UFF_1	byte_exact	-	byte_exact	-	6.07	144	144
VUXDOH_comp_0	success	UFF_1	byte_exact	-	byte_exact	-	3.46	89	89
VUXTOZ_comp_0	failed	-	hard_fail	-	hard_fail	-	300.19	78	0
WABDEK_comp_0	success	UFF_1	structural	-	byte_exact	-	19.49	63	60
WABXIH_comp_0	success	UFF_1	byte_exact	-	byte_exact	-	5.15	120	120
WACDAG_comp_0	success	UFF_1	byte_exact	-	byte_exact	-	17.46	103	103
WACDOU_comp_0	success	UFF_1	byte_exact	-	byte_exact	-	5.86	105	105
WACFAI_comp_0	success	UFF_1	structural	-	byte_exact	-	28.59	105	74
WACNUJ_comp_0	success	UFF_1	byte_exact	-	byte_exact	-	4.91	89	89
WACPAR_comp_0	success	UFF_1	byte_exact	-	byte_exact	-	4.90	87	87
WAFCIS_comp_0	success	UFF_1	byte_exact	-	byte_exact	-	1.49	75	75
WAFCUE_comp_0	success	UFF_1	byte_exact	-	byte_exact	-	1.48	75	75
WAGFOC_comp_0	success	UFF_1	byte_exact	-	byte_exact	-	1.46	69	69
WAGFUH_comp_1	success	UFF_1	byte_exact	-	byte_exact	-	2.54	74	74
WAGGUG_comp_0	success	UFF_1	structural	-	byte_exact	-	99.03	108	92
WAGRAZ_comp_0	success	UFF_1	byte_exact	-	byte_exact	-	3.97	101	101
WAHXOV_comp_1	failed	-	hard_fail	-	hard_fail	-	1.21	93	0
WAJCEQ_comp_0	success	UFF_1	byte_exact	-	byte_exact	-	18.29	76	76
WAJHAS_comp_0	success	UFF_1	byte_exact	-	byte_exact	-	1.56	70	70
WAKGIA_comp_0	success	UFF_1	byte_exact	-	byte_exact	-	2.77	112	112
WAKRUX_comp_0	success	UFF_1	key_equal	slot_renumber	key_equal	slot_renumber	3.48	82	82
WALJOK_comp_0	success	UFF_1	byte_exact	-	byte_exact	-	21.40	86	86
WALQOR_comp_0	success	UFF_1	byte_exact	-	byte_exact	-	1.37	51	51
WAMWUE_comp_0	failed	-	hard_fail	-	hard_fail	-	20.74	80	80
WAPVIU_comp_0	success	UFF_1	byte_exact	-	byte_exact	-	4.97	112	112
WAQCEX_comp_0	success	UFF_1	byte_exact	-	byte_exact	-	2.23	61	61
WAQMEI_comp_0	success	UFF_1	byte_exact	-	byte_exact	-	1.81	52	52
WAQVAO_comp_0	success	UFF_1	byte_exact	-	byte_exact	-	2.43	57	57
WAQXAP_comp_0	success	UFF_1	byte_exact	-	byte_exact	-	8.12	97	97
WAQXER_comp_0	success	UFF_1	byte_exact	-	byte_exact	-	1.67	84	84
WAQXIV_comp_0	success	UFF_1	byte_exact	-	byte_exact	-	2.42	114	114
WAQXOB_comp_0	success	UFF_1	byte_exact	-	byte_exact	-	5.69	135	135
WARFUR_comp_0	success	UFF_1	byte_exact	-	byte_exact	-	2.33	85	85
WASMAF_comp_0	success	UFF_1	byte_exact	-	byte_exact	-	2.31	84	84
WATMUB_comp_0	success	UFF_1	byte_exact	-	byte_exact	-	2.63	73	73
WATXIA_comp_0	success	UFF_1	byte_exact	-	byte_exact	-	4.38	94	94
WAVDED_comp_0	success	UFF_1	structural	-	byte_exact	-	70.42	117	92
WAVDIH_comp_0	success	UFF_1	byte_exact	-	byte_exact	-	2.31	67	67
WAVDON_comp_2	success	UFF_1	byte_exact	-	byte_exact	-	1.00	40	40
WAVGEI_comp_0	success	UFF_1	byte_exact	-	byte_exact	-	1.45	38	38
WAVGIM_comp_0	success	UFF_1	byte_exact	-	byte_exact	-	1.25	42	42
WAVLUA_comp_0	success	UFF_1	key_equal	rdkit_canonical	key_equal	rdkit_canonical	13.96	113	123
WAVMAI_comp_0	success	UFF_1	byte_exact	-	byte_exact	-	1.53	65	65
WAVXID_comp_0	success	UFF_1	structural	-	byte_exact	-	105.21	115	92
WAVXOJ_comp_0	success	UFF_1	structural	-	byte_exact	-	19.83	71	52
WAVYAW_comp_0	success	UFF_1	byte_exact	-	byte_exact	-	3.65	74	74
WAWJAI_comp_0	success	UFF_1	byte_exact	-	byte_exact	-	2.45	69	69
WAWMAK_comp_0	success	UFF_1	byte_exact	-	byte_exact	-	3.66	99	99
WAWMOZ_comp_0	success	UFF_1	byte_exact	-	byte_exact	-	5.79	147	147
WAWMUF_comp_0	success	UFF_1	key_equal	rdkit_canonical	key_equal	rdkit_canonical	193.23	177	159
WAWSIY_comp_0	success	UFF_1	byte_exact	-	byte_exact	-	1.77	68	68
WAXFEI_comp_0	success	UFF_1	byte_exact	-	byte_exact	-	6.25	107	107
WAXKOX_comp_0	success	UFF_1	byte_exact	-	byte_exact	-	1.81	41	41
WAXNIS_comp_0	success	UFF_1	byte_exact	-	byte_exact	-	4.57	136	136
WAYHOW_comp_0	success	UFF_1	byte_exact	-	byte_exact	-	1.69	66	66
WAYKOZ_comp_0	success	UFF_1	byte_exact	-	byte_exact	-	7.78	170	170
WAYZEE_comp_0	success	UFF_1	byte_exact	-	byte_exact	-	4.58	111	111
WEBVIL_comp_0	success	UFF_1	byte_exact	-	byte_exact	-	12.83	94	94
WECHAQ_comp_0	success	UFF_1	byte_exact	-	byte_exact	-	2.55	96	96
WECWOQ_comp_0	success	UFF_1	byte_exact	-	byte_exact	-	2.43	90	90
WECXIO_comp_0	success	UFF_1	byte_exact	-	byte_exact	-	2.73	111	111
WECYOS_comp_0	failed	-	hard_fail	-	hard_fail	-	300.21	153	0
WEDSUT_comp_0	success	UFF_1	byte_exact	-	byte_exact	-	3.84	88	88
WEFGOG_comp_0	success	UFF_1	byte_exact	-	byte_exact	-	5.88	66	66
WEFQUT_comp_0	success	UFF_1	byte_exact	-	byte_exact	-	4.05	106	106
WEGQUU_comp_0	success	UFF_1	byte_exact	-	byte_exact	-	2.34	82	82
WEHGOH_comp_0	success	UFF_1	byte_exact	-	byte_exact	-	1.48	58	58
WEHHIA_comp_0	success	UFF_1	byte_exact	-	byte_exact	-	5.96	136	136
WEHLOM_comp_0	success	UFF_1	byte_exact	-	byte_exact	-	2.64	68	68
WEHWAJ_comp_0	success	UFF_1	byte_exact	-	byte_exact	-	15.99	147	147
WEHXUE_comp_0	success	UFF_1	structural	-	byte_exact	-	31.09	110	88
WEJMEF_comp_0	success	UFF_1	byte_exact	-	byte_exact	-	3.13	109	109
WEJMIJ_comp_0	success	UFF_1	byte_exact	-	byte_exact	-	3.13	110	110
WEJMOQ_comp_0	success	UFF_1	byte_exact	-	byte_exact	-	2.14	95	95
WEJMUW_comp_0	success	UFF_1	byte_exact	-	byte_exact	-	2.49	96	96
WEJNOR_comp_0	success	UFF_1	byte_exact	-	byte_exact	-	2.77	80	80
WEJPUZ_comp_0	success	UFF_1	byte_exact	-	byte_exact	-	2.30	89	89
WEKVUF_comp_0	success	UFF_1	structural	-	key_equal	slot_renumber	20.08	70	69
WELBIZ_comp_0	success	UFF_1	byte_exact	-	byte_exact	-	1.81	80	80
WELJUV_comp_0	success	UFF_1	byte_exact	-	byte_exact	-	2.13	80	80
WELRUD_comp_0	success	UFF_1	byte_exact	-	byte_exact	-	10.52	150	150
WELTEO_comp_0	success	UFF_1	byte_exact	-	byte_exact	-	2.40	74	74
WEMGOM_comp_0	success	UFF_1	byte_exact	-	byte_exact	-	1.77	68	68
WEMZIZ_comp_0	success	UFF_1	byte_exact	-	byte_exact	-	2.20	77	77
WENCOI_comp_0	success	UFF_1	key_equal	slot_renumber	key_equal	slot_renumber	6.13	77	77
WENDAV_comp_0	success	UFF_1	key_equal	slot_renumber	key_equal	slot_renumber	4.33	78	78
WENDID_comp_0	success	UFF_1	key_equal	slot_renumber	key_equal	slot_renumber	16.97	62	62
WENJUW_comp_0	success	UFF_1	byte_exact	-	byte_exact	-	3.62	119	119
WENTIU_comp_0	success	UFF_1	byte_exact	-	byte_exact	-	10.52	164	164
WENVUI_comp_0	success	UFF_1	byte_exact	-	byte_exact	-	2.23	86	86
WENWOD_comp_0	success	UFF_1	byte_exact	-	byte_exact	-	4.32	63	63
WEPFII_comp_0	success	UFF_1	byte_exact	-	byte_exact	-	4.97	94	94
WEPJOS_comp_0	success	UFF_1	structural	-	byte_exact	-	42.65	103	89
WEPMUB_comp_0	success	UFF_1	byte_exact	-	byte_exact	-	22.50	172	172
WEPRAM_comp_0	success	UFF_1	byte_exact	-	byte_exact	-	8.03	80	80
WEPRIU_comp_0	success	UFF_1	byte_exact	-	byte_exact	-	5.37	107	107
WEPWUL_comp_0	success	UFF_1	byte_exact	-	byte_exact	-	4.46	74	74
WEPXEW_comp_0	success	UFF_1	byte_exact	-	byte_exact	-	7.57	100	100
WEPYEY_comp_0	success	UFF_1	byte_exact	-	byte_exact	-	3.96	80	80
WEQDIG_comp_0	success	UFF_1	byte_exact	-	byte_exact	-	3.07	97	97
WEQFAA_comp_0	success	UFF_1	byte_exact	-	byte_exact	-	1.59	51	51
WEQFOO_comp_0	success	UFF_1	byte_exact	-	byte_exact	-	2.42	71	71
WEQYAV_comp_0	success	UFF_1	byte_exact	-	byte_exact	-	3.17	79	79
WERLOV_comp_0	failed	-	hard_fail	-	hard_fail	-	300.07	175	0
WERQOC_comp_0	success	UFF_1	structural	-	byte_exact	-	61.24	96	77
WESCED_comp_0	success	UFF_1	byte_exact	-	byte_exact	-	16.55	107	107
WESRES_comp_0	success	UFF_1	byte_exact	-	byte_exact	-	1.70	57	57
WETGOS_comp_0	success	UFF_1	byte_exact	-	byte_exact	-	10.21	99	99
WEVCEG_comp_0	success	UFF_1	byte_exact	-	key_equal	rdkit_canonical	3.45	106	106
WEVNUJ_comp_0	success	UFF_1	key_equal	slot_renumber	key_equal	slot_renumber	36.00	110	110
WEWREW_comp_0	success	UFF_1	byte_exact	-	byte_exact	-	7.22	130	130
WEXGAJ_comp_0	success	UFF_1	byte_exact	-	byte_exact	-	4.66	120	120
WEXGAJ_comp_1	success	UFF_1	byte_exact	-	byte_exact	-	3.36	120	120
WEXMOC_comp_0	success	UFF_1	byte_exact	-	byte_exact	-	3.77	83	83
WEXNUJ_comp_0	success	UFF_1	byte_exact	-	byte_exact	-	3.88	71	71
WEYDOW_comp_0	success	UFF_1	structural	-	byte_exact	-	56.53	94	71
WEYGAK_comp_0	success	UFF_1	byte_exact	-	byte_exact	-	3.20	50	50
WEYGOY_comp_0	success	UFF_1	byte_exact	-	byte_exact	-	2.63	62	62
WEYTEA_comp_0	success	UFF_1	byte_exact	-	byte_exact	-	2.00	102	102
WEYVON_comp_0	success	UFF_1	byte_exact	-	byte_exact	-	2.93	90	90
WEZDOW_comp_0	success	UFF_1	byte_exact	-	byte_exact	-	2.67	118	118
WIBCAO_comp_0	success	UFF_1	byte_exact	-	byte_exact	-	6.35	88	88
WIBTAD_comp_0	success	UFF_1	structural	-	byte_exact	-	268.85	100	84
WICHIA_comp_0	success	UFF_1	byte_exact	-	byte_exact	-	11.90	89	89
WICVOV_comp_0	success	UFF_1	byte_exact	-	byte_exact	-	5.18	142	142
WIFWAK_comp_0	success	UFF_1	byte_exact	-	byte_exact	-	1.63	63	63
WIJCAU_comp_0	success	UFF_1	byte_exact	-	byte_exact	-	2.82	105	105
WIJGIG_comp_0	success	UFF_1	byte_exact	-	byte_exact	-	4.20	63	63
WIJKAE_comp_0	success	UFF_1	byte_exact	-	byte_exact	-	24.18	110	110
WIJXAO_comp_0	success	UFF_1	byte_exact	-	byte_exact	-	2.95	56	56
WILBEZ_comp_0	success	UFF_1	byte_exact	-	byte_exact	-	6.15	92	92
WILBID_comp_0	success	UFF_1	byte_exact	-	byte_exact	-	2.63	94	94
WILXAT_comp_0	success	UFF_1	byte_exact	-	byte_exact	-	3.79	88	88
WIMJOS_comp_0	success	UFF_1	byte_exact	-	byte_exact	-	7.34	67	67
WINGEH_comp_0	success	UFF_1	byte_exact	-	byte_exact	-	11.86	79	79
WINJIO_comp_0	success	UFF_1	byte_exact	-	byte_exact	-	3.06	85	85
WIPRAR_comp_0	success	UFF_1	byte_exact	-	byte_exact	-	2.47	92	92
WIPWUQ_comp_0	success	UFF_1	byte_exact	-	byte_exact	-	3.23	107	107
WIPYIG_comp_0	success	UFF_1	byte_exact	-	byte_exact	-	2.83	92	92
WIPYUS_comp_0	success	UFF_1	byte_exact	-	byte_exact	-	5.89	53	53
WIPZAZ_comp_0	success	UFF_1	byte_exact	-	byte_exact	-	10.06	54	54
WIRVUR_comp_0	success	UFF_1	byte_exact	-	byte_exact	-	3.31	74	74
WIRWUS_comp_0	success	UFF_1	byte_exact	-	byte_exact	-	3.14	105	105
WIRXAZ_comp_0	success	UFF_1	byte_exact	-	byte_exact	-	5.09	115	115
WISCIN_comp_0	success	UFF_1	byte_exact	-	byte_exact	-	2.55	81	81
WISJUG_comp_0	success	UFF_1	structural	-	byte_exact	-	36.47	95	98
WIVCIP_comp_0	success	UFF_1	byte_exact	-	byte_exact	-	3.36	59	59
WIVJOD_comp_0	success	UFF_1	byte_exact	-	byte_exact	-	5.27	100	100
WIVKAQ_comp_0	success	UFF_1	byte_exact	-	byte_exact	-	7.12	100	100
WIVVAY_comp_0	success	UFF_1	byte_exact	-	byte_exact	-	2.27	101	101
WIVVIG_comp_0	success	UFF_1	byte_exact	-	byte_exact	-	3.23	136	136
WIVZAE_comp_0	success	UFF_1	byte_exact	-	byte_exact	-	4.03	46	46
WIWDUC_comp_0	success	UFF_1	byte_exact	-	byte_exact	-	2.77	74	74
WIWRIE_comp_0	success	UFF_1	structural	-	byte_exact	-	60.97	106	84
WIWVEG_comp_0	success	UFF_1	byte_exact	-	byte_exact	-	6.40	90	90
WIXJOE_comp_0	success	UFF_1	structural	-	byte_exact	-	17.25	101	102
WIXLUL_comp_0	success	UFF_1	structural	-	byte_exact	-	48.53	114	105
WIYNAV_comp_0	success	UFF_1	byte_exact	-	byte_exact	-	13.39	81	81
WIYZUA_comp_0	success	UFF_1	byte_exact	-	byte_exact	-	5.24	117	117
WIZHES_comp_0	success	UFF_1	byte_exact	-	byte_exact	-	6.34	122	122
WOBHON_comp_0	success	UFF_1	byte_exact	-	byte_exact	-	11.40	94	94
WOBJAB_comp_0	success	UFF_1	byte_exact	-	byte_exact	-	14.25	113	113
WOBLUX_comp_0	success	UFF_1	key_equal	slot_renumber	key_equal	slot_renumber	16.31	181	181
WOBRUD_comp_0	success	UFF_1	byte_exact	-	byte_exact	-	8.03	111	111
WOCMUX_comp_0	success	UFF_1	byte_exact	-	byte_exact	-	4.37	82	82
WOCNAE_comp_0	success	UFF_1	byte_exact	-	byte_exact	-	32.41	138	138
WOCQEL_comp_0	success	UFF_1	byte_exact	-	byte_exact	-	2.06	78	78
WOCTAL_comp_0	success	UFF_1	structural	-	byte_exact	-	24.11	127	127
WOCTEP_comp_0	success	UFF_1	structural	-	byte_exact	-	26.61	137	137
WODCIC_comp_0	failed	-	hard_fail	-	hard_fail	-	3.57	181	0
WODYAQ_comp_0	success	UFF_1	byte_exact	-	byte_exact	-	4.33	84	84
WODYOG_comp_0	success	UFF_1	byte_exact	-	byte_exact	-	4.01	68	68
WODYUM_comp_0	success	UFF_1	byte_exact	-	byte_exact	-	1.81	70	70
WOFGUT_comp_0	success	UFF_1	structural	-	byte_exact	-	244.63	121	126
WOFYOF_comp_0	success	UFF_1	key_equal	rdkit_canonical	byte_exact	-	32.05	99	84
WOGBOK_comp_0	failed	-	hard_fail	-	hard_fail	-	551.59	103	100
WOGJEK_comp_0	success	UFF_1	byte_exact	-	byte_exact	-	2.82	87	87
WOGREQ_comp_0	success	UFF_1	byte_exact	-	byte_exact	-	4.44	76	76
WOGWEU_comp_0	success	UFF_1	key_equal	rdkit_canonical	byte_exact	-	2.46	109	103
WOHNEM_comp_0	success	UFF_1	byte_exact	-	byte_exact	-	1.67	72	72
WOJDAB_comp_0	success	UFF_1	byte_exact	-	byte_exact	-	2.54	77	77
WOJHAF_comp_0	success	UFF_1	byte_exact	-	byte_exact	-	3.78	102	102
WOJSAQ_comp_0	success	UFF_1	byte_exact	-	byte_exact	-	73.55	163	163
WOJSUK_comp_0	success	UFF_1	byte_exact	-	byte_exact	-	21.58	155	155
WOJTEV_comp_0	success	UFF_1	byte_exact	-	byte_exact	-	25.39	139	139
WOJYEZ_comp_0	success	UFF_1	byte_exact	-	byte_exact	-	2.53	96	96
WOKBUT_comp_0	success	UFF_1	byte_exact	-	byte_exact	-	7.24	150	150
WOLRIA_comp_0	failed	-	hard_fail	-	hard_fail	-	300.13	95	0
WOLZII_comp_0	success	UFF_1	byte_exact	-	byte_exact	-	4.87	144	144
WOMQAR_comp_0	success	UFF_1	byte_exact	-	byte_exact	-	47.62	128	128
WOPKUK_comp_0	success	UFF_1	byte_exact	-	byte_exact	-	3.06	72	72
WOPXAB_comp_1	success	UFF_1	key_equal	slot_renumber	key_equal	slot_renumber	3.48	79	79
WORFUG_comp_1	success	UFF_1	byte_exact	-	byte_exact	-	2.37	86	86
WOSFOZ_comp_0	success	UFF_1	key_equal	rdkit_canonical	byte_exact	-	29.88	130	127
WOTQAZ_comp_0	failed	-	hard_fail	-	hard_fail	-	300.07	113	0
WOTZOW_comp_0	success	UFF_1	byte_exact	-	byte_exact	-	6.56	60	60
WOVWOV_comp_0	success	UFF_1	byte_exact	-	byte_exact	-	1.58	56	56
WOWCES_comp_0	success	UFF_1	byte_exact	-	byte_exact	-	2.54	85	85
WOWCOC_comp_0	success	UFF_1	byte_exact	-	byte_exact	-	4.04	75	75
WOWCUI_comp_0	success	UFF_1	byte_exact	-	byte_exact	-	10.54	71	71
WOXDIY_comp_0	success	UFF_1	byte_exact	-	byte_exact	-	2.95	82	82
WOXQOP_comp_0	success	UFF_1	byte_exact	-	byte_exact	-	7.15	64	64
WOXQUV_comp_0	success	UFF_1	byte_exact	-	byte_exact	-	2.85	53	53
WOYPAD_comp_0	success	UFF_1	byte_exact	-	byte_exact	-	2.04	80	80
WOYVAJ_comp_0	success	UFF_1	byte_exact	-	byte_exact	-	2.70	92	92
WOYYIU_comp_0	success	UFF_1	byte_exact	-	byte_exact	-	27.44	113	113
WUBKIP_comp_0	success	UFF_1	structural	-	byte_exact	-	10.17	81	83
WUBMIR_comp_0	success	UFF_1	byte_exact	-	byte_exact	-	3.78	76	76
WUBPOA_comp_0	success	UFF_1	byte_exact	-	byte_exact	-	2.38	76	76
WUBZIE_comp_0	success	UFF_1	byte_exact	-	byte_exact	-	3.19	82	82
WUCVUM_comp_0	success	UFF_1	byte_exact	-	byte_exact	-	2.07	96	96
WUDHIN_comp_0	success	UFF_1	byte_exact	-	byte_exact	-	16.74	106	106
WUFHAH_comp_0	success	UFF_1	byte_exact	-	byte_exact	-	4.52	98	98
WUFNEQ_comp_0	success	UFF_1	byte_exact	-	byte_exact	-	3.34	64	64
WUGKIU_comp_0	success	UFF_1	byte_exact	-	byte_exact	-	4.32	136	136
WUGTAU_comp_0	success	UFF_1	byte_exact	-	byte_exact	-	4.39	108	108
WUHBUY_comp_0	success	UFF_1	byte_exact	-	byte_exact	-	2.38	73	73
WUJKER_comp_0	success	UFF_1	byte_exact	-	byte_exact	-	12.39	118	118
WUJWIJ_comp_0	success	UFF_1	byte_exact	-	byte_exact	-	10.98	100	100
WULFOZ_comp_0	success	UFF_1	byte_exact	-	byte_exact	-	3.00	63	63
WUMBAI_comp_0	success	UFF_1	byte_exact	-	byte_exact	-	4.87	126	126
WUMJEU_comp_0	success	UFF_1	byte_exact	-	byte_exact	-	5.19	94	94
WUMJUK_comp_0	success	UFF_1	byte_exact	-	byte_exact	-	4.48	86	86
WUMPUR_comp_0	success	UFF_1	byte_exact	-	byte_exact	-	8.41	82	82
WUMQAY_comp_0	failed	-	hard_fail	-	hard_fail	-	1.51	72	0
WUMXOT_comp_0	success	UFF_1	byte_exact	-	byte_exact	-	3.16	80	80
WUNYAF_comp_0	success	UFF_1	structural	-	byte_exact	-	14.43	80	51
WUPZEN_comp_0	success	UFF_1	byte_exact	-	byte_exact	-	1.31	37	37
WUQQEG_comp_0	success	UFF_1	byte_exact	-	byte_exact	-	2.80	102	102
WUQSEG_comp_0	success	UFF_1	byte_exact	-	byte_exact	-	1.80	67	67
WURDUK_comp_0	success	UFF_1	byte_exact	-	byte_exact	-	3.58	86	86
WURFIA_comp_0	success	UFF_1	byte_exact	-	byte_exact	-	3.47	74	74
WURSIL_comp_0	success	UFF_1	key_equal	rdkit_canonical	byte_exact	-	8.55	164	152
WUSBIV_comp_0	success	UFF_1	byte_exact	-	byte_exact	-	2.54	84	84
WUSJAW_comp_0	success	UFF_1	structural	-	byte_exact	-	27.69	91	64
WUSTIP_comp_0	success	UFF_1	byte_exact	-	key_equal	rdkit_canonical	2.08	66	66
WUTNUW_comp_0	success	UFF_1	byte_exact	-	byte_exact	-	16.14	110	110
WUVGOK_comp_0	success	UFF_1	byte_exact	-	byte_exact	-	2.62	76	76
WUVNUW_comp_0	success	UFF_1	byte_exact	-	byte_exact	-	6.81	100	100
WUVNUW_comp_1	success	UFF_1	key_equal	slot_renumber	key_equal	slot_renumber	3.14	91	91
WUVPAE_comp_0	success	UFF_1	key_equal	slot_renumber	key_equal	slot_renumber	3.29	97	97
WUWNOT_comp_0	success	UFF_1	key_equal	slot_renumber	key_equal	slot_renumber	48.86	88	88
WUWRIP_comp_0	success	UFF_1	byte_exact	-	byte_exact	-	36.56	131	131
WUXKUW_comp_0	success	UFF_1	key_equal	slot_renumber	key_equal	slot_renumber	15.44	107	107
WUYFUT_comp_0	success	UFF_1	byte_exact	-	byte_exact	-	110.40	112	112
WUYWET_comp_0	success	UFF_1	structural	-	byte_exact	-	74.33	156	134
WUZREP_comp_0	success	UFF_1	byte_exact	-	byte_exact	-	1.87	71	71
XABDAI_comp_0	success	UFF_1	byte_exact	-	byte_exact	-	2.35	82	82
XABQEZ_comp_0	success	UFF_1	byte_exact	-	byte_exact	-	2.34	70	70
XACXAB_comp_0	success	UFF_1	byte_exact	-	byte_exact	-	18.88	130	130
XADBEL_comp_0	success	UFF_1	byte_exact	-	byte_exact	-	2.82	109	109
XADXOP_comp_0	success	UFF_1	key_equal	slot_renumber	key_equal	slot_renumber	1.61	40	40
XAGPAZ_comp_0	success	UFF_1	structural	-	byte_exact	-	12.49	70	39
XAGZAG_comp_0	success	UFF_1	byte_exact	-	byte_exact	-	3.90	142	142
XAHNIE_comp_0	success	UFF_1	byte_exact	-	byte_exact	-	2.88	66	66
XAHNOK_comp_0	success	UFF_1	byte_exact	-	byte_exact	-	3.01	64	64
XAHNUQ_comp_0	success	UFF_1	byte_exact	-	byte_exact	-	4.53	76	76
XAJBIW_comp_0	failed	-	hard_fail	-	hard_fail	-	154.31	64	69
XAJLUQ_comp_0	success	UFF_1	byte_exact	-	byte_exact	-	1.50	53	53
XAJNII_comp_0	success	UFF_1	byte_exact	-	byte_exact	-	3.71	79	79
XAKCAP_comp_0	failed	-	hard_fail	-	hard_fail	-	6.06	83	83
XAKLEC_comp_0	success	g-xTB_1	byte_exact	-	byte_exact	-	182.30	67	67
XALHIB_comp_0	success	UFF_1	byte_exact	-	byte_exact	-	1.76	65	65
XALTOW_comp_0	success	UFF_1	byte_exact	-	byte_exact	-	4.32	150	150
XAMNUV_comp_0	success	UFF_1	byte_exact	-	byte_exact	-	2.62	97	97
XAMPIL_comp_0	success	UFF_1	byte_exact	-	byte_exact	-	3.89	113	113
XAMQAG_comp_0	success	UFF_1	byte_exact	-	byte_exact	-	14.62	125	125
XAMSAG_comp_0	success	UFF_1	byte_exact	-	byte_exact	-	4.28	87	87
XAMTAH_comp_0	success	UFF_1	byte_exact	-	byte_exact	-	2.77	102	102
XAMTEL_comp_0	success	UFF_1	byte_exact	-	byte_exact	-	4.26	76	76
XANFEZ_comp_0	success	UFF_1	structural	-	byte_exact	-	30.60	131	133
XANKAA_comp_0	success	UFF_1	structural	-	byte_exact	-	153.66	110	95
XANWAL_comp_0	success	UFF_1	byte_exact	-	byte_exact	-	3.05	97	97
XAPHEB_comp_0	success	UFF_1	byte_exact	-	byte_exact	-	6.28	84	84
XAPLUW_comp_0	success	UFF_1	byte_exact	-	byte_exact	-	2.80	98	98
XAQDUO_comp_0	success	UFF_1	byte_exact	-	byte_exact	-	2.36	81	81
XAQFAW_comp_0	success	UFF_1	byte_exact	-	byte_exact	-	5.73	75	75
XAQFEA_comp_0	success	UFF_1	byte_exact	-	byte_exact	-	7.64	80	80
XARHAC_comp_0	success	UFF_1	byte_exact	-	key_equal	rdkit_canonical	1.95	71	71
XARQUD_comp_0	success	UFF_1	byte_exact	-	byte_exact	-	2.31	82	82
XATHEG_comp_0	success	UFF_1	byte_exact	-	byte_exact	-	9.60	96	96
XATXOH_comp_0	success	UFF_1	structural	-	byte_exact	-	215.94	56	50
XAVNOZ_comp_0	success	UFF_1	byte_exact	-	byte_exact	-	2.92	99	99
XAVXUP_comp_0	success	UFF_1	byte_exact	-	byte_exact	-	12.60	62	62
XAWHOU_comp_0	success	UFF_1	key_equal	slot_renumber	key_equal	slot_renumber	6.94	120	120
XAWJEL_comp_0	success	UFF_1	key_equal	rdkit_canonical	byte_exact	-	50.73	80	68
XAWKOV_comp_1	success	UFF_1	byte_exact	-	byte_exact	-	6.52	114	114
XAWKUB_comp_1	success	UFF_1	byte_exact	-	byte_exact	-	96.39	123	123
XAWSET_comp_0	failed	-	encode_fail	-	encode_fail	-	300.52	0	0
XAWZEA_comp_0	success	UFF_1	byte_exact	-	byte_exact	-	15.00	128	128
XAXBAZ_comp_0	success	UFF_1	structural	-	byte_exact	-	13.27	77	77
XAXNIU_comp_0	success	UFF_1	byte_exact	-	byte_exact	-	6.39	105	105
XAXYIG_comp_0	success	UFF_1	byte_exact	-	byte_exact	-	8.36	86	86
XAYPOF_comp_0	success	UFF_1	byte_exact	-	byte_exact	-	1.84	62	62
XAYWUS_comp_0	success	UFF_1	byte_exact	-	byte_exact	-	4.66	79	79
XAZBEI_comp_0	success	UFF_1	byte_exact	-	byte_exact	-	13.13	67	67
XEBVIM_comp_0	success	UFF_1	byte_exact	-	byte_exact	-	8.89	130	130
XECJAS_comp_0	success	UFF_1	byte_exact	-	byte_exact	-	4.63	72	72
XECSIJ_comp_0	success	UFF_1	structural	-	byte_exact	-	102.37	79	66
XECTAA_comp_0	success	UFF_1	structural	-	byte_exact	-	14.56	68	61
XECTAC_comp_0	success	g-xTB_1	byte_exact	-	byte_exact	-	130.49	66	66
XEDPAZ_comp_0	success	UFF_1	byte_exact	-	byte_exact	-	11.15	104	104
XEDYIO_comp_0	success	UFF_1	byte_exact	-	byte_exact	-	3.29	111	111
XEFHAS_comp_0	success	UFF_1	byte_exact	-	byte_exact	-	168.69	134	134
XEFMOL_comp_0	success	UFF_1	byte_exact	-	byte_exact	-	8.10	87	87
XEFPON_comp_0	success	UFF_1	structural	-	byte_exact	-	11.36	71	65
XEFPOO_comp_0	success	UFF_1	byte_exact	-	byte_exact	-	8.77	68	68
XEFQAB_comp_0	success	UFF_1	byte_exact	-	byte_exact	-	21.68	71	71
XEFRIK_comp_0	success	UFF_1	byte_exact	-	byte_exact	-	7.35	66	66
XEFROQ_comp_0	success	UFF_1	key_equal	slot_renumber	key_equal	slot_renumber	7.25	63	63
XEGFUN_comp_0	success	UFF_1	byte_exact	-	byte_exact	-	5.95	90	90
XEHLOO_comp_0	success	UFF_1	key_equal	slot_renumber	key_equal	slot_renumber	4.18	87	87
XEJGOK_comp_0	success	UFF_1	key_equal	slot_renumber	key_equal	slot_renumber	196.53	90	90
XEJKIH_comp_0	success	UFF_1	byte_exact	-	byte_exact	-	7.88	93	93
XEJXUH_comp_0	success	UFF_1	byte_exact	-	byte_exact	-	4.23	72	72
XEKJIJ_comp_0	success	UFF_1	byte_exact	-	byte_exact	-	6.91	86	86
XEKTAK_comp_0	success	UFF_1	byte_exact	-	byte_exact	-	2.25	92	92
XEKWUH_comp_0	success	UFF_1	byte_exact	-	byte_exact	-	3.04	61	61
XEKXUJ_comp_0	success	UFF_1	byte_exact	-	byte_exact	-	7.04	152	152
XELDEX_comp_0	success	UFF_1	byte_exact	-	byte_exact	-	7.78	85	85
XELDIE_comp_0	success	UFF_1	byte_exact	-	byte_exact	-	2.29	62	62
XEMFEA_comp_0	success	UFF_1	byte_exact	-	byte_exact	-	9.84	105	105
XENNIO_comp_0	failed	-	hard_fail	-	hard_fail	-	38.87	110	108
XENZAR_comp_0	success	UFF_1	byte_exact	-	byte_exact	-	8.16	105	105
XENZAS_comp_0	failed	-	hard_fail	-	hard_fail	-	300.20	115	0
XEPCAX_comp_0	success	UFF_1	key_equal	rdkit_canonical	byte_exact	-	13.26	71	62
XEPCEA_comp_0	success	UFF_1	byte_exact	-	byte_exact	-	3.74	105	105
XEPWEV_comp_0	success	UFF_1	byte_exact	-	byte_exact	-	6.18	85	85
XEPXOH_comp_0	success	UFF_1	byte_exact	-	byte_exact	-	11.78	183	183
XEQPOZ_comp_0	success	UFF_1	byte_exact	-	byte_exact	-	2.05	78	78
XEQPUF_comp_0	success	UFF_1	byte_exact	-	byte_exact	-	3.94	99	99
XEQROC_comp_0	success	UFF_1	byte_exact	-	byte_exact	-	12.03	139	139
XEQRUI_comp_0	success	UFF_1	key_equal	rdkit_canonical	byte_exact	-	23.15	153	141
XEQWIZ_comp_0	success	UFF_1	byte_exact	-	byte_exact	-	8.66	88	88
XESCAB_comp_0	success	UFF_1	key_equal	rdkit_canonical	byte_exact	-	2.02	106	94
XESHAH_comp_0	success	UFF_1	key_equal	slot_renumber	key_equal	slot_renumber	6.41	115	115
XESTEW_comp_0	success	UFF_1	byte_exact	-	byte_exact	-	3.24	76	76
XETTOH_comp_0	success	UFF_1	byte_exact	-	byte_exact	-	6.46	107	107
XEVFUA_comp_0	success	UFF_1	structural	-	byte_exact	-	14.33	78	79
XEVMIV_comp_0	success	UFF_1	structural	-	byte_exact	-	42.43	96	65
XEVNIW_comp_0	success	UFF_1	byte_exact	-	byte_exact	-	2.03	86	86
XEVPAQ_comp_0	success	UFF_1	byte_exact	-	byte_exact	-	1.56	76	76
XEWHUF_comp_0	success	UFF_1	byte_exact	-	byte_exact	-	3.24	112	112
XEWSID_comp_0	success	UFF_1	structural	-	byte_exact	-	78.33	99	111
XEXMIZ_comp_1	success	UFF_1	key_equal	slot_renumber	key_equal	slot_renumber	143.14	124	124
XEXMUL_comp_0	success	UFF_1	key_equal	slot_renumber	key_equal	slot_renumber	30.48	120	120
XEXNEW_comp_0	success	UFF_1	byte_exact	-	byte_exact	-	5.35	131	131
XEXNUM_comp_0	success	UFF_1	byte_exact	-	byte_exact	-	10.25	109	109
XEXPAU_comp_0	success	UFF_1	byte_exact	-	key_equal	rdkit_canonical	21.13	145	145
XEXZAD_comp_0	success	UFF_1	byte_exact	-	byte_exact	-	2.33	51	51
XEYLIX_comp_0	success	UFF_1	facmer_divergent	-	byte_exact	-	30.85	72	53
XEYVEE_comp_0	success	UFF_1	byte_exact	-	byte_exact	-	3.37	105	105
XEZPIE_comp_0	success	UFF_1	byte_exact	-	byte_exact	-	6.68	89	89
XEZSUS_comp_0	success	UFF_1	byte_exact	-	byte_exact	-	3.84	127	127
XEZTED_comp_0	success	UFF_1	key_equal	slot_renumber	key_equal	slot_renumber	6.27	114	114
XEZVII_comp_0	success	UFF_1	byte_exact	-	byte_exact	-	12.49	112	112
XEZYOS_comp_0	success	UFF_1	byte_exact	-	byte_exact	-	5.07	73	73
XIBHEX_comp_0	success	UFF_1	byte_exact	-	byte_exact	-	5.21	71	71
XIBKIF_comp_0	success	UFF_1	byte_exact	-	byte_exact	-	3.34	88	88
XICDUK_comp_0	success	UFF_1	byte_exact	-	byte_exact	-	16.62	125	125
XIDKAW_comp_0	success	UFF_1	byte_exact	-	byte_exact	-	11.46	96	96
XIDKON_comp_0	success	UFF_1	byte_exact	-	byte_exact	-	5.70	74	74
XIDROS_comp_0	success	UFF_1	byte_exact	-	byte_exact	-	16.29	95	95
XIFCAT_comp_0	success	UFF_1	byte_exact	-	byte_exact	-	4.34	74	74
XIGHIE_comp_1	success	UFF_1	byte_exact	-	byte_exact	-	4.75	64	64
XIJFII_comp_0	success	UFF_1	byte_exact	-	byte_exact	-	2.78	116	116
XIJGAZ_comp_0	success	UFF_1	byte_exact	-	byte_exact	-	3.28	102	102
XIJQAJ_comp_0	success	UFF_1	byte_exact	-	key_equal	slot_renumber	11.71	127	127
XIKFAZ_comp_0	success	UFF_1	byte_exact	-	byte_exact	-	5.76	107	107
XIKLUY_comp_0	success	UFF_1	byte_exact	-	byte_exact	-	2.29	31	31
XIKXIB_comp_0	success	UFF_1	byte_exact	-	byte_exact	-	9.63	101	101
XIKZAU_comp_0	success	UFF_1	byte_exact	-	byte_exact	-	10.09	134	134
XILBIF_comp_0	success	UFF_1	byte_exact	-	byte_exact	-	7.20	86	86
XILCOM_comp_0	success	UFF_1	byte_exact	-	byte_exact	-	205.56	147	147
XILCUS_comp_0	success	UFF_1	key_equal	rdkit_canonical	key_equal	slot_renumber	228.81	148	130
XILVAR_comp_0	success	UFF_1	byte_exact	-	byte_exact	-	5.69	60	60
XIMGEG_comp_0	success	UFF_1	byte_exact	-	byte_exact	-	1.69	60	60
XIMWIB_comp_0	success	UFF_1	byte_exact	-	byte_exact	-	12.16	106	106
XINMEN_comp_0	success	UFF_1	byte_exact	-	byte_exact	-	22.08	99	99
XINRUK_comp_0	success	UFF_1	byte_exact	-	byte_exact	-	7.24	89	89
XIPCAB_comp_0	success	UFF_1	byte_exact	-	byte_exact	-	2.24	77	77
XIPJEL_comp_0	success	UFF_1	byte_exact	-	byte_exact	-	2.12	80	80
XIPJOV_comp_0	success	UFF_1	byte_exact	-	byte_exact	-	1.46	72	72
XIPNEP_comp_0	success	UFF_1	byte_exact	-	byte_exact	-	1.78	66	66
XIPQIY_comp_0	success	UFF_1	key_equal	slot_renumber	key_equal	slot_renumber	11.88	98	98
XIPSEV_comp_0	success	UFF_1	byte_exact	-	byte_exact	-	3.91	106	106
XIQBOO_comp_0	success	UFF_1	byte_exact	-	byte_exact	-	2.54	78	78
XIQCAB_comp_0	success	UFF_1	byte_exact	-	byte_exact	-	2.40	57	57
XIQKIT_comp_0	success	UFF_1	byte_exact	-	byte_exact	-	1.37	42	42
XIQKOZ_comp_0	success	UFF_1	byte_exact	-	byte_exact	-	1.91	66	66
XIQNAO_comp_1	success	UFF_1	byte_exact	-	byte_exact	-	3.05	93	93
XIRWIG_comp_0	success	UFF_1	byte_exact	-	byte_exact	-	17.29	116	116
XISBAC_comp_0	success	UFF_1	key_equal	slot_renumber	key_equal	slot_renumber	2.17	73	73
XISBEH_comp_0	success	UFF_1	key_equal	slot_renumber	key_equal	slot_renumber	6.22	78	78
XISCIL_comp_0	success	UFF_1	key_equal	rdkit_canonical	byte_exact	-	4.57	83	77
XITCIO_comp_0	success	UFF_1	structural	-	byte_exact	-	35.69	117	118
XIVBIN_comp_0	success	UFF_1	byte_exact	-	byte_exact	-	185.53	166	166
XIVMEX_comp_0	success	UFF_1	structural	-	key_equal	rdkit_canonical	96.72	89	95
XIVQID_comp_0	success	UFF_1	byte_exact	-	byte_exact	-	7.74	110	110
XIVTOO_comp_0	success	UFF_1	byte_exact	-	byte_exact	-	12.35	97	97
XIVTUS_comp_0	success	UFF_1	key_equal	slot_renumber	key_equal	slot_renumber	11.18	106	106
XIVYIL_comp_0	success	UFF_1	structural	-	key_equal	slot_renumber	8.82	74	80
XIVYOR_comp_0	success	UFF_1	byte_exact	-	byte_exact	-	1.92	48	48
XIWFER_comp_0	success	UFF_1	byte_exact	-	byte_exact	-	5.91	93	93
XIWWUY_comp_0	success	UFF_1	byte_exact	-	byte_exact	-	1.97	54	54
XIWXIN_comp_0	success	UFF_1	byte_exact	-	byte_exact	-	3.86	55	55
XIXNID_comp_0	success	UFF_1	byte_exact	-	byte_exact	-	2.12	93	93
XIXPEB_comp_0	success	UFF_1	key_equal	slot_renumber	key_equal	slot_renumber	3.83	91	91
XIXPIF_comp_0	success	UFF_1	key_equal	slot_renumber	key_equal	slot_renumber	3.76	90	90
XIXPUR_comp_0	success	UFF_1	structural	-	key_equal	slot_renumber	224.75	114	92
XIXQUS_comp_0	success	UFF_1	byte_exact	-	byte_exact	-	3.26	100	100
XIXRAZ_comp_0	success	UFF_1	byte_exact	-	byte_exact	-	28.57	90	90
XIXTUV_comp_0	success	UFF_1	byte_exact	-	byte_exact	-	5.53	68	68
XIXVIL_comp_0	success	UFF_1	byte_exact	-	byte_exact	-	5.41	57	57
XIXXUZ_comp_0	success	UFF_1	byte_exact	-	byte_exact	-	4.89	92	92
XIYCUF_comp_0	success	UFF_1	key_equal	rdkit_canonical	byte_exact	-	80.03	120	114
XIYGIW_comp_0	success	UFF_1	byte_exact	-	byte_exact	-	1.82	54	54
XIYKIZ_comp_0	success	UFF_1	byte_exact	-	byte_exact	-	7.25	102	102
XIYQOM_comp_0	success	UFF_1	byte_exact	-	byte_exact	-	2.60	71	71
XIZFAQ_comp_0	success	UFF_1	byte_exact	-	byte_exact	-	1.06	24	24
XIZWUZ_comp_0	success	UFF_1	facmer_divergent	-	byte_exact	-	44.73	98	102
XOBXIX_comp_0	success	UFF_1	byte_exact	-	byte_exact	-	5.09	76	76
XOCPOX_comp_0	success	UFF_1	byte_exact	-	byte_exact	-	3.79	105	105
XOCREO_comp_0	success	UFF_1	byte_exact	-	byte_exact	-	5.69	61	61
XODQUD_comp_0	success	UFF_1	byte_exact	-	byte_exact	-	2.83	97	97
XODREO_comp_0	success	UFF_1	byte_exact	-	byte_exact	-	3.17	97	97
XOFTIX_comp_0	success	UFF_1	byte_exact	-	byte_exact	-	5.14	82	82
XOGBUT_comp_0	success	UFF_1	byte_exact	-	byte_exact	-	2.68	77	77
XOGCUU_comp_0	success	UFF_1	byte_exact	-	byte_exact	-	2.08	78	78
XOGDEF_comp_0	success	UFF_1	byte_exact	-	byte_exact	-	6.92	84	84
XOGVUM_comp_0	success	UFF_1	byte_exact	-	byte_exact	-	4.33	140	140
XOJZOO_comp_0	success	UFF_1	byte_exact	-	byte_exact	-	5.00	102	102
XOKPES_comp_0	success	UFF_1	byte_exact	-	byte_exact	-	8.54	101	101
XOKVOK_comp_0	success	UFF_1	byte_exact	-	byte_exact	-	3.91	98	98
XOLFEM_comp_0	success	UFF_1	byte_exact	-	byte_exact	-	1.51	43	43
XOMKUG_comp_0	failed	-	hard_fail	-	hard_fail	-	466.31	189	202
XOMMAN_comp_0	success	UFF_1	byte_exact	-	byte_exact	-	1.26	44	44
XOMXAY_comp_0	success	UFF_1	byte_exact	-	byte_exact	-	2.39	82	82
XONHIU_comp_0	success	UFF_1	key_equal	slot_renumber	key_equal	slot_renumber	14.64	113	113
XONKAO_comp_0	success	UFF_1	byte_exact	-	byte_exact	-	6.15	105	105
XONWAA_comp_0	success	UFF_1	byte_exact	-	byte_exact	-	2.74	89	89
XOQBOV_comp_0	success	UFF_1	byte_exact	-	byte_exact	-	3.23	82	82
XOQSAZ_comp_0	success	UFF_1	byte_exact	-	byte_exact	-	14.77	97	97
XOQSON_comp_0	success	UFF_1	byte_exact	-	byte_exact	-	3.92	76	76
XOSCIT_comp_0	failed	-	hard_fail	-	hard_fail	-	300.45	126	0
XOSMOH_comp_0	success	UFF_1	byte_exact	-	byte_exact	-	28.23	120	120
XOSYIO_comp_0	success	UFF_1	byte_exact	-	byte_exact	-	2.11	68	68
XOTHOF_comp_0	success	UFF_1	byte_exact	-	byte_exact	-	3.04	72	72
XOVFIX_comp_0	success	UFF_1	byte_exact	-	byte_exact	-	2.59	73	73
XOVFIZ_comp_0	success	UFF_1	byte_exact	-	key_equal	rdkit_canonical	1.64	52	52
XOVMEC_comp_0	success	UFF_1	byte_exact	-	byte_exact	-	6.95	136	136
XOVMIG_comp_0	success	UFF_1	key_equal	slot_renumber	key_equal	slot_renumber	16.86	111	111
XOVPUV_comp_0	success	UFF_1	byte_exact	-	byte_exact	-	2.64	112	112
XOVQAC_comp_0	success	UFF_1	byte_exact	-	byte_exact	-	4.43	106	106
XOVZOX_comp_0	success	UFF_1	byte_exact	-	byte_exact	-	2.46	98	98
XOWNII_comp_0	success	UFF_1	byte_exact	-	byte_exact	-	11.08	109	109
XOWYOY_comp_0	success	UFF_1	byte_exact	-	byte_exact	-	4.36	114	114
XOXMIG_comp_0	success	UFF_1	byte_exact	-	byte_exact	-	10.20	103	103
XOXXIT_comp_0	success	UFF_1	byte_exact	-	byte_exact	-	1.42	96	96
XOXYUF_comp_0	success	UFF_1	byte_exact	-	byte_exact	-	3.91	87	87
XOXYUG_comp_0	success	UFF_1	byte_exact	-	byte_exact	-	1.99	68	68
XOYCOE_comp_0	success	UFF_1	structural	-	byte_exact	-	125.10	143	153
XOYLUT_comp_0	success	UFF_1	byte_exact	-	byte_exact	-	4.67	103	103
XOZLED_comp_0	success	UFF_1	byte_exact	-	byte_exact	-	4.78	77	77
XOZWUE_comp_0	success	UFF_1	byte_exact	-	byte_exact	-	1.10	50	50
XUBDIJ_comp_0	success	UFF_1	byte_exact	-	byte_exact	-	3.21	72	72
XUDDAB_comp_0	success	UFF_1	byte_exact	-	byte_exact	-	2.25	93	93
XUDFAD_comp_0	success	UFF_1	byte_exact	-	byte_exact	-	2.24	64	64
XUDTUN_comp_0	success	UFF_1	byte_exact	-	byte_exact	-	3.12	71	71
XUDVIC_comp_0	success	UFF_1	byte_exact	-	byte_exact	-	10.11	134	134
XUFHOW_comp_0	success	UFF_1	byte_exact	-	byte_exact	-	1.93	68	68
XUHPOH_comp_0	success	UFF_1	byte_exact	-	byte_exact	-	3.04	78	78
XUHXAA_comp_0	failed	-	hard_fail	-	hard_fail	-	300.39	94	0
XULPUP_comp_0	success	UFF_1	byte_exact	-	byte_exact	-	1.17	46	46
XUMJIY_comp_0	success	UFF_1	byte_exact	-	byte_exact	-	2.98	83	83
XUMXUZ_comp_0	success	UFF_1	byte_exact	-	byte_exact	-	3.62	73	73
XUMYAG_comp_0	success	UFF_1	byte_exact	-	byte_exact	-	1.75	68	68
XUNNEA_comp_0	success	UFF_1	byte_exact	-	byte_exact	-	14.18	135	135
XUPNAX_comp_0	success	UFF_1	byte_exact	-	byte_exact	-	2.52	111	111
XUPQEF_comp_0	success	UFF_1	byte_exact	-	byte_exact	-	4.38	90	90
XUPTEJ_comp_0	success	UFF_1	byte_exact	-	byte_exact	-	3.44	84	84
XUPVUB_comp_0	success	UFF_1	byte_exact	-	byte_exact	-	5.53	93	93
XUPWIQ_comp_0	success	UFF_1	byte_exact	-	byte_exact	-	2.55	112	112
XUQDUJ_comp_0	success	UFF_1	byte_exact	-	byte_exact	-	2.10	56	56
XUTSAI_comp_0	success	UFF_1	byte_exact	-	byte_exact	-	3.14	94	94
XUWGOL_comp_0	success	UFF_1	structural	-	byte_exact	-	8.65	78	80
XUWHAA_comp_0	success	UFF_1	structural	-	byte_exact	-	37.77	102	72
XUWLEH_comp_0	success	UFF_1	structural	-	key_equal	slot_renumber	33.53	84	88
XUXKUY_comp_0	success	UFF_1	byte_exact	-	byte_exact	-	2.55	87	87
XUXLAF_comp_0	success	UFF_1	byte_exact	-	byte_exact	-	3.33	86	86
XUXLEJ_comp_0	success	UFF_1	byte_exact	-	byte_exact	-	2.23	78	78
XUYDIE_comp_0	success	UFF_1	byte_exact	-	byte_exact	-	1.61	69	69
XUYWUJ_comp_0	success	UFF_1	byte_exact	-	byte_exact	-	2.02	66	66
XUZHAB_comp_0	success	UFF_1	structural	-	byte_exact	-	63.45	121	78
XUZMIQ_comp_0	success	UFF_1	key_equal	slot_renumber	byte_exact	-	3.60	78	78
XUZWOG_comp_0	success	UFF_1	byte_exact	-	byte_exact	-	1.79	62	62
YABGAK_comp_0	success	UFF_1	byte_exact	-	byte_exact	-	1.38	54	54
YABZAE_comp_0	success	UFF_1	byte_exact	-	byte_exact	-	3.97	69	69
YADBIP_comp_0	success	UFF_1	structural	-	byte_exact	-	39.95	78	82
YADLUN_comp_0	success	UFF_1	byte_exact	-	byte_exact	-	6.35	156	156
YADSON_comp_0	success	UFF_1	byte_exact	-	byte_exact	-	2.83	107	107
YAFFAP_comp_0	success	UFF_1	byte_exact	-	byte_exact	-	1.54	64	64
YAFLOI_comp_0	success	UFF_1	byte_exact	-	byte_exact	-	1.86	60	60
YAHPUT_comp_0	success	UFF_1	byte_exact	-	byte_exact	-	1.98	68	68
YAHVEL_comp_0	success	UFF_1	byte_exact	-	byte_exact	-	24.35	117	117
YAJYAJ_comp_0	success	UFF_1	key_equal	slot_renumber	key_equal	slot_renumber	8.37	60	60
YAJYEO_comp_0	success	UFF_1	key_equal	rdkit_canonical	key_equal	rdkit_canonical	221.21	197	197
YAKCEU_comp_0	success	UFF_1	byte_exact	-	byte_exact	-	55.82	204	204
YAKDUL_comp_0	success	UFF_1	byte_exact	-	byte_exact	-	2.34	81	81
YAKGOI_comp_0	success	UFF_1	byte_exact	-	byte_exact	-	12.67	88	88
YAKLUR_comp_0	success	UFF_1	byte_exact	-	byte_exact	-	2.42	54	54
YAKTAG_comp_0	success	UFF_1	byte_exact	-	byte_exact	-	7.60	112	112
YAKTIP_comp_0	success	UFF_1	byte_exact	-	byte_exact	-	3.30	89	89
YALBAO_comp_0	success	UFF_1	byte_exact	-	byte_exact	-	4.75	74	74
YALGUQ_comp_0	success	UFF_1	byte_exact	-	byte_exact	-	1.92	66	66
YALNEH_comp_0	success	UFF_1	byte_exact	-	byte_exact	-	4.18	95	95
YALZIV_comp_0	success	UFF_1	byte_exact	-	byte_exact	-	5.23	206	206
YAMMAD_comp_0	success	UFF_1	byte_exact	-	byte_exact	-	10.24	99	99
YAMMUW_comp_0	success	UFF_1	byte_exact	-	byte_exact	-	7.16	72	72
YANCOH_comp_0	success	UFF_1	byte_exact	-	byte_exact	-	16.75	79	79
YANRUB_comp_0	success	UFF_1	byte_exact	-	byte_exact	-	1.74	106	106
YANSEM_comp_0	success	UFF_1	byte_exact	-	byte_exact	-	2.80	108	108
YAPSIT_comp_0	success	UFF_1	structural	-	key_equal	slot_renumber	113.63	120	126
YAPVES_comp_0	success	UFF_1	byte_exact	-	byte_exact	-	82.47	109	109
YAPWAO_comp_0	success	UFF_1	byte_exact	-	byte_exact	-	6.10	89	89
YAPXUJ_comp_0	success	UFF_1	byte_exact	-	byte_exact	-	3.94	67	67
YAQMOU_comp_0	success	UFF_1	byte_exact	-	byte_exact	-	158.43	80	80
YAQMUA_comp_0	success	UFF_1	byte_exact	-	byte_exact	-	6.56	72	72
YARBOL_comp_0	success	UFF_1	byte_exact	-	byte_exact	-	1.93	62	62
YARYOI_comp_0	failed	-	hard_fail	-	hard_fail	-	489.36	146	144
YATGAC_comp_0	success	UFF_1	byte_exact	-	byte_exact	-	3.41	103	103
YATMUC_comp_0	success	UFF_1	byte_exact	-	byte_exact	-	125.00	115	115
YATNEN_comp_0	success	UFF_1	byte_exact	-	byte_exact	-	33.74	119	119
YATSEU_comp_0	success	UFF_1	byte_exact	-	byte_exact	-	3.11	90	90
YATSIY_comp_0	success	UFF_1	byte_exact	-	byte_exact	-	3.13	87	87
YATXAV_comp_0	success	UFF_1	byte_exact	-	byte_exact	-	6.42	69	69
YATXEZ_comp_0	success	UFF_1	byte_exact	-	byte_exact	-	2.22	72	72
YAVHEJ_comp_0	success	UFF_1	byte_exact	-	byte_exact	-	3.50	70	70
YAVHIN_comp_1	success	UFF_1	structural	-	byte_exact	-	12.30	80	84
YAVJOX_comp_0	success	UFF_1	byte_exact	-	byte_exact	-	3.53	88	88
YAVKEO_comp_0	success	UFF_1	byte_exact	-	byte_exact	-	3.27	88	88
YAVLEP_comp_0	success	UFF_1	byte_exact	-	byte_exact	-	3.10	79	79
YAXSIC_comp_0	success	UFF_1	byte_exact	-	byte_exact	-	2.10	67	67
YAXTUN_comp_0	success	UFF_1	byte_exact	-	byte_exact	-	6.09	87	87
YAXWEA_comp_0	success	UFF_1	key_equal	rdkit_canonical	byte_exact	-	1.78	80	68
YAYDEK_comp_0	success	UFF_1	byte_exact	-	byte_exact	-	6.47	119	119
YEBPEC_comp_0	success	UFF_1	structural	-	byte_exact	-	24.60	102	96
YEBVIL_comp_0	success	UFF_1	byte_exact	-	byte_exact	-	3.81	97	97
YEDBUG_comp_0	success	UFF_1	byte_exact	-	byte_exact	-	2.17	63	63
YEDDIV_comp_0	success	UFF_1	byte_exact	-	byte_exact	-	4.95	108	108
YEDHAT_comp_0	success	UFF_1	byte_exact	-	byte_exact	-	1.67	61	61
YEDHIB_comp_0	success	UFF_1	byte_exact	-	byte_exact	-	2.87	73	73
YEDKEZ_comp_0	success	UFF_1	byte_exact	-	byte_exact	-	4.44	67	67
YEGCET_comp_0	success	UFF_1	byte_exact	-	byte_exact	-	16.27	78	78
YEGDIA_comp_0	success	UFF_1	byte_exact	-	byte_exact	-	2.61	84	84
YEGLEC_comp_0	success	UFF_1	byte_exact	-	byte_exact	-	3.91	76	76
YEGLIG_comp_0	success	UFF_1	byte_exact	-	byte_exact	-	1.76	72	72
YEGROU_comp_0	success	UFF_1	byte_exact	-	byte_exact	-	7.13	136	136
YEHBAP_comp_0	success	UFF_1	byte_exact	-	byte_exact	-	20.35	111	111
YEHDIZ_comp_0	success	UFF_1	byte_exact	-	byte_exact	-	3.57	70	70
YEHHUP_comp_0	success	UFF_1	structural	-	byte_exact	-	46.22	84	68
YEJDAS_comp_0	success	UFF_1	byte_exact	-	byte_exact	-	26.50	86	86
YEJFIC_comp_0	success	UFF_1	key_equal	slot_renumber	key_equal	slot_renumber	2.49	87	87
YEJXUH_comp_0	success	UFF_1	byte_exact	-	byte_exact	-	3.08	72	72
YEKHOM_comp_0	success	UFF_1	byte_exact	-	byte_exact	-	9.90	71	71
YEKQAJ_comp_0	success	UFF_1	byte_exact	-	byte_exact	-	3.30	81	81
YEKSAL_comp_0	success	UFF_1	byte_exact	-	byte_exact	-	3.51	62	62
YEMFEE_comp_0	success	UFF_1	byte_exact	-	byte_exact	-	3.17	60	60
YEMFOO_comp_0	success	UFF_1	byte_exact	-	byte_exact	-	1.57	63	63
YENBAW_comp_0	success	UFF_1	byte_exact	-	byte_exact	-	2.50	74	74
YEQBEB_comp_0	success	UFF_1	byte_exact	-	byte_exact	-	24.02	140	140
YEQJEM_comp_0	success	UFF_1	byte_exact	-	byte_exact	-	2.50	93	93
YERFOR_comp_0	success	UFF_1	byte_exact	-	byte_exact	-	3.31	52	52
YERFOR_comp_2	success	UFF_1	byte_exact	-	byte_exact	-	2.52	52	52
YERFUX_comp_0	success	UFF_1	byte_exact	-	byte_exact	-	1.64	68	68
YERXUR_comp_0	success	UFF_1	byte_exact	-	byte_exact	-	17.38	116	116
YEVGOY_comp_0	success	UFF_1	byte_exact	-	byte_exact	-	5.24	86	86
YEVWUS_comp_0	success	UFF_1	byte_exact	-	byte_exact	-	3.28	97	97
YEWKER_comp_0	success	UFF_1	byte_exact	-	byte_exact	-	5.89	92	92
YEWVUT_comp_0	success	UFF_1	byte_exact	-	byte_exact	-	3.35	62	62
YEXLIZ_comp_0	success	UFF_1	byte_exact	-	byte_exact	-	1.38	88	88
YEXMUM_comp_0	success	UFF_1	byte_exact	-	byte_exact	-	4.58	106	106
YEXNUN_comp_0	success	UFF_1	byte_exact	-	byte_exact	-	3.93	72	72
YEYVAB_comp_0	success	UFF_1	structural	-	byte_exact	-	56.35	117	104
YIBKEA_comp_0	success	UFF_1	byte_exact	-	byte_exact	-	3.38	72	72
YIBKOK_comp_0	success	UFF_1	byte_exact	-	byte_exact	-	4.94	88	88
YICXEO_comp_0	success	UFF_1	key_equal	rdkit_canonical	byte_exact	-	36.03	94	85
YIDCOE_comp_0	success	UFF_1	byte_exact	-	byte_exact	-	3.09	88	88
YIDFEZ_comp_0	failed	-	hard_fail	-	hard_fail	-	300.18	122	0
YIDGAW_comp_0	success	UFF_1	byte_exact	-	byte_exact	-	2.81	75	75
YIDGOI_comp_0	success	UFF_1	byte_exact	-	byte_exact	-	8.97	104	104
YIDKEE_comp_0	success	UFF_1	byte_exact	-	byte_exact	-	5.85	117	117
YIDLOP_comp_0	success	UFF_1	byte_exact	-	byte_exact	-	1.27	50	50
YIDQIN_comp_0	success	UFF_1	byte_exact	-	byte_exact	-	3.45	80	80
YIHCAU_comp_0	success	UFF_1	byte_exact	-	byte_exact	-	8.88	106	106
YIJLEI_comp_0	success	UFF_1	byte_exact	-	byte_exact	-	4.10	73	73
YIJVIZ_comp_0	success	UFF_1	byte_exact	-	byte_exact	-	2.90	60	60
YIKJUY_comp_0	success	UFF_1	byte_exact	-	byte_exact	-	4.95	103	103
YIKLEM_comp_0	success	UFF_1	byte_exact	-	byte_exact	-	8.75	132	132
YIKXIA_comp_0	success	UFF_1	byte_exact	-	byte_exact	-	2.32	62	62
YIKZUO_comp_0	success	UFF_1	byte_exact	-	byte_exact	-	6.30	86	86
YIMDUV_comp_0	success	UFF_1	byte_exact	-	byte_exact	-	62.55	122	122
YIMVOG_comp_0	success	UFF_1	structural	-	byte_exact	-	77.81	125	95
YINLIR_comp_0	success	UFF_1	byte_exact	-	byte_exact	-	3.53	76	76
YINLOX_comp_0	success	UFF_1	byte_exact	-	byte_exact	-	3.00	104	104
YIPPUJ_comp_0	success	UFF_1	byte_exact	-	byte_exact	-	4.83	104	104
YIQSUO_comp_0	success	UFF_1	byte_exact	-	byte_exact	-	6.97	83	83
YIQVOJ_comp_0	failed	-	hard_fail	-	hard_fail	-	300.38	114	0
YIQXAX_comp_0	success	UFF_1	byte_exact	-	byte_exact	-	4.67	101	101
YIRZAD_comp_0	success	UFF_1	byte_exact	-	byte_exact	-	5.34	107	107
YIRZEH_comp_0	success	UFF_1	byte_exact	-	byte_exact	-	3.96	115	115
YISVOM_comp_0	success	UFF_1	byte_exact	-	byte_exact	-	3.71	109	109
YIVFOY_comp_0	success	UFF_1	key_equal	slot_renumber	key_equal	slot_renumber	7.41	85	85
YIVGOC_comp_0	success	UFF_1	byte_exact	-	byte_exact	-	17.20	126	126
YIVLAQ_comp_0	failed	-	hard_fail	-	hard_fail	-	138.91	196	0
YIVWAC_comp_0	success	UFF_1	byte_exact	-	byte_exact	-	3.16	47	47
YIVYAG_comp_0	success	UFF_1	byte_exact	-	byte_exact	-	4.81	158	158
YIWBUC_comp_1	success	UFF_1	byte_exact	-	byte_exact	-	12.40	106	106
YIXKIA_comp_0	success	UFF_1	byte_exact	-	byte_exact	-	8.36	104	104
YIYDAM_comp_0	success	UFF_1	byte_exact	-	byte_exact	-	2.36	65	65
YIYVUZ_comp_0	success	UFF_1	byte_exact	-	byte_exact	-	9.26	68	68
YIYWAG_comp_0	success	UFF_1	byte_exact	-	byte_exact	-	7.05	73	73
YOBGON_comp_0	success	UFF_1	byte_exact	-	byte_exact	-	2.68	101	101
YOBKOR_comp_0	success	UFF_1	byte_exact	-	byte_exact	-	7.43	99	99
YOBMOU_comp_0	success	UFF_1	byte_exact	-	byte_exact	-	14.20	66	66
YOBTAL_comp_0	success	UFF_1	key_equal	rdkit_canonical	byte_exact	-	9.31	96	87
YOBZIZ_comp_0	success	UFF_1	byte_exact	-	byte_exact	-	12.68	77	77
YOCHIK_comp_0	success	UFF_1	byte_exact	-	byte_exact	-	3.51	82	82
YOGBEC_comp_0	success	UFF_1	byte_exact	-	byte_exact	-	1.47	52	52
YOGSUJ_comp_0	success	UFF_1	byte_exact	-	byte_exact	-	2.36	82	82
YOGTAQ_comp_0	success	UFF_1	byte_exact	-	byte_exact	-	5.91	82	82
YOGTIY_comp_0	success	UFF_1	byte_exact	-	byte_exact	-	1.95	80	80
YOGTOE_comp_1	success	UFF_1	byte_exact	-	byte_exact	-	5.38	100	100
YOHZIF_comp_0	success	UFF_1	key_equal	slot_renumber	key_equal	slot_renumber	10.24	113	113
YOJXIF_comp_0	success	UFF_1	byte_exact	-	byte_exact	-	2.27	104	104
YOJXUR_comp_0	success	UFF_1	byte_exact	-	byte_exact	-	2.81	80	80
YOJYIG_comp_0	success	UFF_1	byte_exact	-	byte_exact	-	13.56	132	132
YOJYOM_comp_0	success	UFF_1	byte_exact	-	byte_exact	-	6.02	140	140
YOKMUH_comp_0	success	UFF_1	byte_exact	-	byte_exact	-	6.94	105	105
YOLCAE_comp_1	success	UFF_1	byte_exact	-	byte_exact	-	3.31	66	66
YOLDAG_comp_0	success	UFF_1	byte_exact	-	byte_exact	-	8.64	89	89
YOLHOX_comp_0	failed	-	hard_fail	-	hard_fail	-	127.32	115	0
YOLRIB_comp_0	success	UFF_1	byte_exact	-	byte_exact	-	4.61	80	80
YOMDAH_comp_0	success	UFF_1	byte_exact	-	byte_exact	-	4.13	106	106
YOMPUL_comp_0	success	UFF_1	key_equal	slot_renumber	key_equal	slot_renumber	10.30	82	82
YONNOF_comp_0	success	UFF_1	byte_exact	-	byte_exact	-	3.40	78	78
YOPJIW_comp_0	success	UFF_1	byte_exact	-	byte_exact	-	2.00	112	112
YOPPEA_comp_0	success	UFF_1	structural	-	byte_exact	-	11.04	81	80
YOQBUD_comp_0	success	UFF_1	byte_exact	-	byte_exact	-	5.83	75	75
YOQLEY_comp_0	failed	-	hard_fail	-	hard_fail	-	300.33	105	0
YOQMAT_comp_0	failed	-	hard_fail	-	hard_fail	-	300.29	96	0
YOQWEJ_comp_0	success	UFF_1	byte_exact	-	byte_exact	-	3.63	66	66
YORRUT_comp_0	success	UFF_1	byte_exact	-	byte_exact	-	7.38	127	127
YORTOQ_comp_0	success	UFF_1	byte_exact	-	byte_exact	-	2.35	73	73
YOSYEM_comp_0	failed	-	hard_fail	-	hard_fail	-	326.19	98	99
YOVXOY_comp_0	success	UFF_1	byte_exact	-	byte_exact	-	4.63	74	74
YOWBUI_comp_0	success	UFF_1	structural	-	byte_exact	-	16.52	72	58
YOXFIB_comp_0	success	UFF_1	byte_exact	-	byte_exact	-	2.63	64	64
YOXFUN_comp_0	success	UFF_1	byte_exact	-	byte_exact	-	3.09	89	89
YOXGEY_comp_0	success	UFF_1	byte_exact	-	byte_exact	-	5.28	81	81
YOZFEZ_comp_0	success	UFF_1	byte_exact	-	byte_exact	-	6.07	82	82
YOZNEH_comp_0	success	UFF_1	byte_exact	-	byte_exact	-	4.17	52	52
YOZVIT_comp_0	success	UFF_1	key_equal	slot_renumber	key_equal	slot_renumber	4.23	80	80
YOZVOZ_comp_0	success	UFF_1	key_equal	slot_renumber	key_equal	slot_renumber	5.14	88	88
YUCBAB_comp_0	success	UFF_1	byte_exact	-	byte_exact	-	5.97	146	146
YUCLEP_comp_0	success	UFF_1	byte_exact	-	byte_exact	-	1.84	71	71
YUDPET_comp_0	success	UFF_1	byte_exact	-	byte_exact	-	10.31	111	111
YUDWAW_comp_0	success	UFF_1	structural	-	byte_exact	-	49.69	82	86
YUGMET_comp_0	success	UFF_1	byte_exact	-	byte_exact	-	3.36	71	71
YUHNOF_comp_0	success	UFF_1	byte_exact	-	byte_exact	-	3.38	86	86
YUHWAB_comp_0	success	UFF_1	byte_exact	-	byte_exact	-	5.68	122	122
YUJDOX_comp_0	success	UFF_1	byte_exact	-	byte_exact	-	1.91	69	69
YUKKOE_comp_0	success	UFF_1	byte_exact	-	byte_exact	-	8.03	92	92
YULTAC_comp_0	success	UFF_1	byte_exact	-	byte_exact	-	4.05	78	78
YUMTIK_comp_0	success	UFF_1	byte_exact	-	byte_exact	-	9.84	104	104
YURCEV_comp_0	success	UFF_1	structural	-	key_equal	slot_renumber	14.29	95	93
YUSBOE_comp_0	success	UFF_1	key_equal	slot_renumber	key_equal	slot_renumber	5.15	85	85
YUSLEF_comp_0	success	UFF_1	facmer_divergent	-	byte_exact	-	8.66	96	96
YUSLOP_comp_0	success	UFF_1	byte_exact	-	byte_exact	-	8.88	84	84
YUTPAF_comp_0	success	UFF_1	byte_exact	-	byte_exact	-	6.80	95	95
YUVPUC_comp_0	success	UFF_1	byte_exact	-	byte_exact	-	2.37	58	58
YUVXOE_comp_0	failed	-	hard_fail	-	hard_fail	-	300.54	113	0
YUVXUJ_comp_0	success	UFF_1	key_equal	rdkit_canonical	key_equal	rdkit_canonical	9.14	95	95
YUXREP_comp_0	success	UFF_1	byte_exact	-	byte_exact	-	99.17	141	141
YUXZOI_comp_0	failed	-	hard_fail	-	hard_fail	-	357.79	139	135
YUXZUN_comp_0	success	UFF_1	byte_exact	-	byte_exact	-	3.27	72	72
YUYBAX_comp_0	success	UFF_1	byte_exact	-	byte_exact	-	5.13	132	132
YUYBEB_comp_0	success	UFF_1	byte_exact	-	byte_exact	-	6.35	133	133
YUYDOM_comp_0	success	UFF_1	byte_exact	-	byte_exact	-	13.85	156	156
YUYSES_comp_0	success	UFF_1	structural	-	byte_exact	-	57.20	104	69
YUYZUP_comp_0	success	UFF_1	key_equal	slot_renumber	key_equal	slot_renumber	16.57	89	89
ZABVIK_comp_0	success	UFF_1	byte_exact	-	byte_exact	-	2.91	65	65
ZADBEO_comp_0	success	UFF_1	byte_exact	-	byte_exact	-	5.86	97	97
ZAGXIR_comp_0	success	UFF_1	byte_exact	-	byte_exact	-	15.94	92	92
ZAKFID_comp_0	success	UFF_1	byte_exact	-	byte_exact	-	2.22	96	96
ZALNEI_comp_1	success	UFF_1	byte_exact	-	byte_exact	-	12.86	101	101
ZALSAJ_comp_0	success	UFF_1	byte_exact	-	key_equal	rdkit_canonical	115.87	115	115
ZARKIP_comp_0	success	UFF_1	byte_exact	-	byte_exact	-	10.76	81	81
ZASYUQ_comp_0	success	UFF_1	key_equal	slot_renumber	key_equal	slot_renumber	9.06	91	91
ZATDAC_comp_0	success	UFF_1	byte_exact	-	byte_exact	-	1.42	50	50
ZATNOZ_comp_0	success	UFF_1	structural	-	key_equal	slot_renumber	15.35	99	105
ZAVHOW_comp_0	success	UFF_1	byte_exact	-	byte_exact	-	14.18	100	100
ZAVTUO_comp_0	success	UFF_1	byte_exact	-	byte_exact	-	12.56	99	99
ZAWMAO_comp_0	success	UFF_1	byte_exact	-	byte_exact	-	6.69	84	84
ZAYDIO_comp_0	success	UFF_1	byte_exact	-	byte_exact	-	3.89	70	70
ZAYNEU_comp_0	failed	-	hard_fail	-	hard_fail	-	300.05	145	0
ZAYWOO_comp_0	success	UFF_1	byte_exact	-	byte_exact	-	7.25	137	137
ZAZRIE_comp_0	success	UFF_1	byte_exact	-	byte_exact	-	28.41	121	121
ZAZYEE_comp_0	success	UFF_1	byte_exact	-	byte_exact	-	5.67	70	70
ZEDXEL_comp_0	success	UFF_1	byte_exact	-	byte_exact	-	10.47	180	180
ZEFMEF_comp_0	success	UFF_1	byte_exact	-	byte_exact	-	2.37	61	61
ZEFWUF_comp_0	success	UFF_1	byte_exact	-	byte_exact	-	8.47	106	106
ZEGYEP_comp_0	success	UFF_1	byte_exact	-	byte_exact	-	1.57	82	82
ZEGZUG_comp_0	success	UFF_1	byte_exact	-	key_equal	rdkit_canonical	4.03	67	67
ZEHBOF_comp_0	success	UFF_1	byte_exact	-	byte_exact	-	10.05	82	82
ZEHCAS_comp_0	success	UFF_1	byte_exact	-	byte_exact	-	5.41	86	86
ZEHQOU_comp_0	failed	-	encode_fail	-	encode_fail	-	300.51	0	0
ZEHZOE_comp_0	success	UFF_1	byte_exact	-	byte_exact	-	3.48	69	69
ZEJQEN_comp_0	success	UFF_1	byte_exact	-	byte_exact	-	2.71	95	95
ZEJQUC_comp_0	success	UFF_1	byte_exact	-	byte_exact	-	5.67	114	114
ZEKKIL_comp_0	failed	-	hard_fail	-	hard_fail	-	335.63	103	104
ZELDUR_comp_0	success	UFF_1	byte_exact	-	byte_exact	-	4.62	106	106
ZELKUY_comp_0	success	UFF_1	structural	-	key_equal	slot_renumber	130.04	117	86
ZENNIS_comp_0	success	UFF_1	byte_exact	-	byte_exact	-	10.39	67	67
ZENZAW_comp_1	failed	-	hard_fail	-	hard_fail	-	320.48	123	124
ZEPLEO_comp_0	success	UFF_1	byte_exact	-	byte_exact	-	3.21	70	70
ZEPPAO_comp_0	failed	-	hard_fail	-	hard_fail	-	300.39	130	0
ZEPRAQ_comp_0	success	UFF_1	byte_exact	-	byte_exact	-	5.70	82	82
ZEQKEO_comp_0	success	UFF_1	byte_exact	-	byte_exact	-	5.23	94	94
ZEQQAQ_comp_0	success	UFF_1	byte_exact	-	byte_exact	-	17.00	99	99
ZESBOQ_comp_0	success	UFF_1	byte_exact	-	byte_exact	-	3.93	106	106
ZESCEI_comp_0	failed	-	hard_fail	-	hard_fail	-	344.70	137	137
ZEVMUL_comp_1	success	UFF_1	byte_exact	-	byte_exact	-	5.41	84	84
ZEVPUN_comp_0	success	UFF_1	byte_exact	-	byte_exact	-	7.24	130	130
ZEWGOZ_comp_0	success	UFF_1	byte_exact	-	byte_exact	-	7.48	73	73
ZEWGUF_comp_0	success	UFF_1	byte_exact	-	byte_exact	-	4.00	72	72
ZEWTIE_comp_0	success	UFF_1	byte_exact	-	byte_exact	-	6.45	148	148
ZEXMEX_comp_0	success	UFF_1	byte_exact	-	byte_exact	-	6.29	89	89
ZEYFAN_comp_0	success	UFF_1	byte_exact	-	byte_exact	-	26.59	101	101
ZEYHIX_comp_0	success	UFF_1	byte_exact	-	byte_exact	-	21.52	102	102
ZEYSOO_comp_1	success	UFF_1	byte_exact	-	byte_exact	-	7.37	75	75
ZEZLEX_comp_0	success	UFF_1	structural	-	byte_exact	-	51.16	136	137
ZIBJOM_comp_0	success	UFF_1	key_equal	slot_renumber	key_equal	slot_renumber	27.18	86	86
ZIBZUI_comp_0	success	UFF_1	byte_exact	-	byte_exact	-	3.29	114	114
ZIDQAG_comp_0	success	UFF_1	byte_exact	-	byte_exact	-	5.18	89	89
ZIDQEK_comp_0	success	UFF_1	byte_exact	-	byte_exact	-	4.05	66	66
ZIDWOY_comp_0	success	UFF_1	byte_exact	-	byte_exact	-	10.65	146	146
ZIDZAP_comp_0	success	UFF_1	byte_exact	-	byte_exact	-	5.91	131	131
ZIHNAH_comp_0	success	UFF_1	byte_exact	-	byte_exact	-	1.85	50	50
ZIHNIP_comp_0	success	UFF_1	byte_exact	-	byte_exact	-	2.46	82	82
ZIHNUB_comp_0	success	UFF_1	byte_exact	-	byte_exact	-	3.87	66	66
ZIHPUD_comp_0	success	UFF_1	byte_exact	-	byte_exact	-	5.01	80	80
ZIKXOI_comp_1	success	UFF_1	byte_exact	-	byte_exact	-	12.14	103	103
ZIKYAV_comp_0	success	UFF_1	byte_exact	-	byte_exact	-	10.95	102	102
ZIKYOJ_comp_0	success	UFF_1	byte_exact	-	byte_exact	-	4.38	100	100
ZILRIX_comp_0	success	UFF_1	byte_exact	-	byte_exact	-	39.24	140	140
ZINGUB_comp_0	success	UFF_1	byte_exact	-	byte_exact	-	15.24	91	91
ZINHOW_comp_0	success	UFF_1	byte_exact	-	byte_exact	-	15.47	78	78
ZIPFOV_comp_0	failed	-	byte_exact	-	structural	-	334.64	97	97
ZIPHIR_comp_0	success	UFF_1	key_equal	slot_renumber	byte_exact	-	5.83	94	94
ZIQLOD_comp_0	failed	-	hard_fail	-	hard_fail	-	334.50	146	144
ZIRNUL_comp_0	success	UFF_1	key_equal	slot_renumber	key_equal	slot_renumber	6.02	77	77
ZISKUJ_comp_0	failed	-	hard_fail	-	hard_fail	-	333.89	174	152
ZITGUH_comp_0	success	UFF_1	byte_exact	-	byte_exact	-	11.26	88	88
ZITLOG_comp_0	success	UFF_1	key_equal	slot_renumber	key_equal	slot_renumber	33.09	108	108
ZITLUJ_comp_0	success	UFF_1	key_equal	rdkit_canonical	key_equal	rdkit_canonical	45.04	121	121
ZITSIE_comp_0	success	UFF_1	byte_exact	-	byte_exact	-	44.67	130	130
ZIWBIT_comp_0	success	UFF_1	byte_exact	-	byte_exact	-	4.49	99	99
ZIWCIU_comp_0	success	UFF_1	byte_exact	-	byte_exact	-	3.47	92	92
ZIYJID_comp_0	success	UFF_1	byte_exact	-	byte_exact	-	90.13	109	109
ZIZGAT_comp_0	success	UFF_1	byte_exact	-	byte_exact	-	3.57	102	102
ZIZGEX_comp_0	success	UFF_1	byte_exact	-	byte_exact	-	2.63	74	74
ZIZHOI_comp_0	success	UFF_1	byte_exact	-	byte_exact	-	2.03	74	74
ZIZLAY_comp_0	success	UFF_1	byte_exact	-	byte_exact	-	4.95	101	101
ZOCLAG_comp_0	success	UFF_1	byte_exact	-	byte_exact	-	3.48	88	88
ZOCYIC_comp_0	failed	-	hard_fail	-	hard_fail	-	300.37	145	0
ZOCZAU_comp_0	success	UFF_1	byte_exact	-	byte_exact	-	4.60	63	63
ZODBUP_comp_0	success	UFF_1	byte_exact	-	byte_exact	-	76.84	119	119
ZOGLIS_comp_0	success	UFF_1	byte_exact	-	byte_exact	-	3.43	101	101
ZOGQIV_comp_0	success	UFF_1	byte_exact	-	byte_exact	-	14.99	102	102
ZOGXEA_comp_0	success	UFF_1	byte_exact	-	byte_exact	-	4.41	99	99
ZOGXIF_comp_0	success	UFF_1	structural	-	byte_exact	-	27.36	93	86
ZOGYOM_comp_1	success	UFF_1	byte_exact	-	byte_exact	-	2.47	102	102
ZOHGOV_comp_0	success	g-xTB_1	byte_exact	-	byte_exact	-	180.22	66	66
ZOHRAR_comp_1	success	UFF_1	byte_exact	-	byte_exact	-	22.67	136	136
ZOJREV_comp_0	success	UFF_1	byte_exact	-	byte_exact	-	2.70	92	92
ZOJROF_comp_0	success	UFF_1	byte_exact	-	byte_exact	-	3.05	77	77
ZOLGUE_comp_0	success	UFF_1	byte_exact	-	byte_exact	-	5.64	87	87
ZOLHAL_comp_0	success	UFF_1	byte_exact	-	byte_exact	-	7.50	88	88
ZOLPIB_comp_0	success	UFF_1	byte_exact	-	byte_exact	-	24.89	99	99
ZOLXOP_comp_0	failed	-	hard_fail	-	hard_fail	-	0.95	96	0
ZOMGEN_comp_0	success	UFF_1	byte_exact	-	byte_exact	-	1.81	44	44
ZOMJUI_comp_0	success	UFF_1	byte_exact	-	byte_exact	-	8.30	99	99
ZOMPUO_comp_0	success	UFF_1	byte_exact	-	byte_exact	-	16.13	113	113
ZONJIX_comp_0	success	UFF_1	byte_exact	-	byte_exact	-	2.16	72	72
ZONTAX_comp_0	success	UFF_1	byte_exact	-	byte_exact	-	6.75	95	95
ZONVEF_comp_0	success	UFF_1	byte_exact	-	byte_exact	-	4.00	77	77
ZOPRIH_comp_0	success	UFF_1	byte_exact	-	byte_exact	-	3.93	81	81
ZOPWUY_comp_0	success	UFF_1	byte_exact	-	byte_exact	-	3.50	71	71
ZOPYAG_comp_0	success	UFF_1	byte_exact	-	byte_exact	-	6.11	66	66
ZORWEK_comp_0	success	UFF_1	byte_exact	-	byte_exact	-	3.73	77	77
ZOSKOK_comp_0	success	UFF_1	key_equal	slot_renumber	key_equal	slot_renumber	12.78	144	144
ZOSSOS_comp_0	success	UFF_1	byte_exact	-	byte_exact	-	1.65	70	70
ZOSYEN_comp_0	success	UFF_1	key_equal	rdkit_canonical	key_equal	slot_renumber	38.53	118	112
ZOTXEO_comp_0	success	UFF_1	byte_exact	-	byte_exact	-	4.11	91	91
ZOTZUF_comp_0	success	UFF_1	structural	-	byte_exact	-	89.73	121	93
ZOVDOF_comp_0	success	UFF_1	structural	-	byte_exact	-	16.32	86	49
ZOVKEC_comp_0	success	UFF_1	structural	-	byte_exact	-	35.15	89	76
ZOVXAL_comp_1	success	UFF_1	byte_exact	-	byte_exact	-	1.63	53	53
ZOYYAP_comp_0	success	UFF_1	byte_exact	-	byte_exact	-	5.15	65	65
ZOYYUJ_comp_0	failed	-	structural	-	structural	-	337.43	86	87
ZUCKOZ_comp_1	success	UFF_1	structural	-	byte_exact	-	93.43	130	111
ZUDNET_comp_0	success	UFF_1	byte_exact	-	byte_exact	-	10.98	91	91
ZUFZUX_comp_0	success	UFF_1	structural	-	byte_exact	-	99.05	110	91
ZUGBUA_comp_0	success	UFF_1	structural	-	byte_exact	-	59.65	117	98
ZUGCAH_comp_0	success	UFF_1	structural	-	byte_exact	-	126.62	133	117
ZUGCUB_comp_2	success	UFF_1	byte_exact	-	byte_exact	-	12.60	176	176
ZUGKOD_comp_0	success	UFF_1	byte_exact	-	byte_exact	-	3.57	81	81
ZUGPUO_comp_0	success	UFF_1	byte_exact	-	byte_exact	-	2.26	66	66
ZUJBIP_comp_0	success	UFF_1	structural	-	key_equal	slot_renumber	97.80	118	134
ZUJXAD_comp_0	success	UFF_1	byte_exact	-	byte_exact	-	3.79	107	107
ZUSSAH_comp_0	success	UFF_1	key_equal	slot_renumber	key_equal	slot_renumber	2.72	85	85
ZUTVUH_comp_0	success	UFF_1	byte_exact	-	byte_exact	-	8.54	85	85
ZUXCEA_comp_0	success	UFF_1	byte_exact	-	byte_exact	-	9.25	116	116
ZUYVEU_comp_0	success	UFF_1	structural	-	byte_exact	-	175.09	157	117
ZUZNAL_comp_0	success	UFF_1	byte_exact	-	byte_exact	-	6.24	122	122
